pdf_name,pdf_url,source_page,local_pdf_path,local_txt_path,pages_count,first_page_text,release_date,title,period,total_sales_units
RUS Car Sales in March+Q1.pdf,https://aebrus.ru/upload/iblock/16e/RUS-Car-Sales-in-March_Q1.pdf,https://aebrus.ru/ru/media/press-releases/sales-of-cars-and-light-commercial-vehicles.php?SHOWALL_1=0#search,aeb_rus_sales_data\pdf\RUS-Car-Sales-in-March_Q1.pdf,aeb_rus_sales_data\text\RUS-Car-Sales-in-March_Q1.txt,2,"AEБ Спонсоры 2026 B1 • Bank Credit Suisse • Colgate-Palmolive • Credit Europe Bank • GROUPE SEB-VOSTOK • ING • Kept • Lemana PRO • MB RUS • Merck • METRO Cash&Carry • Oriflame • Procter & Gamble • Raiffeisenbank • SOGAZ Insurance Group • TotalEnergies EP Russie • Zetta Life Ассоциация европейского бизнеса 127055 Москва, Бутырский вал, 68/70, стр.1, офис 63, 6 этаж Тел.: +7 (495) 234 27 64 E-mail: info@aebrus.ru Telegram: t.me/aeb_news Сайт: www.aebrus.ru Пресс-релиз 3 апреля 2026 Автомобильный рынок в марте вырос на 22,9%* и на 0,3% в первом квартале 2026 года По данным Комитета автопроизводителей АЕБ общие продажи новых легковых и легких коммерческих автомобилей в марте 2026 года составили 100 933 штуки. По данным ППК** продажи новых автомобилей в марте составили 102 077 штук, что на 22,9% больше, чем в марте 2025 г. По итогам первого квартала 2026 г. продажи, по сравнению с продажами того же периода 2025 г., увеличились на 0,3% и составили 254 867 автомобилей. Комментирует председатель Комитета автопроизводителей Алексей Калицев: «Март продемонстрировал активный рост по сравнению с первыми двумя месяцами года. Однако первый квартал охарактеризовался небольшим увеличением объема продаж новых автомобилей и легкой коммерческой техники. Мы наблюдаем рост рынка на фоне активизации отложенного спроса и новостей об увеличении утилизационного сбора на автомобили, ввозимые через страны ЕАЭС. Несмотря на это, рынок продолжает находиться под влиянием глобальных внешних факторов и высокой финансовой нагрузки. На основании существующих тенденций говорить о каком-либо развороте рынка пока преждевременно. Мы продолжим следить за его развитием и мерами регулятора, способными повлиять на будущий уровень спроса». Примечания: *Новые автомобили возрастом до 1 года. **По информации, предоставленной АО «ППК», о продажах новых транспортных средств на основе данных об их передаче владельцам (analytics@passport-ic.ru). Контакты: Виталина Шерлыгина, специалист Комитета автопроизводителей АЕБ, vitalina.sherlygina@aebrus.ru, тел. +7 (495) 234 27 64 Юлия Щеглова, менеджер проектов по исследованию рынка и статистики АЕБ, yuliya.sheglova@aebrus.ru, тел. +7 (495) 234 27 64 АО «ППК»: analytics@passport-ic.ru, тел. +7 (499) 757 71 76 Приложения: Структура рынка новых легковых и легких коммерческих автомобилей в России за Январь-Март 2026",2026-04-03,"Автомобильный рынок в марте вырос на 22,9%* и на 0,3% в первом квартале 2026 года",в первом квартале 2026,100933.0
RUS Car Sales in February 2026.pdf,https://aebrus.ru/upload/iblock/3af/RUS-Car-Sales-in-February-2026.pdf,https://aebrus.ru/ru/media/press-releases/sales-of-cars-and-light-commercial-vehicles.php?SHOWALL_1=0#search,aeb_rus_sales_data\pdf\RUS-Car-Sales-in-February-2026.pdf,aeb_rus_sales_data\text\RUS-Car-Sales-in-February-2026.txt,1,"AEБ Спонсоры 2026 B1 • Bank Credit Suisse • Colgate-Palmolive • Credit Europe Bank • GROUPE SEB-VOSTOK • ING • Kept • Lemana PRO • MB RUS • Merck • METRO Cash&Carry • Oriflame • Procter & Gamble • Raiffeisenbank • SOGAZ Insurance Group • TotalEnergies EP Russie • Zetta Life Ассоциация европейского бизнеса 127055 Москва, Бутырский вал, 68/70, стр.1, офис 63, 6 этаж Тел.: +7 (495) 234 27 64 E-mail: info@aebrus.ru Telegram: t.me/aeb_news Сайт: www.aebrus.ru Пресс-релиз 4 марта 2026 Автомобильный рынок в феврале 2026 года сократился на 6%* По данным Комитета автопроизводителей АЕБ общие продажи новых легковых и легких коммерческих автомобилей в феврале 2026 года составили 75 472 штуки, что на 6% меньше продаж февраля прошлого года. По данным от ППК* – объем рынка в феврале 2026 года составил 77 163 штуки, что меньше продаж февраля прошлого года на 4%. Комментирует председатель Комитета автопроизводителей, Алексей Калицев: «В феврале рынок продаж новых легковых и легких коммерческих автомобилей сократился на 6% по сравнению с аналогичным периодом прошлого года. Мы видим наихудший результат за последние 10 лет, если не учитывать февраль 2023 года. Однако, если сравнить февраль с январем текущего года, то объем продаж примерно одинаковый, что может говорить о стагнации рынка. Ожидание изменений исчисления утилизационного сбора на автомобили, ввезенные из стран ЕАЭС, вступление в силу ""закона о локализации такси"" мало повлияли на рынок и не смогли подстегнуть его, хотя еще возможно проявление влияния этих факторов в марте. Очевидно, что уже действующие и новые регуляторные инициативы и меры поддержки оставляют минимум возможностей для импортеров автомобилей, и в ближайшей перспективе в среднем ценовом сегменте успех на российском рынке ждет скорее всего только высоколокализованных производителей. Без существенного расширения мер государственной поддержки отрасли, включения большего числа моделей в список для такси и различных мер стимулирования спроса, разворот рынка в сторону позитива представляется затруднительным.» Примечания: *Новые автомобили возрастом до 1 года. **По информации, предоставленной АО «ППК», о продажах новых транспортных средств на основе данных об их передаче владельцам (analytics@passport-ic.ru). Контакты: Ольга Зуева, координатор Комитета автопроизводителей АЕБ, olga.zueva@aebrus.ru, тел. +7 (495) 234 27 64 (123) Юлия Щеглова, менеджер проектов по исследованию рынка и статистики АЕБ, yuliya.sheglova@aebrus.ru, тел. +7 (495) 234 27 64 АО «ППК»: analytics@passport-ic.ru, тел. +7 (499) 757 71 76",2026-03-04,Автомобильный рынок в феврале 2026 года сократился на 6%*,в феврале 2026,75472.0
RUS Car Sales in January 2026.pdf,https://aebrus.ru/upload/iblock/b65/RUS-Car-Sales-in-January-2026.pdf,https://aebrus.ru/ru/media/press-releases/sales-of-cars-and-light-commercial-vehicles.php?SHOWALL_1=0#search,aeb_rus_sales_data\pdf\RUS-Car-Sales-in-January-2026.pdf,aeb_rus_sales_data\text\RUS-Car-Sales-in-January-2026.txt,1,"AEБ Спонсоры 2026 B1 • Bank Credit Suisse • Colgate-Palmolive • Credit Europe Bank • GROUPE SEB-VOSTOK • ING • Kept • Lemana PRO • MB RUS • Merck • METRO Cash&Carry • Oriflame • Procter & Gamble • Raiffeisenbank • SOGAZ Insurance Group • TotalEnergies EP Russie • Zetta Life Ассоциация европейского бизнеса 127055 Москва, Бутырский вал, 68/70, стр.1, офис 63, 6 этаж Тел.: +7 (495) 234 27 64 E-mail: info@aebrus.ru Telegram: t.me/aeb_news Сайт: www.aebrus.ru Пресс-релиз 4 февраля 2026 Автомобильный рынок в январе 2026 года сократился на 16%* По данным Комитета автопроизводителей АЕБ общие продажи новых легковых и легких коммерческих автомобилей в январе 2026 года составили 76 042 штуки. По данным от ППК** объем рынка в январе составил 75 632 штуки, что меньше продаж января прошлого года на 16%. Комментирует председатель Комитета автопроизводителей, Алексей Калицев: «Рынок продаж новых автомобилей и легкого коммерческого транспорта, подчиняясь законам рынка, давно утратил свою непредсказуемость. То, что в январе его ожидает сокращение, было очевидно для всех участников, вопрос был только насколько. Снижение на 16% - результат введения ранее принятых мер. После повышения утилизационного сбора в декабре и в январе, повышения НДС, а также введение нового регулирования импорта в Китае можно ожидать, что ввоз новых автомобилей в ближайшее время будет уменьшаться, а покупателям будут предложены ранее ввезенные автомобили и автомобили российского производства. К сожалению, стоимость на них в дилерских центрах продолжает расти. Учитывая все вышесказанное, вынуждены признать, что негативная тенденция сохранится. Для ее коррекции потребуется поддержка со стороны государства дополнительно к уже существующим программам. » Примечания: *Новые автомобили возрастом до 1 года. **По информации, предоставленной АО «ППК», о продажах новых транспортных средств на основе данных об их передаче владельцам (analytics@passport-ic.ru). Контакты: Ольга Зуева, координатор Комитета автопроизводителей АЕБ, olga.zueva@aebrus.ru, тел. +7 (495) 234 27 64 (123) Юлия Щеглова, менеджер проектов по исследованию рынка и статистики АЕБ, yuliya.sheglova@aebrus.ru, тел. +7 (495) 234 27 64 АО «ППК»: analytics@passport-ic.ru, тел. +7 (499) 757 71 76",2026-02-04,Автомобильный рынок в январе 2026 года сократился на 16%*,в январе 2026,76042.0
RUS Car Sales in December and YE2025.pdf,https://aebrus.ru/upload/iblock/efe/RUS-Car-Sales-in-December-and-YE2025.pdf,https://aebrus.ru/ru/media/press-releases/sales-of-cars-and-light-commercial-vehicles.php?SHOWALL_1=0#search,aeb_rus_sales_data\pdf\RUS-Car-Sales-in-December-and-YE2025.pdf,aeb_rus_sales_data\text\RUS-Car-Sales-in-December-and-YE2025.txt,2,"AEБ Спонсоры 2026 B1 • Bank Credit Suisse • Colgate-Palmolive • Credit Europe Bank • GROUPE SEB-VOSTOK • ING • Kept • Lemana PRO • MB RUS • Merck • METRO Cash&Carry • Oriflame • Procter & Gamble • Raiffeisenbank • SOGAZ Insurance Group • TotalEnergies EP Russie • Zetta Life Ассоциация европейского бизнеса 127055 Москва, Бутырский вал, 68/70, стр.1, офис 63, 6 этаж Тел.: +7 (495) 234 27 64 E-mail: info@aebrus.ru Telegram: t.me/aeb_news Сайт: www.aebrus.ru Пресс-релиз 13 января 2026 Автомобильный рынок в 2025 году сократился на 8,3%* По данным Комитета автопроизводителей АЕБ общие продажи новых легковых и легких коммерческих автомобилей в 2025 году составили 1 349 230 штук. При этом, с учетом альтернативных каналов поставок объем рынка составил 1 366 535 штук, продемонстрировав снижение на 17%, по информации о продажах новых транспортных средств на основе данных об их передаче владельцам, предоставленной АО «ППК» **. Согласно полученным данным в декабре 2025 г. были проданы 141 429 автомобилей, что на 5,7% выше результата аналогичного периода 2024 года. Комментирует председатель Комитета автопроизводителей Алексей Калицев: «Прошедший год закончился с отрицательным результатом. Существенное снижение рынка отражает сложную ситуацию в отрасли, которая испытывает на себе как внешнее давление в виде санкционных ограничений, так и изменения внутреннего регулирования. Очевидно, что вступившие в силу новые ставки НДС, очередное повышение утилизационного сбора, сохраняющаяся высокой ключевая ставка ЦБ будут продолжать влиять на автомобильный рынок и в ближайшем триместре мы, скорее всего, увидим отрицательную динамику в развитии продаж. В случае положительного изменения в течение года одного или нескольких факторов, таких как: геополитическая ситуация, снижение ключевой ставки, при поддержке со стороны государства текущий тренд может привести к коррекции рынка в 2026 году. С учетом вышесказанного комитет автопроизводителей в 2026 году прогнозирует объем рынка на уровне 1 400 000 проданных автомобилей, что на 2,5% превышает результаты 2025 г.» Примечания: * Без учета альтернативных каналов поставок. ** По информации, предоставленной АО «ППК», о продажах новых транспортных средств на основе данных об их передаче владельцам (analytics@passport-ic.ru). Контакты: Ольга Зуева, координатор Комитета автопроизводителей АЕБ, olga.zueva@aebrus.ru, тел. +7 (495) 234 27 64 (123) Юлия Щеглова, менеджер проектов по исследованию рынка и статистики АЕБ, yuliya.sheglova@aebrus.ru, тел. +7 (495) 234 27 64 АО «ППК»: analytics@passport-ic.ru, тел. +7 (499) 757 71 76 -------------------------------------------------------------- Приложения: Структура рынка новых легковых и легких коммерческих автомобилей в России за январь-декабрь 2025/2024",2026-01-13,"Автомобильный рынок в 2025 году сократился на 8,3%*",в 2025 году,1349230.0
Rus car sales in November 2025.pdf,https://aebrus.ru/upload/iblock/8b6/Rus-car-sales-in-November-2025.pdf,https://aebrus.ru/ru/media/press-releases/sales-of-cars-and-light-commercial-vehicles.php?SHOWALL_1=0#search,aeb_rus_sales_data\pdf\Rus-car-sales-in-November-2025.pdf,aeb_rus_sales_data\text\Rus-car-sales-in-November-2025.txt,1,"АЕБ Спонсоры 2025 B1 • Bank Credit Suisse • Colgate-Palmolive • ING • Kept • Lemana PRO • MB RUS • Merck • METRO Cash&Carry • Oriflame • Procter & Gamble • Raiffeisenbank • SOGAZ Insurance Group • TotalEnergies EP Russie • VEGAS LEX • Zetta Life Ассоциация европейского бизнеса Россия, 127055 Москва, Ул. Бутырский Вал 68/70, стр. 1 Тел.: +7 (495) 234 27 64 E-Mail: info@aebrus.ru www.aebrus.ru Пресс-релиз 4 декабря 2025 По данным Комитета автопроизводителей АЕБ общие продажи новых легковых и легких коммерческих автомобилей в ноябре 2025 года составили 129 090 штук. По данным от ППК* объем рынка в ноябре составил 132 137 штук, что сравнимо с ноябрем 2024 г. В январе-ноябре 2025 года продажи новых легковых и легких коммерческих автомобилей в России все еще отстают от показателей одиннадцати месяцев 2024 года (-19%) и составляют 1 225 103 автомобиля. * Комментирует председатель Комитета автопроизводителей, Алексей Калицев: «В ноябре ситуация на рынке продаж новых и легких коммерческих автомобилей отличалась предсказуемостью. На фоне новостей о переносе срока внеочередного повышения утилизационного сбора на декабрь, а также в ожидании его очередного увеличения в январе следующего года, участники рынка постарались максимально использовать имеющиеся у них возможности ввоза и продаж автомобилей по старым правилам. Тем не менее объем роста рынка оказался чуть ниже ожидаемого. Хотя уже абсолютно очевидно, что результаты года существенно превзойдут прогнозы и будут выше 1,3 млн., начало следующего года вызывает опасения. С учетом роста НДС, утильсбора и изменения требований ЦБ к заемщикам в части подтверждения дохода (снижение доли одобрений кредитов), утилизационного сбора и сохраняющейся высокой ключевой ставки Центрального банка будет продолжена корректировка ценовой политики компаний, что усложнит принятие решения покупателями в пользу приобретения нового автомобиля. Свой прогноз на 2026 г. мы опубликуем в начале января следующего года». Примечания: *По информации, предоставленной АО «ППК», о продажах новых транспортных средств на основе данных об их передаче владельцам (analytics@passport-ic.ru). Контакты: Ольга Зуева, координатор Комитета автопроизводителей АЕБ, olga.zueva@aebrus.ru, тел. +7 (495) 234 27 64 (123) Юлия Щеглова, менеджер проектов по исследованию рынка и статистики АЕБ, yuliya.sheglova@aebrus.ru, тел. +7 (495) 234 27 64 Елена Демичева, пресс-секретарь АЕБ, elena.demicheva@aebrus.ru, тел +7-965-216-43-62",2025-12-04,По данным Комитета автопроизводителей АЕБ общие продажи новых легковых и легких коммерческих автомобилей в ноябре 2025 года составили 129 090 штук.,в ноябре 2025,129090.0
Rus car sales in October 2025.pdf,https://aebrus.ru/upload/iblock/b93/Rus-car-sales-in-October-2025.pdf,https://aebrus.ru/ru/media/press-releases/sales-of-cars-and-light-commercial-vehicles.php?SHOWALL_1=0#search,aeb_rus_sales_data\pdf\Rus-car-sales-in-October-2025.pdf,aeb_rus_sales_data\text\Rus-car-sales-in-October-2025.txt,1,"АЕБ Спонсоры 2025 B1 • Bank Credit Suisse • Colgate-Palmolive • ING • Kept • Lemana PRO • MB RUS • Merck • METRO Cash&Carry • Oriflame • Procter & Gamble • Raiffeisenbank • SOGAZ Insurance Group • TotalEnergies EP Russie • VEGAS LEX • Zetta Life Ассоциация европейского бизнеса Россия, 127055 Москва, Ул. Бутырский Вал 68/70, стр. 1 Тел.: +7 (495) 234 27 64 E-Mail: info@aebrus.ru www.aebrus.ru Пресс-релиз 7 ноября 2025 По данным Комитета автопроизводителей АЕБ общие продажи новых легковых и легких коммерческих автомобилей в октябре 2025 года составили 167 649 штук. По данным от ППК* объем рынка в октябре составил 170 742 штуки, что на 6% ниже, чем в октябре 2024 г. В январе-октябре 2025 года продажи новых легковых и легких коммерческих автомобилей в России существенно отстают от показателей десяти месяцев 2024 года (-21%) и составляют 1 092 974 автомобилей. * Комментирует председатель Комитета автопроизводителей, Алексей Калицев: «Как и прогнозировали, на фоне ожиданий повышения утилизационного сбора автомобильный рынок в октябре 2025 года показал взрывной рост по сравнению с предыдущим месяцем (+35%). При этом он все еще не достиг уровня аналогичного периода прошлого года (-6%). Перенос даты внеочередного повышения утилизационного сбора, как и возможный рост НДС в 2026 г. вероятнее всего останутся хорошими стимулами для покупки нового автомобиля и в ноябре. Сейчас можно с высокой долей уверенности сказать, что результаты продаж новых пассажирских и легких коммерческих автомобилей в 2025 г. могут превысить ранее озвученный нами прогноз в 1.28 млн. шт., но все же окажутся ниже результатов прошлого года». Примечания: *По информации, предоставленной АО «ППК», о продажах новых транспортных средств на основе данных об их передаче владельцам (analytics@passport-ic.ru). Контакты: Ольга Зуева, координатор Комитета автопроизводителей АЕБ, olga.zueva@aebrus.ru, тел. +7 (495) 234 27 64 (123) Юлия Щеглова, менеджер проектов по исследованию рынка и статистики АЕБ, yuliya.sheglova@aebrus.ru, тел. +7 (495) 234 27 64 Елена Демичева, пресс-секретарь АЕБ, elena.demicheva@aebrus.ru, тел +7-965-216-43-62",2025-11-07,По данным Комитета автопроизводителей АЕБ общие продажи новых легковых и легких коммерческих автомобилей в октябре 2025 года составили 167 649 штук.,в октябре 2025,167649.0
RUS Car Sales in September and Q325.pdf,https://aebrus.ru/upload/iblock/61c/RUS-Car-Sales-in-September-and-Q325.pdf,https://aebrus.ru/ru/media/press-releases/sales-of-cars-and-light-commercial-vehicles.php?SHOWALL_1=0#search,aeb_rus_sales_data\pdf\RUS-Car-Sales-in-September-and-Q325.pdf,aeb_rus_sales_data\text\RUS-Car-Sales-in-September-and-Q325.txt,2,"АЕБ Спонсоры 2025 B1 • Bank Credit Suisse • Colgate-Palmolive • ING • Kept • Lemana PRO • MB RUS • Merck • METRO Cash&Carry • Oriflame • Procter & Gamble • Raiffeisenbank • SOGAZ Insurance Group • TotalEnergies EP Russie • VEGAS LEX • Zetta Life Ассоциация европейского бизнеса Россия, 127055 Москва, Ул. Бутырский Вал 68/70, стр. 1 Тел.: +7 (495) 234 27 64 E-Mail: info@aebrus.ru www.aebrus.ru Пресс-релиз 6 октября 2025 За девять месяцев 2025 года автомобильный рынок сократился на 23% *. По данным Комитета автопроизводителей АЕБ общие продажи новых легковых и легких коммерческих автомобилей в сентябре 2025 года составили 125 457 штук. По данным ППК продажи новых автомобилей в сентябре составили 126 582 шт., что на 20% меньше, чем в сентябре 2024 г. По итогам девяти месяцев 2025 г. продажи по сравнению с результатом того же периода 2024 г. сократились на 23% и составили 922 429 автомобилей. Комментирует председатель Комитета автопроизводителей Алексей Калицев: «Рынок продаж новых автомобилей в третьем квартале оказался относительно стабильным. Несмотря на завершение отпускного периода, результаты продаж сентября не показали стремительного роста, хотя активная дискуссия в прессе относительно предстоящего повышения утилизационного сбора оказала ему существенную поддержку во второй половине сентября, задав тренд потенциального роста на следующий квартал. Если говорить про предстоящий период, то состоявшееся снижение ключевой ставки, пусть даже незначительное, сказалось на росте активности во всех капиталоемких областях, включая автомобильный рынок. Это продолжит и дальше подстегивать рынок продаж в связи с предстоящим закрытием депозитов с высокими ставками, которое очевидно приведет к высвобождению средств у населения. В связи со сказанным выше мы прогнозируем умеренный рост и ожидаем, что в 2025 г. будет продано 1 280 000 пассажирских и легких коммерческих автомобилей. Тем не менее данный объем будет ниже результатов прошлого года.» Примечания: * По информации, предоставленной АО «ППК», о продажах новых транспортных средств на основе данных об их передаче владельцам (analytics@passport-ic.ru). Контакты: Ольга Зуева, координатор Комитета автопроизводителей АЕБ, olga.zueva@aebrus.ru, тел. +7 (495) 234 27 64 (123) Юлия Щеглова, менеджер проектов по исследованию рынка и статистики АЕБ, yuliya.sheglova@aebrus.ru, тел. +7 (495) 234 27 64 Елена Демичева, менеджер по связям с общественностью/пресс-секретарь АЕБ, elena.demicheva@aebrus.ru, тел +7-965-216-43-62 АО «ППК»: analytics@passport-ic.ru, тел. +7 (499) 757 71 76 -------------------------------------------------------------- Приложения: 1. Структура рынка новых легковых и легких коммерческих автомобилей в России за январь-сентябрь 2025/2024",2025-10-06,За девять месяцев 2025 года автомобильный рынок сократился на 23% *.,За девять месяцев 2025,125457.0
Rus car sales in August 2025.pdf,https://aebrus.ru/upload/iblock/9b3/Rus-car-sales-in-August-2025.pdf,https://aebrus.ru/ru/media/press-releases/sales-of-cars-and-light-commercial-vehicles.php?SHOWALL_1=0#search,aeb_rus_sales_data\pdf\Rus-car-sales-in-August-2025.pdf,aeb_rus_sales_data\text\Rus-car-sales-in-August-2025.txt,1,"АЕБ Спонсоры 2025 B1 • Bank Credit Suisse • Colgate-Palmolive • ING • Kept • Lemana PRO • MB RUS • Merck • METRO Cash&Carry • Oriflame • Procter & Gamble • Raiffeisenbank • SOGAZ Insurance Group • TotalEnergies EP Russie • VEGAS LEX • Zetta Life Ассоциация европейского бизнеса Россия, 127055 Москва, Ул. Бутырский Вал 68/70, стр. 1 Тел.: +7 (495) 234 27 64 E-Mail: info@aebrus.ru www.aebrus.ru Пресс-релиз 3 сентября 2025 По данным Комитета автопроизводителей АЕБ общие продажи новых легковых и легких коммерческих автомобилей в августе 2025 года составили 125 025 штук. По данным от ППК* – объем рынка в августе составил 125 356 штук, что на 19% ниже, чем в августе 2024 г. За 8 месяцев 2025 года продажи новых легковых и легких коммерческих автомобилей в России сократились на 24% по сравнению с аналогичным периодом 2024 года и составили 795 863 автомобилей. * Комментирует председатель Комитета автопроизводителей, Алексей Калицев: «В августе рынок продолжил демонстрировать признаки стабилизации. Относительно июля 2025 года продажи остались практически на том же уровне, превысив результат предшествующего месяца на 1%. Основными факторами влияния на рынок оставались складские запасы производителей и дистрибьюторов, потребительская активность и размер ключевой ставки. Однако, при сохранении текущих условий ведения бизнеса существует риск ограничения потенциала дальнейшего активного развития рынка. Традиционно тренд на осень задаст сентябрь, обычно несущий положительную динамику после завершения сезона отпусков. При этом следует учесть, что коммерческие акции, использованные дилерами, поддержали рынок, сократили и одновременно обновили складские запасы. Предполагаем, что в ближайшей перспективе основными драйверами развития рынка станут программы государственной поддержки и вероятное снижение ключевой ставки». Примечания: *По информации, предоставленной АО «ППК», о продажах новых транспортных средств на основе данных об их передаче владельцам (analytics@passport-ic.ru). Контакты: Ольга Зуева, координатор Комитета автопроизводителей АЕБ, olga.zueva@aebrus.ru, тел. +7 (495) 234 27 64 (123) Юлия Щеглова, менеджер проектов по исследованию рынка и статистики АЕБ, yuliya.sheglova@aebrus.ru, тел. +7 (495) 234 27 64 Елена Демичева, пресс-секретарь АЕБ, elena.demicheva@aebrus.ru, тел +7-965-216-43-62",2025-09-03,По данным Комитета автопроизводителей АЕБ общие продажи новых легковых и легких коммерческих автомобилей в августе 2025 года составили 125 025 штук.,в августе 2025,125025.0
Rus car sales in July 2025.pdf,https://aebrus.ru/upload/iblock/b59/Rus-car-sales-in-July-2025.pdf,https://aebrus.ru/ru/media/press-releases/sales-of-cars-and-light-commercial-vehicles.php?SHOWALL_1=0#search,aeb_rus_sales_data\pdf\Rus-car-sales-in-July-2025.pdf,aeb_rus_sales_data\text\Rus-car-sales-in-July-2025.txt,1,"АЕБ Спонсоры 2025 B1 • Bank Credit Suisse • Colgate-Palmolive • ING • Kept • Lemana PRO • MB RUS • Merck • METRO Cash&Carry • Oriflame • Procter & Gamble • Raiffeisenbank • SOGAZ Insurance Group • TotalEnergies EP Russie • VEGAS LEX • Zetta Life Ассоциация европейского бизнеса Россия, 127055 Москва, Ул. Бутырский Вал 68/70, стр. 1 Тел.: +7 (495) 234 27 64 E-Mail: info@aebrus.ru www.aebrus.ru Пресс-релиз 5 августа 2025 По данным Комитета автопроизводителей АЕБ общие продажи новых легковых и легких коммерческих автомобилей в июле 2025 года составили 123 786 штук. По данным от ППК* – объем рынка в июле составил 124 099 штук, что на 13% ниже, чем в июле 2024. За 7 месяцев 2025 года продажи новых легковых и легких коммерческих автомобилей в России сократились на 25% по сравнению с аналогичным периодом 2024 года и составили 670 530 автомобилей.* Комментирует председатель Комитета автопроизводителей, Алексей Калицев: «Как мы и прогнозировали, первый месяц второго полугодия показал первые положительные изменения на рынке и продемонстрировал рост относительно июня 2025 года на 34%. Возобновление программ господдержки, а также специальные коммерческие предложения от игроков рынка помогли развороту тренда. Очевидно, что наметившееся постепенное снижение ключевой ставки, которое в настоящий момент имеет больше психологический эффект, помогло также немного улучшить настроение покупателей. Надеемся на долгосрочность появившейся тенденции развития рынка. Полагаем, что ключевую роль в этом продолжат играть меры государственной поддержки спроса и предсказуемость условий для обеспечения стабильности ведения бизнеса.» Примечания: *По информации, предоставленной АО «ППК», о продажах новых транспортных средств на основе данных об их передаче владельцам (analytics@passport-ic.ru). Контакты: Ольга Зуева, координатор Комитета автопроизводителей АЕБ, olga.zueva@aebrus.ru, тел. +7 (495) 234 27 64 (123) Юлия Щеглова, менеджер проектов по исследованию рынка и статистики АЕБ, yuliya.sheglova@aebrus.ru, тел. +7 (495) 234 27 64 Елена Демичева, пресс-секретарь АЕБ, elena.demicheva@aebrus.ru, тел +7-965-216-43-62",2025-08-05,По данным Комитета автопроизводителей АЕБ общие продажи новых легковых и легких коммерческих автомобилей в июле 2025 года составили 123 786 штук.,в июле 2025,123786.0
RUS Car Sales in June and HY1 2025.pdf,https://aebrus.ru/upload/iblock/d35/RUS-Car-Sales-in-June-and-HY1-2025.pdf,https://aebrus.ru/ru/media/press-releases/sales-of-cars-and-light-commercial-vehicles.php?SHOWALL_1=0#search,aeb_rus_sales_data\pdf\RUS-Car-Sales-in-June-and-HY1-2025.pdf,aeb_rus_sales_data\text\RUS-Car-Sales-in-June-and-HY1-2025.txt,3,"АЕБ Спонсоры 2025 B1 • Bank Credit Suisse • Colgate-Palmolive • HeidelbergCement • ING • Kept • Lemana PRO • MB RUS • Merck • METRO Cash&Carry • Oriflame • Procter & Gamble • Raiffeisenbank SOGAZ Insurance Group • TotalEnergies EP Russie • VEGAS LEX • Zetta Life Ассоциация европейского бизнеса Россия, 127055 Москва, Ул. Бутырский Вал 68/70, стр. 1 Тел.: +7 (495) 234 27 64 E-Mail: info@aebrus.ru www.aebrus.ru Пресс-релиз 3 июля 2025 Автомобильный рынок сократился на 27% в первом полугодии и на 29% в июне 2025 года*. По данным Комитета автопроизводителей АЕБ, общие продажи новых легковых и легких коммерческих автомобилей в июне 2025 года составили 93 315 штук. По данным ППК продажи новых автомобилей в июне составили 92 627 штук, что на 29% меньше, чем в июне 2024 г. Продажи по итогам первого полугодия 2025 г. по сравнению с продажами того же периода 2024 г. сократились на 27% и составили 546 430 автомобилей. Комментирует председатель Комитета автопроизводителей Алексей Калицев: «Первое полугодие 2025 г. закончилось с результатом, который прогнозировался и не стал неожиданностью. Сокращение рынка на 27% ярко иллюстрирует сложную ситуацию в отрасли. Вместе с тем отмечаем, что возобновление производства на ранее остановленных заводах изменило структуру рынка первого полугодия, где локально произведенные автомобили занимают 56% по сравнению с 45% годом ранее. На первые признаки стабилизации указывает то, что в июне было реализовано лишь немногим менее автомобилей, чем в мае этого года. В дальнейшем можно ожидать разворот рынка в сторону роста при условии поддержки со стороны государства. На этом фоне горячо поддерживаем решение Минпромторга возобновить программы поддержки спроса ""Первый автомобиль"" и ""Семейный автомобиль"". Надеемся, что условия программ будут доступны как можно более широкому кругу представленных на рынке марок. Мы надеемся, что свою роль в стабилизации рынка сыграет первое небольшое снижение ключевой ставки, а ее дальнейшая коррекция в сторону снижения позволит рынку позитивно реагировать. Мы продолжим наблюдение и анализ ситуации. Пока же, исходя из сложившихся реалий мы считаем необходимым скорректировать свой прогноз на 2025 г. в сторону снижения. Ожидаем, что в текущем году будет продано 1,25 млн. автомобилей, что на 24% меньше, чем в 2024 г.» Примечания: * По информации, предоставленной АО «ППК», о продажах новых транспортных средств на основе данных об их передаче владельцам (analytics@passport-ic.ru). Контакты: Ольга Зуева, координатор Комитета автопроизводителей АЕБ, olga.zueva@aebrus.ru, тел. +7 (495) 234 27 64 (123) Юлия Щеглова, менеджер проектов по исследованию рынка и статистики АЕБ, yuliya.sheglova@aebrus.ru, тел. +7 (495) 234 27 64 Елена Демичева, менеджер по связям с общественностью/пресс-секретарь АЕБ, elena.demicheva@aebrus.ru, тел +7-965-216-43-62 АО «ППК»: analytics@passport-ic.ru, тел. +7 (499) 757 71 76 -------------------------------------------------------------- Приложения: 1. Топ самых продаваемых новых легких коммерческих автомобилей в РФ по моделям за июнь 2025/2024 гг. и январь-июнь 2025/2024 гг. 2. Структура рынка новых легковых и легких коммерческих автомобилей в России за январь-июнь 2025/2024",2025-07-03,Автомобильный рынок сократился на 27% в первом полугодии и на 29% в июне 2025 года*.,в июне 2025,93315.0
RUS Car Sales in May 2025.pdf,https://aebrus.ru/upload/iblock/9e9/RUS-Car-Sales-in-May-2025.pdf,https://aebrus.ru/ru/media/press-releases/sales-of-cars-and-light-commercial-vehicles.php?SHOWALL_1=0#search,aeb_rus_sales_data\pdf\RUS-Car-Sales-in-May-2025.pdf,aeb_rus_sales_data\text\RUS-Car-Sales-in-May-2025.txt,1,"АЕБ Спонсоры 2025 B1 • Bank Credit Suisse • Colgate-Palmolive • ING • Kept • Lemana PRO • MB RUS • Merck • METRO Cash&Carry • Oriflame • Procter & Gamble • Raiffeisenbank SOGAZ Insurance Group • TotalEnergies EP Russie • VEGAS LEX • Zetta Life Ассоциация европейского бизнеса Россия, 127055 Москва, Ул. Бутырский Вал 68/70, стр. 1 Тел.: +7 (495) 234 27 64 E-Mail: info@aebrus.ru www.aebrus.ru Пресс-релиз 4 июня 2025 Автомобильный рынок в мае сократился на 29%* По данным Комитета автопроизводителей АЕБ общие продажи новых легковых и легких коммерческих автомобилей в мае 2025 года составили 94 023 штуки. По данным от ППК* – объем рынка в мае 2025 года составил 93 791 штуку, что на 29% меньше, чем в мае 2024 года. За 5 месяцев 2025 года продажи новых легковых и легких коммерческих автомобилей в России сократились на 26% по сравнению с аналогичным периодом 2024 года и составили 453 801 автомобиль. * Комментирует председатель Комитета автопроизводителей Алексей Калицев: «Результат мая существенно ниже показателей апреля этого года (-11,5%). Конечно, отчасти это можно объяснить длинными выходными и праздничными днями, но в целом, в данный момент ситуация осталась без изменений по сравнению с предыдущими периодами, так как все факторы, оказывающие влияние на рынок, остаются прежними. В целом же преобладает общая усталость населения от текущих негативных трендов. Ожидание возвращения ушедших брендов, поддерживаемое СМИ, ведет к тому, что потенциальный покупатель продолжает голосовать в пользу банковских депозитов. Надежда на скорое снижение ключевой ставки Центральным банком, как возможность повышения доступности кредитов, также играет сдерживающую роль. Отложенный спрос продолжает расти на фоне снижения рынка. Закон о локализации такси, вступающий в силу в марте 2026 года и направленный на поддержку локальных производителей с высокой степенью локализации, едва ли сможет существенно изменить ситуацию в краткосрочной перспективе. Однако мы находимся в ожидании того, что решение Правительства о расширении программы льготного кредитования на семьи с двумя и более детьми сыграет свою положительную роль, а ее эффект мы сможем увидеть в следующем квартале. Пока все же необходимы срочные существенные меры государственной поддержки спроса. В следующем месяце мы планируем скорректировать наш прогноз объемов российского автомобильного рынка на 2025 год.» Примечания: * По информации, предоставленной АО «ППК», о продажах новых транспортных средств на основе данных об их передаче владельцам (analytics@passport-ic.ru). Контакты: Ольга Зуева, координатор Комитета автопроизводителей АЕБ, olga.zueva@aebrus.ru, тел. +7 (495) 234 27 64 (123) Юлия Щеглова, менеджер проектов по исследованию рынка и статистики АЕБ, yuliya.sheglova@aebrus.ru, тел. +7 (495) 234 27 64 Елена Демичева, менеджер по связям с общественностью/пресс-секретарь АЕБ, elena.demicheva@aebrus.ru, тел +7-965-216-43-62 АО «ППК»: analytics@passport-ic.ru, тел. +7 (499) 757 71 76",2025-06-04,Автомобильный рынок в мае сократился на 29%*,,94023.0
RUS Car Sales in April 2025.pdf,https://aebrus.ru/upload/iblock/f20/RUS-Car-Sales-in-April-2025.pdf,https://aebrus.ru/ru/media/press-releases/sales-of-cars-and-light-commercial-vehicles.php?SHOWALL_1=0#search,aeb_rus_sales_data\pdf\RUS-Car-Sales-in-April-2025.pdf,aeb_rus_sales_data\text\RUS-Car-Sales-in-April-2025.txt,1,"АЕБ Спонсоры 2025 B1 • Bank Credit Suisse • Colgate-Palmolive • HeidelbergCement • ING • Kept • Lemana PRO • MB RUS • Merck • METRO Cash&Carry • Oriflame • Procter & Gamble • Raiffeisenbank SOGAZ Insurance Group • TotalEnergies EP Russie • VEGAS LEX • Zetta Life Ассоциация европейского бизнеса Россия, 127055 Москва, Ул. Бутырский Вал 68/70, стр. 1 Тел.: +7 (495) 234 27 64 E-Mail: info@aebrus.ru www.aebrus.ru Пресс-релиз 7 мая 2025 Автомобильный рынок в апреле сократился на 26% По данным Комитета автопроизводителей АЕБ, общие продажи новых легковых и легких коммерческих автомобилей в апреле 2025 года составили 99 408 штук. По данным от ППК* – объем рынка в апреле 2025 года составил 105 939 штук, что на 26% меньше, чем в апреле 2024 года. За 4 месяца 2025 года продажи новых легковых и легких коммерческих автомобилей в России сократились на 26% по сравнению с аналогичным периодом 2024 года, и составили 360 008 автомобилей.* Комментирует председатель Комитета автопроизводителей Алексей Калицев: «Апрель не принес неожиданностей. Результат месяца вполне закономерен. Рынок продолжает чувствовать на себе воздействие ранее введенных мер со стороны государства. Широкая линейка имеющихся предложений, а также значительные скидки со стороны отдельных игроков рынка, позволившие замедлить падение продаж (относительно марта рынок подрос на 27%), тем не менее являются не столь притягательными для потребителя по сравнению с существующими банковскими предложениями по размещению денежных средств. Представляется, что настало время для государства решительно вмешаться и поддержать спрос со стороны покупателей возобновлением льготных программ и предоставлением субсидий.» Примечания: * По информации, предоставленной АО «ППК», о продажах новых транспортных средств на основе данных об их передаче владельцам (analytics@passport-ic.ru). Контакты: Ольга Зуева, координатор Комитета автопроизводителей АЕБ, olga.zueva@aebrus.ru, тел. +7 (495) 234 27 64 (123) Юлия Щеглова, менеджер проектов по исследованию рынка и статистики АЕБ, yuliya.sheglova@aebrus.ru, тел. +7 (495) 234 27 64 Елена Демичева, менеджер по связям с общественностью/пресс-секретарь АЕБ, elena.demicheva@aebrus.ru, тел +7-965-216-43-62 АО «ППК»: analytics@passport-ic.ru, тел. +7 (499) 757 71 76",2025-05-07,Автомобильный рынок в апреле сократился на 26%,,99408.0
RUS Car Sales in March and Q1 2025.pdf,https://aebrus.ru/upload/iblock/c78/RUS-Car-Sales-in-March-and-Q1-2025.pdf,https://aebrus.ru/ru/media/press-releases/sales-of-cars-and-light-commercial-vehicles.php?SHOWALL_1=0#search,aeb_rus_sales_data\pdf\RUS-Car-Sales-in-March-and-Q1-2025.pdf,aeb_rus_sales_data\text\RUS-Car-Sales-in-March-and-Q1-2025.txt,2,"АЕБ Спонсоры 2025 B1 • Bank Credit Suisse • Colgate-Palmolive • HeidelbergCement • ING • Kept • Lemana PRO • MB RUS • Merck • METRO Cash&Carry • Oriflame • Procter & Gamble • Raiffeisenbank SOGAZ Insurance Group • TotalEnergies EP Russie • VEGAS LEX • Zetta Life Ассоциация европейского бизнеса Россия, 127055 Москва, Ул. Бутырский Вал 68/70, стр. 1 Тел.: +7 (495) 234 27 64 E-Mail: info@aebrus.ru www.aebrus.ru Пресс-релиз 3 апреля 2025 Автомобильный рынок сократился на 26% в первом квартале и на 45% в марте 2025 года*. По данным Комитета автопроизводителей АЕБ, общие продажи новых легковых и легких коммерческих автомобилей в марте 2025 года составили 82 656 штук. По данным ППК продажи новых автомобилей в марте составили 83 095 штук, что на 45% меньше, чем в марте 2024 г. Продажи по итогам 3-х месяцев 2025 г. по сравнению с продажами того же периода 2024 г. сократились на 26% и составили 254 069 автомобилей. Комментирует председатель Комитета автопроизводителей Алексей Калицев: «Первый квартал текущего года ознаменовался сокращением рынка новых автомобилей и легкой коммерческой техники. За последние 10 лет хуже, в процентном отношении, результаты марта были только в 2022 году (-59%), а первого квартала в 2015 г (-36%)1. Негативная динамика усилилась ввиду того, что к ранее многократно упомянутым факторам, таким как высокая финансовая нагрузка, добавилось появившееся на фоне новостей о возможных изменениях в геополитике, ожидание покупателей вероятного возвращения на российский рынок некоторых ранее ушедших компаний. Некоторые клиенты решили еще немного подождать, таким образом увеличив объем отложенного спроса, что в перспективе может привести к росту. Однако в настоящий момент можно сказать, что продолжение текущей тенденции может привести к кризису в отрасли, что потребует срочной поддержки со стороны государства. Особого внимания заслуживают такие направления, как актуализация программы льготного кредитования в части приведения ценовой границы подпадающих под программу автомобилей в соответствие с реальной стоимостью, а также распространение возможности доступа к программе обновления таксопарка автомобилей с уровнем локализации не менее 1500 баллов.» 1 По данным АЕБ Примечания: * По информации, предоставленной АО «ППК», о продажах новых транспортных средств на основе данных об их передаче владельцам (analytics@passport-ic.ru). Контакты: Ольга Зуева, координатор Комитета автопроизводителей АЕБ, olga.zueva@aebrus.ru, тел. +7 (495) 234 27 64 (123) Юлия Щеглова, менеджер проектов по исследованию рынка и статистики АЕБ, yuliya.sheglova@aebrus.ru, тел. +7 (495) 234 27 64 Елена Демичева, менеджер по связям с общественностью/пресс-секретарь АЕБ, elena.demicheva@aebrus.ru, тел +7-965-216-43-62 АО «ППК»: analytics@passport-ic.ru, тел. +7 (499) 757 71 76 -------------------------------------------------------------- Приложения: 1. Структура рынка новых легковых и легких коммерческих автомобилей в России за январь-март 2025/2024",2025-04-03,Автомобильный рынок сократился на 26% в первом квартале и на 45% в марте 2025 года*.,в марте 2025,82656.0
RUS Car Sales in February 2025.pdf,https://aebrus.ru/upload/iblock/c90/RUS-Car-Sales-in-February-2025.pdf,https://aebrus.ru/ru/media/press-releases/sales-of-cars-and-light-commercial-vehicles.php?SHOWALL_1=0#search,aeb_rus_sales_data\pdf\RUS-Car-Sales-in-February-2025.pdf,aeb_rus_sales_data\text\RUS-Car-Sales-in-February-2025.txt,1,"АЕБ Спонсоры 2025 B1 • Bank Credit Suisse • Colgate-Palmolive • HeidelbergCement • ING • Kept • Lemana PRO • MB RUS • Merck • METRO Cash&Carry • Oriflame • Procter & Gamble • Raiffeisenbank SOGAZ Insurance Group • TotalEnergies EP Russie • VEGAS LEX • Zetta Life Ассоциация европейского бизнеса Россия, 127055 Москва, Ул. Бутырский Вал 68/70, стр. 1 Тел.: +7 (495) 234 27 64 E-Mail: info@aebrus.ru www.aebrus.ru Пресс-релиз 5 марта 2025 Автомобильный рынок в феврале сократился на 24% По данным Комитета автопроизводителей АЕБ, общие продажи новых легковых и легких коммерческих автомобилей в феврале 2025 года составили 79 941 штук с учетом альтернативных каналов поставок, что на 24% меньше продаж февраля прошлого года. По данным от ППК* – объем рынка в феврале 2025 года составил 80 497 штук. За первые 2 месяца 2025 года продажи новых легковых и легких коммерческих автомобилей в России сократились на 10,5% по сравнению с аналогичным периодом 2024 года, и составили 170 964 автомобиля.* Комментирует председатель Комитета автопроизводителей Алексей Калицев: «Февраль подтвердил прогнозы участников рынка на первое полугодие 2025 года. Такие факторы, как выросший утилизационный сбор, высокая стоимость кредитов и снижение их доступности, а также изменения в налоговой системе, привели к сокращению объема продаж на 24% по сравнению с аналогичным периодом прошлого года. Февраль 2025 г. (за исключением февраля 2023 года) поставил десятилетний антирекорд. В ближайшее время вероятнее всего тренд на сокращение продаж сохранится. Тем не менее, мы возлагаем большие надежды на выравнивание ситуации и корректировку рынка во втором полугодии за счет поддержки спроса со стороны государства. В связи с этим в настоящий момент считаем возможным сохранить ранее озвученный прогноз в 1,4 млн. проданных автомобилей в текущем году.» Примечания: * По информации, предоставленной АО «ППК», о продажах новых транспортных средств на основе данных об их передаче владельцам (analytics@passport-ic.ru). Контакты: Ольга Зуева, координатор Комитета автопроизводителей АЕБ, olga.zueva@aebrus.ru, тел. +7 (495) 234 27 64 (123) Юлия Щеглова, менеджер проектов по исследованию рынка и статистики АЕБ, yuliya.sheglova@aebrus.ru, тел. +7 (495) 234 27 64 Елена Демичева, менеджер по связям с общественностью/пресс-секретарь АЕБ, elena.demicheva@aebrus.ru, тел +7-965-216-43-62 АО «ППК»: analytics@passport-ic.ru, тел. +7 (499) 757 71 76",2025-03-05,Автомобильный рынок в феврале сократился на 24%,,79941.0
RUS Car Sales in January 2025.pdf,https://aebrus.ru/upload/iblock/2d3/RUS-Car-Sales-in-January-2025.pdf,https://aebrus.ru/ru/media/press-releases/sales-of-cars-and-light-commercial-vehicles.php?SHOWALL_1=0#search,aeb_rus_sales_data\pdf\RUS-Car-Sales-in-January-2025.pdf,aeb_rus_sales_data\text\RUS-Car-Sales-in-January-2025.txt,1,"АЕБ Спонсоры 2025 B1 • Bank Credit Suisse • Colgate-Palmolive • HeidelbergCement • ING • Kept • Lemana PRO • MB RUS • Merck • METRO Cash&Carry • Oriflame • Procter & Gamble • Raiffeisenbank SOGAZ Insurance Group • TotalEnergies EP Russie • VEGAS LEX • Zetta Life Ассоциация европейского бизнеса Россия, 127055 Москва, Ул. Бутырский Вал 68/70, стр. 1 Тел.: +7 (495) 234 27 64 E-Mail: info@aebrus.ru www.aebrus.ru Пресс-релиз 5 февраля 2025 Автомобильный рынок в январе вырос на 9% По данным Комитета автопроизводителей АЕБ общие продажи новых легковых и легких коммерческих автомобилей в январе 2025 года составили 90 813 штук с учетом альтернативных каналов поставок. По данным от ППК* – объем рынка в январе 2025 года составил 90 462 штуки, превысив продажи января прошлого года на 9%. Комментирует председатель Комитета автопроизводителей Алексей Калицев: «Из-за продолжительного периода выходных дней январь традиционно является самым сложным месяцем для продаж. Негативные ожидания значительного замедления потребительской активности, связанные с влиянием снижения доступности кредитов и ростом утилизационного сбора, высказанные большинством экспертов, не оправдались. На основе полученных данных в январе 2025 года было продано на 9% больше новых автомобилей, чем за аналогичный период прошлого года. Очевидно, что на складах у дилеров еще имеется определённый запас автомобилей, способный поддержать продажи и удовлетворить спрос покупателей в ожидании вероятных негативных изменений ввиду сохраняющегося роста финансовой нагрузки. Мы продолжим внимательно следить за развитием автомобильного рынка и действиями регулятора, которые могут оказать влияние на дальнейший спрос.» Примечания: * По информации, предоставленной АО «ППК», о продажах новых транспортных средств на основе данных об их передаче владельцам (analytics@passport-ic.ru). Контакты: Ольга Зуева, координатор Комитета автопроизводителей АЕБ, olga.zueva@aebrus.ru, тел. +7 (495) 234 27 64 (123) Юлия Щеглова, менеджер проектов по исследованию рынка и статистики АЕБ, yuliya.sheglova@aebrus.ru, тел. +7 (495) 234 27 64 Елена Демичева, менеджер по связям с общественностью/пресс-секретарь АЕБ, elena.demicheva@aebrus.ru, тел +7-965-216-43-62 АО «ППК»: analytics@passport-ic.ru, тел. +7 (499) 757 71 76",2025-02-05,Автомобильный рынок в январе вырос на 9%,,90813.0
RUS Car Sales in December and YE2024.pdf,https://aebrus.ru/upload/iblock/1c3/RUS-Car-Sales-in-December-and-YE2024.pdf,https://aebrus.ru/ru/media/press-releases/sales-of-cars-and-light-commercial-vehicles.php?SHOWALL_1=0#search,aeb_rus_sales_data\pdf\RUS-Car-Sales-in-December-and-YE2024.pdf,aeb_rus_sales_data\text\RUS-Car-Sales-in-December-and-YE2024.txt,2,"АЕБ Спонсоры 2025 B1 • Bank Credit Suisse • Colgate-Palmolive • HeidelbergCement • ING • Kept • Lemana PRO • MB RUS • Merck • METRO Cash&Carry • Oriflame • Procter & Gamble • Raiffeisenbank SOGAZ Insurance Group • TotalEnergies EP Russie • VEGAS LEX • Zetta Life Ассоциация европейского бизнеса Россия, 127055 Москва, Ул. Бутырский Вал 68/70, стр. 1 Тел.: +7 (495) 234 27 64 E-Mail: info@aebrus.ru www.aebrus.ru Пресс-релиз 13 января 2025 Автомобильный рынок в 2024 году вырос на 56% По данным Комитета автопроизводителей АЕБ, общие продажи новых легковых и легких коммерческих автомобилей в 2024 году составили 1 471 568 штук без учета альтернативных каналов поставок, что на 56% выше результата 2023 года. При этом, с учетом альтернативных каналов поставок объем рынка составил 1 650 658 штук, продемонстрировав рост на 46%, по информации о продажах новых транспортных средств на основе данных об их передаче владельцам, предоставленной АО «ППК» *. Согласно полученным данным в декабре 2024 г. было продано 133 867 автомобилей, что всего на 3,7% выше результата аналогичного периода 2023 года. Комментирует председатель Комитета автопроизводителей Алексей Калицев: «2024 год показал стремительный рост, замедлившись к концу года. Как мы неоднократно заявляли на протяжении года, подобный результат продаж вызван отложенным спросом, а также реакцией покупателей на потенциальные сокращение импорта и повышение финансовой нагрузки. В целом на рынке присутствовали противоположные тенденции: доля локального производства не показала роста, а официальный импорт увеличился. В этом году можно ожидать коррекции структуры рынка в сторону активного развития локального производства, т. к. ключевые решения уже приняты и реализуются. В связи с этим, при сохранении текущих условий рынок в 2025 году может сократиться до 1,4 млн. с учетом всех каналов поставок, т. е. приблизительно на 15%. Особое значение для поддержания автомобильной отрасли приобретут программы поддержки спроса со стороны государства.» Примечания: * По информации, предоставленной АО «ППК», о продажах новых транспортных средств на основе данных об их передаче владельцам (analytics@passport-ic.ru). Контакты: Ольга Зуева, координатор Комитета автопроизводителей АЕБ, olga.zueva@aebrus.ru, тел. +7 (495) 234 27 64 (123) Юлия Щеглова, менеджер проектов по исследованию рынка и статистики АЕБ, yuliya.sheglova@aebrus.ru, тел. +7 (495) 234 27 64 Елена Демичева, менеджер по связям с общественностью/пресс-секретарь АЕБ, elena.demicheva@aebrus.ru, тел +7-965-216-43-62 АО «ППК»: analytics@passport-ic.ru, тел. +7 (499) 757 71 76 -------------------------------------------------------------- Приложения: 1. Структура рынка новых легковых и легких коммерческих автомобилей в России за январь-декабрь 2024/2023",2025-01-13,Автомобильный рынок в 2024 году вырос на 56%,в 2024 году,1471568.0
RUS car sales November 2024.pdf,https://aebrus.ru/upload/iblock/036/RUS-car-sales-November-2024.pdf,https://aebrus.ru/ru/media/press-releases/sales-of-cars-and-light-commercial-vehicles.php?SHOWALL_1=0#search,aeb_rus_sales_data\pdf\RUS-car-sales-November-2024.pdf,aeb_rus_sales_data\text\RUS-car-sales-November-2024.txt,1,"АЕБ Спонсоры 2024 B1 • Bank Credit Suisse • Colgate-Palmolive • HeidelbergCement • ING • Kept • Leroy Merlin Russia • MB RUS • Merck • METRO Cash&Carry • Oriflame • Procter & Gamble • Raiffeisenbank SOGAZ Insurance Group • TotalEnergies EP Russie • VEGAS LEX • Zetta Life Ассоциация европейского бизнеса Россия, 127055 Москва, Ул. Бутырский Вал 68/70, стр. 1 Тел.: +7 (495) 234 27 64 E-Mail: info@aebrus.ru www.aebrus.ru Пресс-релиз 4 декабря 2024 По данным Комитета автопроизводителей АЕБ общие продажи новых легковых и легких коммерческих автомобилей в ноябре 2024 года составили 129 447 штук с учетом альтернативных каналов поставок. По данным от ППК1 – объем рынка достиг 132 089 штук. Продажи ноября 2024 г. превысили результаты ноября 2023 г. на 12%, а объемы за 11 месяцев текущего года превзошли аналогичный период прошлого года на 52%. Тем не менее, по сравнению с октябрем 2024 года рынок сократился на 27%. Комментирует председатель Комитета автопроизводителей, Алексей Калицев: «К сожалению, ноябрь подтвердил наши ожидания о существенном замедлении рынка. По сравнению с предыдущим месяцем продано почти на треть меньше новых автомобилей. И, хотя этот результат все еще превосходит показатели ноября прошлого года, в ближайшее время мы можем быть свидетелями нарастающей негативной тенденции. В то же время, возможно, что в ожидании нового повышения утилизационного сбора с января 2025 года, декабрь все еще может показать хороший результат. В целом же совокупные продажи 11 месяцев уже превысили 1.5 млн. проданных новых автомобилей и легкого коммерческого транспорта, что подтверждает наш ранее скорректированный прогноз. Очевидно, что такой результат в некотором роде достигнут на фоне растущего финансового давления на конечного покупателя. Спрос на новые автомобили продолжает сохраняться и то, какие решения будут в дальнейшем приниматься регулятором, определит, как он будет реализован.» Результаты продаж новых легковых и легких коммерческих автомобилей по итогам 2024 года Комитет автопроизводителей АЕБ представит на ежегодной пресс-конференции 13 января. Данные о структуре рынка за 2024 г. также будут представлены на пресс-конференции и в последующем пресс-релизе. 1По информации, предоставленной АО «ППК», о продажах новых транспортных средств на основе данных об их передаче владельцам (analytics@passport-ic.ru). Контакты: Ольга Зуева, координатор Комитета автопроизводителей АЕБ, olga.zueva@aebrus.ru, тел. +7 (495) 234 27 64 (123) Юлия Щеглова, менеджер проектов по исследованию рынка и статистики АЕБ, yuliya.sheglova@aebrus.ru, тел. +7 (495) 234 27 64 Елена Демичева, пресс-секретарь АЕБ, elena.demicheva@aebrus.ru, тел +7-965-216-43-62",2024-12-04,По данным Комитета автопроизводителей АЕБ общие продажи новых легковых и легких коммерческих автомобилей в ноябре 2024 года составили 129 447 штук с учетом альтернативных каналов поставок.,в ноябре 2024,129447.0
RUS car sales October 2024.pdf,https://aebrus.ru/upload/iblock/966/RUS-car-sales-October-2024.pdf,https://aebrus.ru/ru/media/press-releases/sales-of-cars-and-light-commercial-vehicles.php?SHOWALL_1=0#search,aeb_rus_sales_data\pdf\RUS-car-sales-October-2024.pdf,aeb_rus_sales_data\text\RUS-car-sales-October-2024.txt,1,"АЕБ Спонсоры 2024 B1 • Bank Credit Suisse • Colgate-Palmolive • HeidelbergCement • ING • Kept • Leroy Merlin Russia • MB RUS • Merck • METRO Cash&Carry • Oriflame • Procter & Gamble • Raiffeisenbank SOGAZ Insurance Group • TotalEnergies EP Russie • VEGAS LEX • Zetta Life Ассоциация европейского бизнеса Россия, 127055 Москва, Ул. Бутырский Вал 68/70, стр. 1 Тел.: +7 (495) 234 27 64 E-Mail: info@aebrus.ru www.aebrus.ru Пресс-релиз 5 ноября 2024 По данным Комитета автопроизводителей АЕБ, общие продажи новых легковых и легких коммерческих автомобилей в октябре 2024 года составили 177 505 штук с учетом альтернативных каналов поставок. По данным продаж от ППК1 – 181 128 штук. Продажи октября 2024 г. превысили продажи октября 2023 г. на 51 %, а результаты продаж за 10 месяцев текущего года обогнали продажи того же периода прошлого года на 57%. Комментирует председатель Комитета автопроизводителей, Алексей Калицев: «В октябре рынок продаж новых автомобилей не обманул ожиданий и продолжил свой рост, особенно в первой половине месяца, двигаясь по инерции высоких продаж сентября. Очевидно, что сформированный дилерами запас автомобилей, как и все еще сохраняющийся отложенный спрос, будут оказывать свою поддержку в течение еще некоторого времени. Результаты десяти месяцев года приблизились к ранее озвученному АЕБ прогнозу продаж на год, поэтому нет сомнений, что прогноз будет превышен и рынок может преодолеть отметку в 1,6 млн. Однако, в ближайшей перспективе тенденция на снижение потребительской активности и возможного перехода к падению рынка усилится в связи с удорожанием кредитных средств для бизнеса и покупателя. В таком случае для сохранения объемов и дальнейшего роста рынка потребуется существенная поддержка со стороны государства.» 1По информации, предоставленной АО «ППК», о продажах новых транспортных средств на основе данных об их передаче владельцам (analytics@passport-ic.ru). Контакты: Ольга Зуева, координатор Комитета автопроизводителей АЕБ, olga.zueva@aebrus.ru, тел. +7 (495) 234 27 64 (123) Юлия Щеглова, менеджер проектов по исследованию рынка и статистики АЕБ, yuliya.sheglova@aebrus.ru, тел. +7 (495) 234 27 64 Елена Демичева, пресс-секретарь АЕБ, elena.demicheva@aebrus.ru, тел +7-965-216-43-62",2024-11-05,"По данным Комитета автопроизводителей АЕБ, общие продажи новых легковых и легких коммерческих автомобилей в октябре 2024 года составили 177 505 штук с учетом альтернативных каналов поставок.",в октябре 2024,177505.0
RUS Car Sales in September and Q3 2024.pdf,https://aebrus.ru/upload/iblock/c17/RUS-Car-Sales-in-September-and-Q3-2024.pdf,https://aebrus.ru/ru/media/press-releases/sales-of-cars-and-light-commercial-vehicles.php?SHOWALL_1=0#search,aeb_rus_sales_data\pdf\RUS-Car-Sales-in-September-and-Q3-2024.pdf,aeb_rus_sales_data\text\RUS-Car-Sales-in-September-and-Q3-2024.txt,3,"АЕБ Спонсоры 2024 B1 • Bank Credit Suisse • Colgate-Palmolive • HeidelbergCement • ING • Kept • Leroy Merlin Russia • MB RUS • Merck • METRO Cash&Carry • Oriflame • Procter & Gamble • Raiffeisenbank SOGAZ Insurance Group • TotalEnergies EP Russie • VEGAS LEX • Zetta Life Ассоциация европейского бизнеса Россия, 127055 Москва, Ул. Бутырский Вал 68/70, стр. 1 Тел.: +7 (495) 234 27 64 E-Mail: info@aebrus.ru www.aebrus.ru Пресс-релиз 3 октября 2024 Автомобильный рынок вырос на 58% за 9 месяцев 2024 года и на 33% в сентябре 2024 года*. По данным Комитета автопроизводителей АЕБ, общие продажи новых легковых и легких коммерческих автомобилей в сентябре 2024 года составили 151 491 штуку. По данным ППК продажи новых автомобилей в сентябре составили 154 741 штуку, что на 32,9% больше, чем в сентябре 2023 г. Продажи по итогам 9-ти месяцев 2024 г. превысили продажи того же периода 2023 г. на 57,6% и составили более 1,2 миллиона автомобилей. Комментирует председатель Комитета автопроизводителей Алексей Калицев: «В соответствии с ожиданиями комитета в сентябре рост продаж новых автомобилей и легкого коммерческого транспорта продолжился. Ранее мы уже отмечали, что это происходит во многом благодаря ожиданию увеличения цен на фоне изменения ставок утилизационного сбора и роста ключевой ставки. Вслед за рекордным августом последовал очень успешный сентябрь, который существенно превзошел показатели прошлого года. Однако, несмотря на успехи, в целом, продажи в третьем квартале не превзошли объем продаж во втором квартале этого года. Это может свидетельствовать о том, что мы приближаемся к ограничению потенциала роста рынка из-за снижения покупательской способности и удовлетворения отложенного спроса со стороны потребителей. Скорее всего в ближайшие месяцы положительная динамика сохранится, но уже не будет такой стремительной. Результаты 9-ти месяцев демонстрируют, что с большой долей вероятности рынок по результатам 2024 года достигнет более высоких показателей, чем прогноз комитета, озвученный ранее. Для обеспечения дальнейшего развития рынка потребуется поддержка спроса и локального производства со стороны государства.» Примечания: * По информации, предоставленной АО «ППК», о продажах новых транспортных средств на основе данных об их передаче владельцам (analytics@passport-ic.ru). В этом релизе не публикуются стандартные форматы таблиц по легковым автомобилям с разбивкой по маркам, т.к они обновляются и будут опубликованы в следующих релизах. Контакты: Ольга Зуева, координатор Комитета автопроизводителей АЕБ, olga.zueva@aebrus.ru, тел. +7 (495) 234 27 64 (123) Юлия Щеглова, менеджер проектов по исследованию рынка и статистики АЕБ, yuliya.sheglova@aebrus.ru, тел. +7 (495) 234 27 64 Елена Демичева, менеджер по связям с общественностью/пресс-секретарь АЕБ, elena.demicheva@aebrus.ru, тел +7-965-216-43-62 АО «ППК»: analytics@passport-ic.ru, тел. +7 (499) 757 71 76 -------------------------------------------------------------- Приложения: 1. 10 наиболее продаваемых моделей легких коммерческих автомобилей за январь-сентябрь 2024/2023 2. Структура рынка новых легковых и легких коммерческих автомобилей в России за январь-сентябрь 2024/2023",2024-10-03,Автомобильный рынок вырос на 58% за 9 месяцев 2024 года и на 33% в сентябре 2024 года*.,в сентябре 2024,151491.0
RUS car sales August 2024.pdf,https://aebrus.ru/upload/iblock/45f/RUS-car-sales-August-2024.pdf,https://aebrus.ru/ru/media/press-releases/sales-of-cars-and-light-commercial-vehicles.php?SHOWALL_1=0#search,aeb_rus_sales_data\pdf\RUS-car-sales-August-2024.pdf,aeb_rus_sales_data\text\RUS-car-sales-August-2024.txt,1,"АЕБ Спонсоры 2024 B1 • Bank Credit Suisse • Colgate-Palmolive • HeidelbergCement • ING • Kept • Leroy Merlin Russia • MB RUS • Merck • METRO Cash&Carry • Oriflame • Procter & Gamble • Raiffeisenbank SOGAZ Insurance Group • TotalEnergies EP Russie • VEGAS LEX • Zetta Life Ассоциация европейского бизнеса Россия, 127055 Москва, Ул. Бутырский Вал 68/70, стр. 1 Тел.: +7 (495) 234 27 64 E-Mail: info@aebrus.ru www.aebrus.ru Пресс-релиз 4 сентября 2024 По данным Комитета автопроизводителей АЕБ, общие продажи новых легковых и легких коммерческих автомобилей в августе 2024 года составили 152 012 с учетом альтернативных каналов поставок. По данным продаж от ППК1 – 155 277 штук. Продажи августа 2024 г. превысили продажи августа 2023 г. на 34%, а результаты продаж за 8 месяцев текущего года обогнали продажи то го же периода прошлого года на 62%. Комментирует председатель Комитета автопроизводителей, Алексей Калицев: «Продажи новых автомобилей в августе 2024 г. показали наилучший результат августа за 10 лет, начиная с 2015 г. Очевидно, что он обусловлен целым рядом факторов. Во-первых, следует отметить, что после февраля 2022 г. на фоне дефицита предложений на рынке сформировался существенный отложенный спрос, который удовлетворяется по мере насыщения рынка новыми моделями. Кроме того, в ожидании повышения ставок утилизационного сбора с 1 октября, покупатели торопятся купить новый автомобиль. Нельзя забывать и об изменении в налоговом законодательстве и дальнейших решениях по уровню ключевой ставки. Таким образом, обычно ""спокойный"" из-за отпусков август бьёт десятилетний рекорд. С высокой долей вероятности в сентябре этот тренд будет продолжен, если только не появятся новые факторы, влияющие на потребительское поведение.» 1По информации, предоставленной АО «ППК», о продажах новых транспортных средств на основе данных об их передаче владельцам (analytics@passport-ic.ru). Контакты: Ольга Зуева, координатор Комитета автопроизводителей АЕБ, olga.zueva@aebrus.ru, тел. +7 (495) 234 27 64 (123) Юлия Щеглова, менеджер проектов по исследованию рынка и статистики АЕБ, yuliya.sheglova@aebrus.ru, тел. +7 (495) 234 27 64 Елена Демичева, пресс-секретарь АЕБ, elena.demicheva@aebrus.ru, тел +7-965-216-43-62",2024-09-04,"По данным Комитета автопроизводителей АЕБ, общие продажи новых легковых и легких коммерческих автомобилей в августе 2024 года составили 152 012 с учетом альтернативных каналов поставок.",в августе 2024,
RUS car sales July 2024.pdf,https://aebrus.ru/upload/iblock/8a6/RUS-car-sales-July-2024.pdf,https://aebrus.ru/ru/media/press-releases/sales-of-cars-and-light-commercial-vehicles.php?SHOWALL_1=1#search,aeb_rus_sales_data\pdf\RUS-car-sales-July-2024.pdf,aeb_rus_sales_data\text\RUS-car-sales-July-2024.txt,1,"АЕБ Спонсоры 2024 B1 • Bank Credit Suisse • Colgate-Palmolive • HeidelbergCement • ING • Kept • Leroy Merlin Russia • MB RUS • Merck • METRO Cash&Carry • Oriflame • Procter & Gamble • Raiffeisenbank SOGAZ Insurance Group • TotalEnergies EP Russie • VEGAS LEX • Zetta Life Ассоциация европейского бизнеса Россия, 127055 Москва, Ул. Бутырский Вал 68/70, стр. 1 Тел.: +7 (495) 234 27 64 E-Mail: info@aebrus.ru www.aebrus.ru Пресс-релиз 5 августа 2024 По данным Комитета автопроизводителей АЕБ, общие продажи новых легковых и легких коммерческих автомобилей в июле 2024 года составили 123 217 штук без учета альтернативных каналов поставок и около 138 951 с их учетом. По данным продаж от ППК1 – 142 763 штуки. Продажи июля 2024 г. превысили продажи июля 2023 г. на 42%, а результаты продаж за 7 месяцев текущего года обогнали продажи то го же периода прошлого года на 68%. Комментирует председатель Комитета автопроизводителей, Алексей Калицев: «Рынок новых автомобилей в России продолжает свой рост. Несмотря на замедление динамики продаж, потенциал роста сохраняется. Очевидно, что доля автомобилей, ввезенных в рамках параллельного импорта, становится несущественной. Уже в настоящий момент автомобильный рынок снова становится рынком официальных импортеров и производителей. Однако, вскоре мы также увидим сокращение импорта автомобилей, что обусловлено рядом факторов и инициатив Правительства, направленных на стимулирование локализации производств. Среди факторов, которые будут оказывать существенное влияние на развитие рынка новых автомобилей, следует выделить планируемое существенное поэтапное повышение утилизационного сбора и предстоящую налоговую реформу. Ранее представители отрасли, в том числе и АЕБ, неоднократно обращались в Правительство с просьбой определить сроки и размер повышения утилизационного сбора, что, теперь сделано и у отрасли появилась возможность планировать свои инвестиции с учетом этого фактора. Однако требуется также четкое понимание механизмов реализации данного Постановления в случае его принятия. Здесь важным является постоянный и открытый диалог с представителями индустрии, целью которого может быть снижение потенциальных рисков негативного влияния на рынок повышения утилизационного сбора, в частности, вероятного повышения цен для конечных покупателей, сокращения предложений на рынке и пр. В этой связи, вероятно, потребуются дополнительные меры поддержки спроса, учитывая также недавнее повышение ключевой ставки Центральным Банком, что делает менее доступными кредиты на покупку автомобилей. Комитет автопроизводителей остается открытым для обсуждений и выработки конструктивных решений. Влияние этих существенных факторов начнет ощущаться уже в ближайшее время, но полноценно мы сможем оценить его не ранее конца этого - начала следующего года. На данный момент комитет считает, что прогноз, который мы опубликовали в прошлом месяце, имеет все шансы быть реализованным.» 1По информации, предоставленной АО «ППК», о продажах новых транспортных средств на основе данных об их передаче владельцам (analytics@passport-ic.ru). Контакты: Ольга Зуева, координатор Комитета автопроизводителей АЕБ, olga.zueva@aebrus.ru, тел. +7 (495) 234 27 64 (123) Юлия Щеглова, менеджер проектов по исследованию рынка и статистики АЕБ, yuliya.sheglova@aebrus.ru, тел. +7 (495) 234 27 64 Елена Демичева, пресс-секретарь АЕБ, elena.demicheva@aebrus.ru, тел +7-965-216-43-62",2024-08-05,"По данным Комитета автопроизводителей АЕБ, общие продажи новых легковых и легких коммерческих автомобилей в июле 2024 года составили 123 217 штук без учета альтернативных каналов поставок и около 138 951 с их учетом.",в июле 2024,123217.0
RUS Car Sales in June and HY1 2024.pdf,https://aebrus.ru/upload/iblock/461/RUS-Car-Sales-in-June-and-HY1-2024.pdf,https://aebrus.ru/ru/media/press-releases/sales-of-cars-and-light-commercial-vehicles.php?SHOWALL_1=1#search,aeb_rus_sales_data\pdf\RUS-Car-Sales-in-June-and-HY1-2024.pdf,aeb_rus_sales_data\text\RUS-Car-Sales-in-June-and-HY1-2024.txt,3,"АЕБ Спонсоры 2024 B1 • Bank Credit Suisse • BOSCH Group • Colgate-Palmolive • HeidelbergCement • ING • Kept • Leroy Merlin Russia • MB RUS • Merck • METRO Cash&Carry • Oriflame • Procter & Gamble Raiffeisenbank • SOGAZ • TotalEnergies EP Russie • VEGAS LEX • Zetta Life Ассоциация европейского бизнеса Россия, 127055 Москва, Ул. Бутырский Вал 68/70, стр. 1 Тел.: +7 (495) 234 27 64 E-Mail: info@aebrus.ru www.aebrus.ru Пресс-релиз 3 июля 2024 Автомобильный рынок в июне 2024 года вырос на 49,6% и на 74,5% в первом полугодии 2024 г*. По данным Комитета автопроизводителей АЕБ, общие продажи новых легковых и легких коммерческих автомобилей в первом полугодии 2024 года составили 703 765 штук без учета альтернативных каналов поставок и около 754 627 штук с их учетом. Эти цифры подтверждаются данными продаж новых автомобилей от ППК – 747 829 штук. По данным ППК, продажи новых автомобилей в июне составили 130 715 штук, на 49,6% больше, чем в июне 2023 г. Комментирует председатель Комитета автопроизводителей Алексей Калицев: «Основной тенденцией первого полугодия 2024 г. стал стремительный рост рынка продаж новых автомобилей, который превысил прогнозные значения начала года. В январе АЕБ прогнозировала объем рынка 2024 на уровне 1.3 млн проданных автомобилей. Усилия Правительства, направленные на сокращение объема параллельного импорта и повышения локализации производства автомобилей, как и на регулирование импорта через страны ЕАЭС, в определенный момент способствовали замедлению роста, однако, не изменили тенденцию. Основным источником роста рынка продолжает оставаться импорт новых автомобилей. Однако, в связи с состоявшимся и планируемым запуском производств, в перспективе доля импорта будет сокращаться, как мы уже наблюдали в прошлом, в период активной локализации иностранных производителей. Стоит также отметить, что в целом объем автомобилей, ввезенных через альтернативные источники практически, не растет. А его доля снизилась до 18% в первом полугодии. Что касается спроса, то, хотя он продолжает оставаться на довольно высоком уровне, в дилерских центрах несмотря на довольно широкие предложения, не наблюдается повышение траффика. Одной из причин этого является высокая стоимость кредитов из-за сохраняющейся высокой ключевой ставки Центрального Банка. Учитывая различные экономические, регуляторные, политические факторы и, исходя из того, что санкционное и иное давление останется на том же уровне до конца года, Комитет автопроизводителей считает, что общий объем рынка новых автомобилей в 2024 г. составит – 1,45 млн., автомобилей.» Примечания: * По информации, предоставленной АО «ППК», о продажах новых транспортных средств на основе данных об их передаче владельцам (analytics@passport-ic.ru). В этом релизе не публикуются стандартные форматы таблиц по легковым автомобилям с разбивкой по маркам, т.к они обновляются и будут опубликованы в следующих релизах. Контакты: Ольга Зуева, координатор Комитета автопроизводителей АЕБ, olga.zueva@aebrus.ru, тел. +7 (495) 234 27 64 (123) Юлия Щеглова, менеджер проектов по исследованию рынка и статистики АЕБ, yuliya.sheglova@aebrus.ru, тел. +7 (495) 234 27 64 Елена Демичева, менеджер по связям с общественностью/пресс-секретарь АЕБ, elena.demicheva@aebrus.ru, тел +7-965-216-43-62 АО «ППК»: analytics@passport-ic.ru, тел. +7 (499) 757 71 76 -------------------------------------------------------------- Приложения: 1. 10 наиболее продаваемых моделей легких коммерческих автомобилей за январь-июнь 2024/2023 2. Структура рынка новых легковых и легких коммерческих автомобилей в России за январь-июнь 2024/2023",2024-07-03,"Автомобильный рынок в июне 2024 года вырос на 49,6% и на 74,5% в первом полугодии 2024 г*.",в июне 2024,703765.0
RUS car sales May 2024.pdf,https://aebrus.ru/upload/iblock/a36/RUS-car-sales-May-2024.pdf,https://aebrus.ru/ru/media/press-releases/sales-of-cars-and-light-commercial-vehicles.php?SHOWALL_1=1#search,aeb_rus_sales_data\pdf\RUS-car-sales-May-2024.pdf,aeb_rus_sales_data\text\RUS-car-sales-May-2024.txt,1,"АЕБ Спонсоры 2024 B1 • Bank Credit Suisse • Colgate-Palmolive • HeidelbergCement • ING • Kept • Leroy Merlin Russia • MB RUS • Merck • METRO Cash&Carry • Oriflame • Procter & Gamble • Raiffeisenbank SOGAZ Insurance Group • TotalEnergies EP Russie • VEGAS LEX • Zetta Life Ассоциация европейского бизнеса Россия, 127055 Москва, Ул. Бутырский Вал 68/70, стр. 1 Тел.: +7 (495) 234 27 64 E-Mail: info@aebrus.ru www.aebrus.ru Пресс-релиз 4 июня 2024 По данным Комитета автопроизводителей АЕБ, общие продажи новых легковых и легких коммерческих автомобилей в мае 2024 года составили 125 501 штук без учета альтернативных каналов поставок и около 132 363 штук с их учетом. Что подтверждается данными продаж от ППК1 – 132 523 штуки. Комментирует председатель Комитета автопроизводителей, Алексей Калицев: «В мае 2024 г. автомобильный рынок РФ продолжил стремительный рост на 72,5% к маю прошлого года. При этом, если посмотреть на динамику, то мы видим, что март 2024 года превысил показатель продаж соответствующего месяца прошлого года на 102%, апрель – на 78%. Таким образом несмотря на сохраняющуюся тенденцию практически удвоения объема продаж, очевидно замедление темпов роста. Одним из факторов, который традиционно влияет на объем продаж в мае, является отпускной сезон, соответственно сокращается траффик в дилерских центрах. Снижение темпов роста также обусловлено растущей базой прошлого года. Июнь покажет, насколько тенденция замедления темпов роста рынка является устойчивой. Динамика рынка за 5 месяцев 2024 г. составляет +81%. За январь-май рынок преодолел отметку в 617 000 проданных новых автомобилей, давая основание полагать, что наш прогноз на 2024 г., представленный в январе, имеет хороший шанс быть реализованным. Мы обновим его с нашим следующим пресс-релизом одновременно с публикацией данных за первое полугодие 2024. В целом, в настоящий момент мы внимательно следим за принятием решений, которые могут существенно повлиять на ситуацию на рынке в ближайшее время, в частности, за возможным изменением ключевой ставки Центральным Банком, а также за уровнем и сроками повышения утилизационного сбора. В целом, для стабильного развития индустрии важным остается прозрачность и предсказуемость условий работы и принятия решений регуляторами.» 1По информации, предоставленной АО «ППК», о продажах новых транспортных средств на основе данных об их передаче владельцам (analytics@passport-ic.ru). Контакты: Ольга Зуева, координатор Комитета автопроизводителей АЕБ, olga.zueva@aebrus.ru, тел. +7 (495) 234 27 64 (123) Юлия Щеглова, менеджер проектов по исследованию рынка и статистики АЕБ, yuliya.sheglova@aebrus.ru, тел. +7 (495) 234 27 64 Елена Демичева, менеджер по связям с общественностью/пресс-секретарь АЕБ, elena.demicheva@aebrus.ru, тел +7-965-216-43-62",2024-06-04,"По данным Комитета автопроизводителей АЕБ, общие продажи новых легковых и легких коммерческих автомобилей в мае 2024 года составили 125 501 штук без учета альтернативных каналов поставок и около 132 363 штук с их учетом. Что подтверждается данными продаж от ППК1 – 132 523 штуки.",в мае 2024,125501.0
RUS car sales April 2024.pdf,https://aebrus.ru/upload/iblock/243/RUS-car-sales-April-2024.pdf,https://aebrus.ru/ru/media/press-releases/sales-of-cars-and-light-commercial-vehicles.php?SHOWALL_1=1#search,aeb_rus_sales_data\pdf\RUS-car-sales-April-2024.pdf,aeb_rus_sales_data\text\RUS-car-sales-April-2024.txt,1,"АЕБ Спонсоры 2024 B1 • Bank Credit Suisse • BOSCH Group • Colgate-Palmolive • HeidelbergCement • ING • Kept • Leroy Merlin Russia • MB RUS • Merck • METRO Cash&Carry • Oriflame • Procter & Gamble Raiffeisenbank • SOGAZ • TotalEnergies EP Russie • VEGAS LEX • Zetta Life Ассоциация европейского бизнеса Россия, 127055 Москва, Ул. Бутырский Вал 68/70, стр. 1 Тел.: +7 (495) 234 27 64 E-Mail: info@aebrus.ru www.aebrus.ru Пресс-релиз 3 мая 2024 По данным Комитета автопроизводителей АЕБ, общие продажи новых легковых и легких коммерческих автомобилей в апреле 2024 года составили 126 140 штук без учета альтернативных каналов поставок и около 143 670 штук с их учетом. Что подтверждается данными продаж от ППК1 – 142 865 штук. Комментирует председатель Комитета автопроизводителей, Алексей Калицев: «В апреле 2024 г. автомобильный рынок РФ продолжил стремительный рост +78% к апрелю прошлого года, сохраняя тенденцию практически удвоения объема продаж. Динамика рынка за 4 месяца составила +83%. При этом, очевидно замедление роста. Рынок продолжает адаптироваться к новым правилам регулирования индустрии, в том числе к измененным правилам доначисления с 1 апреля 2024 г. утилизационного сбора на автомобили, импортируемые из стран ЕАЭС. Перезапуск производственных площадок, а также усилия государства по созданию условий для успешной локализации новых приходящих и уже работающих в России автопроизводителей, будут способствовать расширению предложений на внутреннем рынке. Особенно важно привлечь наиболее передовые технологии, такие как гибридные и электрические силовые установки. Как уже отмечалось, в настоящее время наблюдается рост интереса потребителей к таким автомобилям. Однако, одним из сдерживающих факторов их приобретения продолжает оставаться существующий подход исчисления акцизов и иных платежей, который основан на простом сложении мощностей моторов, что с технической точки зрения является некорректным. В связи с этим актуальной остается разработка и внедрение методики подсчета мощности транспортных средств с двумя и более двигателями. Мы уже обратились в профильные органы государственной власти с предложением провести соответствующую НИР и надеемся, что они инициируют и поддержат данную инициативу.» 1По информации, предоставленной АО «ППК», о продажах новых транспортных средств на основе данных об их передаче владельцам (analytics@passport-ic.ru). Контакты: Ольга Зуева, координатор Комитета автопроизводителей АЕБ, olga.zueva@aebrus.ru, тел. +7 (495) 234 27 64 (123) Юлия Щеглова, менеджер проектов по исследованию рынка и статистики АЕБ, yuliya.sheglova@aebrus.ru, тел. +7 (495) 234 27 64 Елена Демичева, менеджер по связям с общественностью/пресс-секретарь АЕБ, elena.demicheva@aebrus.ru, тел +7-965-216-43-62",2024-05-03,"По данным Комитета автопроизводителей АЕБ, общие продажи новых легковых и легких коммерческих автомобилей в апреле 2024 года составили 126 140 штук без учета альтернативных каналов поставок и около 143 670 штук с их учетом. Что подтверждается данными продаж от ППК1 – 142 865 штук.",в апреле 2024,126140.0
RUS Car Sales in March and Q1 2024.pdf,https://aebrus.ru/upload/iblock/def/RUS-Car-Sales-in-March-and-Q1-2024.pdf,https://aebrus.ru/ru/media/press-releases/sales-of-cars-and-light-commercial-vehicles.php?SHOWALL_1=1#search,aeb_rus_sales_data\pdf\RUS-Car-Sales-in-March-and-Q1-2024.pdf,aeb_rus_sales_data\text\RUS-Car-Sales-in-March-and-Q1-2024.txt,6,"АЕБ Спонсоры 2024 B1 • Bank Credit Suisse • BOSCH Group • Colgate-Palmolive • HeidelbergCement • ING • Kept • Leroy Merlin Russia • MB RUS • Merck • METRO Cash&Carry • Oriflame • Procter & Gamble Raiffeisenbank • SOGAZ • TotalEnergies EP Russie • VEGAS LEX • Zetta Life Ассоциация европейского бизнеса Россия, 127055 Москва, Ул. Бутырский Вал 68/70, стр. 1 Тел.: +7 (495) 234 27 64 E-Mail: info@aebrus.ru www.aebrus.ru Пресс-релиз 3 апреля 2024 Автомобильный рынок в марте 2024 года вырос на 102% и на 86% в первом квартале 2024 г*. По данным Комитета автопроизводителей АЕБ, общие продажи новых легковых и легких коммерческих автомобилей в первом квартале 2024 года составили 249 118 штук без учета альтернативных каналов поставок и около 332 898 штук с их учетом. Эти цифры подтверждаются данными продаж новых автомобилей от ППК1 – 341 619 штук. Разница в цифрах объясняется дополнительным объемом продаж через альтернативные каналы. По данным ППК, продажи новых автомобилей в марте составили 150 640 штук, на 102% больше, чем в марте 2023 г. Комментирует председатель Комитета автопроизводителей Алексей Калицев: «В первом квартале рынок в целом вырос на 86% к первому кварталу прошлого года и на 102% в марте (по данным ППК). Первый квартал 2024 показал высокие результаты. Существенный рост предложений соответствовал крайне высокому спросу. Спрос был стимулирован адаптационными мерами господдержки. Дополнительным фактором роста более чем в 2 раза по сравнению с прошлым годом стали введенные с 1 апреля изменения исчисления утилизационного сбора на автомобили, ввозимые через страны ЕАЭС. Вероятность существенного удорожания автомобиля за счет возможных доначислений явилась стимулом для потребителей, планировавших покупку автомобиля, решить этот вопрос до вступления в силу новых правил. За последний год автомобильный рынок претерпел существенные изменения. Значительно выросла доля электромобилей, продолжающая расти и достигнувшая 1,5% в первом квартале. А также все более популярными становятся автомобили, оснащенные гибридными (комбинированными) энергоустановками. Однако существенным затруднением в продвижении на рынок РФ таких автомобилей является нераспространение на данные автомобили таких мер поддержки как льготные кредиты и лизинг, сложность определения мощностных показателей, необходимых для расчета транспортного налога и других обязательных платежей. Отсутствие научно обоснованной методики установления налогооблагаемой величины мощности комбинированных энергоустановок различных конструкций приводит к существенным доначислениям. Считаем, что проведение научно-исследовательской работы, результаты которой будут использованы для формирования указанной методики, с участием ведущих автопроизводителей и на базе профильных исследовательских центров, вероятно, сможет помочь решить данную проблему. Первый квартал ознаменовался запуском локальных производств на заводах, которые находились в простое в последнее время. Появление новых брендов расширяет возможности выбора для покупателей. С нетерпением ждем появление новых брендов в статистике АЕБ. Solaris уже с нами! Исходя из наметившихся тенденций на рынке и с учетом того, что не произойдет существенных негативных изменений, Комитет автопроизводителей подтверждает ранее озвученный прогноз и считает, что в 2024 г. рынок достигнет и, возможно, превысит 1,3 млн. новых автомобилей.",2024-04-03,Автомобильный рынок в марте 2024 года вырос на 102% и на 86% в первом квартале 2024 г*.,в марте 2024,249118.0
RUS car sales February 2024.pdf,https://aebrus.ru/upload/iblock/2b3/RUS-car-sales-February-2024.pdf,https://aebrus.ru/ru/media/press-releases/sales-of-cars-and-light-commercial-vehicles.php?SHOWALL_1=1#search,aeb_rus_sales_data\pdf\RUS-car-sales-February-2024.pdf,aeb_rus_sales_data\text\RUS-car-sales-February-2024.txt,1,"АЕБ Спонсоры 2024 B1 • Bank Credit Suisse • BOSCH Group • Colgate-Palmolive • HeidelbergCement • ING • Kept • Leroy Merlin Russia • MB RUS • Merck • METRO Cash&Carry • Oriflame • Procter & Gamble Raiffeisenbank • SOGAZ • TotalEnergies EP Russie • VEGAS LEX • Zetta Life Ассоциация европейского бизнеса Россия, 127055 Москва, Ул. Бутырский Вал 68/70, стр. 1 Тел.: +7 (495) 234 27 64 E-Mail: info@aebrus.ru www.aebrus.ru Пресс-релиз 5 марта 2024 По данным Комитета автопроизводителей АЕБ, общие продажи новых легковых и легких коммерческих автомобилей в феврале 2024 года составили 84 995 штук без учета альтернативных каналов поставок и около 105 300 штук с их учетом. Эти цифры подтверждаются данными продаж новых автомобилей от ППК1 – 108 312 штук. Разница в цифрах объясняется дополнительным объемом продаж через альтернативные каналы. Комментирует председатель Комитета автопроизводителей, Алексей Калицев: «В феврале рынок в целом вырос на 84% к февралю прошлого года и на 74% за два месяца (по данным ППК). Влияние перенасыщения рынка, обусловленное высоким уровнем складских запасов сохраняется, но становится менее выраженным. Продолжается влияние высокой ключевой ставки. Государство вводит и адаптирует различные меры поддержки и ограничения с целью регулирования автомобильного рынка, которые должны стимулировать и усиливать развитие локального производства. Одновременно предоставляются возможности для дальнейшего успешного развития автомобильного бизнеса, в том числе игрокам с вновь приобретенными активами. В частности, расширен список рекомендованных к госзакупкам автомобилей российского производства. Среди других мер следует выделить следующие: - C 1 февраля на электромобили, ввозимые официально, перестала распространяться система упрощенной сертификации. В краткосрочной перспективе это не будет способствовать росту объемов продаж таких машин, но очевидно должно стимулировать локальное производство и благоприятно сказаться на технической поддержке продаваемых автомобилей. - C 1 апреля вводится доначисление утилизационного сбора за автомобили ввезенные через страны ЕАЭС. Возможно, что эта мера поддержит рынок в феврале и марте, когда еще окно открыто и желающие приобрести автомобиль подешевле постараются им воспользоваться. На основании тенденций рынка в январе-феврале есть хорошие предпосылки для продолжения роста в марте.» 1По информации, предоставленной АО «ППК», о продажах новых транспортных средств на основе данных об их передаче владельцам (analytics@passport-ic.ru). Контакты: Ольга Зуева, координатор Комитета автопроизводителей АЕБ, olga.zueva@aebrus.ru, тел. +7 (495) 234 27 64 (123) Юлия Щеглова, менеджер проектов по исследованию рынка и статистики АЕБ, yuliya.sheglova@aebrus.ru, тел. +7 (495) 234 27 64 Елена Демичева, менеджер по связям с общественностью/пресс-секретарь АЕБ, elena.demicheva@aebrus.ru, тел +7-965-216-43-62",2024-03-05,"По данным Комитета автопроизводителей АЕБ, общие продажи новых легковых и легких коммерческих автомобилей в феврале 2024 года составили 84 995 штук без учета альтернативных каналов поставок и около 105 300 штук с их учетом. Эти цифры подтверждаются данными продаж новых автомобилей от ППК1 – 108 312 штук. Разница в цифрах объясняется дополнительным объемом продаж через альтернативные каналы.",в феврале 2024,84995.0
RUS Car Sales in January 2024.pdf,https://aebrus.ru/upload/iblock/29d/RUS-Car-Sales-in-January-2024.pdf,https://aebrus.ru/ru/media/press-releases/sales-of-cars-and-light-commercial-vehicles.php?SHOWALL_1=1#search,aeb_rus_sales_data\pdf\RUS-Car-Sales-in-January-2024.pdf,aeb_rus_sales_data\text\RUS-Car-Sales-in-January-2024.txt,1,"АЕБ Спонсоры 2024 B1 • Bank Credit Suisse • BOSCH Group • Colgate-Palmolive • HeidelbergCement • ING • Kept • Leroy Merlin Russia • MB RUS • Merck • METRO Cash&Carry • Oriflame • Procter & Gamble Raiffeisenbank • SOGAZ • Technologies of Trust • TotalEnergies EP Russie • VEGAS LEX • Zetta Life Ассоциация европейского бизнеса Россия, 127055 Москва, Ул. Бутырский Вал 68/70, стр. 1 Тел.: +7 (495) 234 27 64 E-Mail: info@aebrus.ru www.aebrus.ru Пресс-релиз 5 февраля 2024 По данным Комитета автопроизводителей АЕБ, общие продажи новых легковых и легких коммерческих автомобилей в январе 2024 года составили 65 200 штук без учета альтернативных каналов поставок и около 83 000 штук с их учетом. Эти цифры подтверждаются данными продаж новых автомобилей от ППК1 – 82 671 штуки. Разница в цифрах объясняется дополнительным объемом продаж через альтернативные каналы. Комментирует председатель Комитета автопроизводителей, Алексей Калицев: «Рост продаж в январе 2024 года составил 64% по сравнению с аналогичным периодом прошлого года. На динамику рынка оказала влияние продолжающаяся адаптация к внутренним и внешним факторам. Одним из таких факторов является перенасыщение рынка, обусловленное высоким уровнем складских запасов, сфокусированных в сегменте кроссоверов. Также цифры роста обусловлены низкой базой января прошлого года. По сравнению с декабрем 2023 года есть замедление, которое типично для января, т. к. традиционно в декабре контрактование идет динамичнее в связи с предстоящими каникулами. Очевидно, что продолжается влияние существенного повышения ключевой ставки, утилизационного сбора и других факторов, из-за которых многими клиентами откладывается покупка нового автомобиля. Для дальнейшего сохранения растущего тренда необходимо усиление мер поддержки потребительского спроса как со стороны дилеров и производителей, так и на уровне государства. В феврале мы сможем оценить тренды развития автомобильного рынка с большей точностью.» 1По информации, предоставленной АО «ППК», о продажах новых транспортных средств на основе данных об их передаче владельцам (analytics@passport-ic.ru). Контакты: Ольга Зуева, координатор Комитета автопроизводителей АЕБ, olga.zueva@aebrus.ru, тел. +7 (495) 234 27 64 (123) Юлия Щеглова, менеджер проектов по исследованию рынка и статистики АЕБ, yuliya.sheglova@aebrus.ru, тел. +7 (495) 234 27 64 Елена Демичева, менеджер по связям с общественностью/пресс-секретарь АЕБ, elena.demicheva@aebrus.ru, тел +7-965-216-43-62",2024-02-05,"По данным Комитета автопроизводителей АЕБ, общие продажи новых легковых и легких коммерческих автомобилей в январе 2024 года составили 65 200 штук без учета альтернативных каналов поставок и около 83 000 штук с их учетом. Эти цифры подтверждаются данными продаж новых автомобилей от ППК1 – 82 671 штуки. Разница в цифрах объясняется дополнительным объемом продаж через альтернативные каналы.",в январе 2024,65200.0
RUS Car Sales in December 2023.pdf,https://aebrus.ru/upload/iblock/a20/RUS-Car-Sales-in-December-2023.pdf,https://aebrus.ru/ru/media/press-releases/sales-of-cars-and-light-commercial-vehicles.php?SHOWALL_1=1#search,aeb_rus_sales_data\pdf\RUS-Car-Sales-in-December-2023.pdf,aeb_rus_sales_data\text\RUS-Car-Sales-in-December-2023.txt,7,"АЕБ Спонсоры 2024 B1 • Bank Credit Suisse • BOSCH Group • Colgate-Palmolive • HeidelbergCement • ING • Kept • Leroy Merlin Russia • MB RUS • Merck • METRO Cash&Carry • Oriflame • Procter & Gamble Raiffeisenbank • SOGAZ • Technologies of Trust • TotalEnergies EP Russie • VEGAS LEX • Zetta Life Ассоциация европейского бизнеса Россия, 127055 Москва, Ул. Бутырский Вал 68/70, стр. 1 Тел.: +7 (495) 234 27 64 E-Mail: info@aebrus.ru www.aebrus.ru Пресс-релиз 11 января 2024 Автомобильный рынок в 2023 году вырос на 57,8%*. Начиная с июля 2023 года, пресс релиз АЕБ дополнен данными о продажах, предоставленными АО «ППК», включающими, в том числе, не входящие в статистику АЕБ объемы продаж. Это позволяет дать более объективную оценку состоянию рынка продаж новых автомобилей и его динамике. По информации Комитета автопроизводителей, основанной на данных автопроизводителей и официальных импортеров, уровень продаж за январь - декабрь 2023 г. вырос на 36,3% или на 249 711 штук по сравнению 2022 годом и составил 937 081 автомобиль. При этом, по информации, предоставленной АО «ППК», о продажах новых транспортных средств на основе данных об их передаче владельцам декабрь 2023 г. ознаменовался увеличением уровня продаж на 84,6%, или на 59 083 штуки по сравнению с декабрем 2022 года, и составил 128 930 автомобилей. За год рынок вырос на 57,8% и составил 1 127 856 штук. Примечания: * По информации, предоставленной АО «ППК», о продажах новых транспортных средств на основе данных об их передаче владельцам (analytics@passport-ic.ru). Ежемесячные данные АЕБ не включают данные о продажах BMW и Mercedes-Benz Rus, в связи с решением штаб-квартир BMW Group и Mercedes-Benz AG изменить периодичность публикации данных о продажах с ежемесячной на ежеквартальную. С мая 2022 ежемесячные данные АЕБ не включают данные о продажах Chery по решению штаб-квартиры Chery Automobile CO, Ltd. Ежеквартальные данные содержат информацию о всех вышеперечисленных автопроизводителях. Контакты: Ольга Зуева, координатор Комитета автопроизводителей АЕБ, olga.zueva@aebrus.ru, тел. +7 (495) 234 27 64 (123) Юлия Щеглова, менеджер проектов по исследованию рынка и статистики АЕБ, yuliya.sheglova@aebrus.ru, тел. +7 (495) 234 27 64 Елена Демичева, менеджер по связям с общественностью/пресс-секретарь АЕБ, elena.demicheva@aebrus.ru, тел +7-965-216-43-62 АО «ППК»: analytics@passport-ic.ru, тел. +7 (499) 757 71 76 -------------------------------------------------------------- Приложения: 1. Продажи новых легковых и легких коммерческих автомобилей в России за январь-декабрь 2023/2022 2. Продажи новых легковых и легких коммерческих автомобилей по группам за декабрь 2023/2022 и январь-декабрь 2023/2022 3. 25 наиболее продаваемых моделей легковых автомобилей в России за январь-декабрь 2023/2022 4. 10 наиболее продаваемых моделей легких коммерческих автомобилей за декабрь 2023/2022 и январь-декабрь 2023/2022 5. Структура рынка новых легковых и легких коммерческих автомобилей в России за январь-декабрь 2023/2022",2024-01-11,"Автомобильный рынок в 2023 году вырос на 57,8%*. Начиная с июля 2023 года, пресс релиз АЕБ дополнен данными о продажах, предоставленными АО «ППК», включающими, в том числе, не входящие в статистику АЕБ объемы продаж. Это позволяет дать более объективную оценку состоянию рынка продаж новых автомобилей и его динамике. По информации Комитета автопроизводителей, основанной на данных автопроизводителей и официальных импортеров, уровень продаж за январь - декабрь 2023 г. вырос на 36,3% или на 249 711 штук по сравнению 2022 годом и составил 937 081 автомобиль. При этом, по информации, предоставленной АО «ППК», о продажах новых транспортных средств на основе данных об их передаче владельцам декабрь 2023 г. ознаменовался увеличением уровня продаж на 84,6%, или на 59 083 штуки по сравнению с декабрем 2022 года, и составил 128 930 автомобилей. За год рынок вырос на 57,8% и составил 1 127 856 штук.",в 2023 году,1127856.0
RUS Car Sales in November 2023.pdf,https://aebrus.ru/upload/iblock/2af/RUS-Car-Sales-in-November-2023.pdf,https://aebrus.ru/ru/media/press-releases/sales-of-cars-and-light-commercial-vehicles.php?SHOWALL_1=1#search,aeb_rus_sales_data\pdf\RUS-Car-Sales-in-November-2023.pdf,aeb_rus_sales_data\text\RUS-Car-Sales-in-November-2023.txt,1,"АЕБ Спонсоры 2023 Allianz • B1 • Bank Credit Suisse • BOSCH Group • Continental Tires RUS • Dassault Systems • EL5-Energo • GE • HeidelbergCement • ING • Kept • Leroy Merlin Russia • Mercedes-Benz Russia • Merck • METRO Cash&Carry • Oriflame • Procter & Gamble • Raiffeisenbank • SOGAZ • Technologies of Trust • TotalEnergies EP Russie • VEGAS LEX Ассоциация европейского бизнеса Россия, 127055 Москва, Ул. Бутырский Вал 68/70, стр. 1 Тел.: +7 (495) 234 27 64 E-Mail: info@aebrus.ru www.aebrus.ru Пресс-релиз 5 декабря 2023 «По данным Комитета автопроизводителей АЕБ общие продажи новых легковых и легких коммерческих автомобилей в ноябре 2023 года составили 110 935* штук. Эти цифры подтверждаются данными продаж новых автомобилей от ППК1 – 117 994 штуки. Разница объясняется дополнительным объемом продаж, поставленных через альтернативные каналы. Рост продаж за январь-ноябрь составил 44% по сравнению с аналогичным периодом прошлого года. По данным ППК с учетом альтернативных каналов рынок уже достиг почти миллиона проданных автомобилей. Рынок показывает положительную динамику, но факторы увеличения утилизационного сбора и ключевой ставки оказывают сдерживающее влияние. Полные результаты года и прогноз на 2024 будут представлены на годовой пресс-конференции Комитета автопроизводителей АЕБ в январе.» *Детальная статистика по маркам будет предоставлена в годовом пресс-релизе. Сейчас идет работа над изменением формата публикации данных. 1По информации, предоставленной АО «ППК», о продажах новых транспортных средств на основе данных об их передаче владельцам (analytics@passport-ic.ru). Контакты: Ольга Зуева, координатор Комитета автопроизводителей АЕБ, olga.zueva@aebrus.ru, тел. +7 (495) 234 27 64 (123) Юлия Щеглова, менеджер проектов по исследованию рынка и статистики АЕБ, yuliya.sheglova@aebrus.ru, тел. +7 (495) 234 27 64 Елена Демичева, менеджер по связям с общественностью/пресс-секретарь АЕБ, elena.demicheva@aebrus.ru, тел +7-965-216-43-62",2023-12-05,«,,
RUS Car Sales in Octover 2023.pdf,https://aebrus.ru/upload/iblock/936/RUS-Car-Sales-in-Octover-2023.pdf,https://aebrus.ru/ru/media/press-releases/sales-of-cars-and-light-commercial-vehicles.php?SHOWALL_1=1#search,aeb_rus_sales_data\pdf\RUS-Car-Sales-in-Octover-2023.pdf,aeb_rus_sales_data\text\RUS-Car-Sales-in-Octover-2023.txt,1,"АЕБ Спонсоры 2023 Allianz • B1 • Bank Credit Suisse • BOSCH Group • Continental Tires RUS • Dassault Systems • EL5-Energo • GE • HeidelbergCement • ING • Kept • Leroy Merlin Russia • Mercedes-Benz Russia • Merck • METRO Cash&Carry • Oriflame • Procter & Gamble • Raiffeisenbank • SOGAZ • Technologies of Trust • TotalEnergies EP Russie • VEGAS LEX Ассоциация европейского бизнеса Россия, 127055 Москва, Ул. Бутырский Вал 68/70, стр. 1 Тел.: +7 (495) 234 27 64 E-Mail: info@aebrus.ru www.aebrus.ru Пресс-релиз 3 ноября 2023 «По данным Комитета автопроизводителей АЕБ общие продажи новых легковых и легких коммерческих автомобилей в октябре 2023 года составили 110 150 штук. Эти цифры подтверждаются данными продаж новых автомобилей от ППК – 119 864 штуки. Разница в цифрах объясняется дополнительным объемом продаж через альтернативные каналы. Рост продаж за январь-октябрь 2023 года составил 38% по сравнению с аналогичным периодом прошлого года. Динамика развития рынка показывает, что он может достичь 1 миллиона новых легковых и легких коммерческих автомобилей по итогам года, что соответствует ранее озвученному прогнозу АЕБ.» *Детальная статистика по маркам будет предоставлена в годовом пресс-релизе. Сейчас идет работа над изменением формата публикации данных. Контакты: Ольга Зуева, координатор Комитета автопроизводителей АЕБ, olga.zueva@aebrus.ru, тел. +7 (495) 234 27 64 (123) Юлия Щеглова, менеджер проектов по исследованию рынка и статистики АЕБ, yuliya.sheglova@aebrus.ru, тел. +7 (495) 234 27 64 Елена Демичева, менеджер по связям с общественностью/пресс-секретарь АЕБ, elena.demicheva@aebrus.ru, тел +7-965-216-43-62",2023-11-03,«,,110150.0
RUS Car Sales in September and Q3 2023.pdf,https://aebrus.ru/upload/iblock/1c0/RUS-Car-Sales-in-September-and-Q3-2023.pdf,https://aebrus.ru/ru/media/press-releases/sales-of-cars-and-light-commercial-vehicles.php?SHOWALL_1=1#search,aeb_rus_sales_data\pdf\RUS-Car-Sales-in-September-and-Q3-2023.pdf,aeb_rus_sales_data\text\RUS-Car-Sales-in-September-and-Q3-2023.txt,7,"АЕБ Спонсоры 2023 Allianz • B1 • Bank Credit Suisse • BOSCH Group • Continental Tires RUS • Dassault Systems • EL5-Energo • GE • HeidelbergCement • ING • Kept • Leroy Merlin Russia • Mercedes-Benz Russia • Merck • METRO Cash&Carry • Oriflame • Procter & Gamble • Raiffeisenbank • SOGAZ • Technologies of Trust • TotalEnergies EP Russie • VEGAS LEX Ассоциация европейского бизнеса Россия, 127055 Москва, Ул. Бутырский Вал 68/70, стр. 1 Тел.: +7 (495) 234 27 64 E-Mail: info@aebrus.ru www.aebrus.ru Пресс-релиз 4 октября 2023 Автомобильный рынок в сентябре 2023 года вырос на 120,5% и на 42,8% за 3 квартала 2023 года*. Начиная с июля 2023 года, пресс релиз АЕБ дополнен данными о продажах, предоставленными АО «ППК», включающими, в том числе, не входящие в статистику АЕБ объемы продаж. Это позволит дать более объективную оценку состоянию рынка продаж новых автомобилей и его динамике. По информации Комитета автопроизводителей, основанной на данных автопроизводителей и официальных импортеров, продажи за 3 квартала 2023 года выросли на 26,1%. Среди проданных новых легковых автомобилей: ∙ ком. авт. – 60 640 шт., или 9,5% (AMC) или 8,0% (ППК) ∙ внедорожники – 374 191 шт., или 58,6% или 49,1% (ППК) ∙ пикапы – 6 490 шт., или 1,0% или 0,9% (ППК) ∙ электромобили – 1 256 шт. При этом, по информации, предоставленной АО «ППК», о продажах новых транспортных средств на основе данных об их передаче владельцам сентябрь 2023 г. ознаменовался увеличением уровня продаж на 120,5%, или на 63 568 штук по сравнению с сентябрем 2022 года, и составил 116 324 автомобиля. За 3 квартала рынок вырос на 42,8%. Комментирует председатель Комитета автопроизводителей, Алексей Калицев: «За 9 месяцев текущего года мы наблюдаем устойчивую тенденцию роста рынка продаж новых автомобилей, что указывает на его высокий потенциал и постепенное восстановление несмотря на рост цен и серьезную волатильность курса рубля.» Примечания: * По информации, предоставленной АО «ППК», о продажах новых транспортных средств на основе данных об их передаче владельцам (analytics@passport-ic.ru). Контакты: Ольга Зуева, координатор Комитета автопроизводителей АЕБ, olga.zueva@aebrus.ru, тел. +7 (495) 234 27 64 (123) Юлия Щеглова, менеджер проектов по исследованию рынка и статистики АЕБ, yuliya.sheglova@aebrus.ru, тел. +7 (495) 234 27 64 Елена Демичева, менеджер по связям с общественностью/пресс-секретарь АЕБ, Elena.Demicheva@aebrus.ru, тел +7-965-216-43-62 АО «ППК»: analytics@passport-ic.ru, тел. +7 (499) 757 71 76 -------------------------------------------------------------- Приложения: 1. Продажи новых легковых и легких коммерческих автомобилей в России за январь-сентябрь 2023/2022 2. Продажи новых легковых и легких коммерческих автомобилей по группам за сентябрь и январь-сентябрь 2023/2022 3. 25 наиболее продаваемых моделей легковых автомобилей в России за январь-сентябрь 2023/2022 4. 10 наиболее продаваемых моделей легких коммерческих автомобилей за сентябрь 2023/2022 и январь-сентябрь 2023/2022 5. Структура рынка новых легковых и легких коммерческих автомобилей в России за январь-сентябрь 2023/2022 гг.",2023-10-04,"Автомобильный рынок в сентябре 2023 года вырос на 120,5% и на 42,8% за 3 квартала 2023 года*. Начиная с июля 2023 года, пресс релиз АЕБ дополнен данными о продажах, предоставленными АО «ППК», включающими, в том числе, не входящие в статистику АЕБ объемы продаж. Это позволит дать более объективную оценку состоянию рынка продаж новых автомобилей и его динамике. По информации Комитета автопроизводителей, основанной на данных автопроизводителей и официальных импортеров, продажи за 3 квартала 2023 года выросли на 26,1%. Среди проданных новых легковых автомобилей: ∙ ком. авт. – 60 640 шт., или 9,5% (AMC) или 8,0% (ППК) ∙ внедорожники – 374 191 шт., или 58,6% или 49,1% (ППК) ∙ пикапы – 6 490 шт., или 1,0% или 0,9% (ППК) ∙ электромобили – 1 256 шт. При этом, по информации, предоставленной АО «ППК», о продажах новых транспортных средств на основе данных об их передаче владельцам сентябрь 2023 г. ознаменовался увеличением уровня продаж на 120,5%, или на 63 568 штук по сравнению с сентябрем 2022 года, и составил 116 324 автомобиля. За 3 квартала рынок вырос на 42,8%.",в сентябре 2023,
RUS Car Sales in August 2023.pdf,https://aebrus.ru/upload/iblock/dcf/RUS-Car-Sales-in-August-2023.pdf,https://aebrus.ru/ru/media/press-releases/sales-of-cars-and-light-commercial-vehicles.php?SHOWALL_1=1#search,aeb_rus_sales_data\pdf\RUS-Car-Sales-in-August-2023.pdf,aeb_rus_sales_data\text\RUS-Car-Sales-in-August-2023.txt,4,"АЕБ Спонсоры 2023 Allianz • B1 • Bank Credit Suisse • BOSCH Group • Continental Tires RUS • Dassault Systems • EL5-Energo • GE • HeidelbergCement • ING • Kept • Leroy Merlin Russia • Mercedes-Benz Russia • Merck • METRO Cash&Carry • Oriflame • Procter & Gamble • Raiffeisenbank • SOGAZ • Technologies of Trust • TotalEnergies EP Russie • VEGAS LEX Ассоциация европейского бизнеса Россия, 127055 Москва, Ул. Бутырский Вал 68/70, стр. 1 Тел.: +7 (495) 234 27 64 E-Mail: info@aebrus.ru www.aebrus.ru Пресс-релиз 5 сентября 2023 Автомобильный рынок в августе 2023 года вырос на 131,5%*. Начиная с июля 2023 года, пресс релиз АЕБ дополнен данными о продажах, предоставленными АО «ППК», включающими, в том числе, не входящие в статистику АЕБ объемы продаж. Это позволит дать более объективную оценку состоянию рынка продаж новых автомобилей и его динамике. По информации Комитета автопроизводителей, основанной на данных автопроизводителей и официальных импортеров, уровень продаж августа 2023 г. вырос на 42,3% или на 17 634 штук по сравнению с августом 2022 г. и составил 59 332 автомобиля. При этом, по информации, предоставленной АО «ППК», о продажах новых транспортных средств на основе данных об их передаче владельцам август 2023 г. ознаменовался увеличением уровня продаж на 131,5%, или на 63 198 штук по сравнению с августом 2022 года, и составил 111 272 автомобиля. За январь - август рынок вырос на 29,5%. Комментирует председатель Комитета автопроизводителей, Алексей Калицев: «Объем российского рынка новых легковых и легких коммерческих автомобилей в августе 2023г., включая альтернативный импорт, впервые за полтора года превысил 110 тысяч автомобилей, что является явным признаком его восстановления, и подтверждает наш прогноз в 1 миллион проданных автомобилей к концу этого года.» Примечания: * По информации, предоставленной АО «ППК», о продажах новых транспортных средств на основе данных об их передаче владельцам ( @ - . ). Ежемесячные данные АЕБ не включают данные о продажах BMW, Changan, Chery, Exeed, Evolute, Geely, Mercedes-Benz, Mercedes-Benz vans, MINI, smart, Omoda. Ежеквартальные данные содержат информацию о всех вышеперечисленных автопроизводителях. Контакты: Ольга Зуева, координатор Комитета автопроизводителей АЕБ, . @ . , тел. +7 (495) 234 27 64 (123) Юлия Щеглова, менеджер проектов по исследованию рынка и статистики АЕБ, . @ . , тел. +7 (495) 234 27 64 Елена Демичева, менеджер по связям с общественностью/пресс-секретарь АЕБ, . @ . , тел +7-965-216-43-62 -------------------------------------------------------------- Приложения: 1. Продажи новых легковых и легких коммерческих автомобилей в России за август 2023/2022 и январь-август 2023/2022 2. Продажи новых легковых и легких коммерческих автомобилей по группам за август 2023/2022 и январь-август 2023/2022 3. 25 наиболее продаваемых моделей легковых автомобилей в России за август 2023/2022 и январь-август 2023/2022 4. 10 наиболее продаваемых моделей легких коммерческих автомобилей за август 2023/2022 и январь-август 2023/2022",2023-09-05,"Автомобильный рынок в августе 2023 года вырос на 131,5%*. Начиная с июля 2023 года, пресс релиз АЕБ дополнен данными о продажах, предоставленными АО «ППК», включающими, в том числе, не входящие в статистику АЕБ объемы продаж. Это позволит дать более объективную оценку состоянию рынка продаж новых автомобилей и его динамике. По информации Комитета автопроизводителей, основанной на данных автопроизводителей и официальных импортеров, уровень продаж августа 2023 г. вырос на 42,3% или на 17 634 штук по сравнению с августом 2022 г. и составил 59 332 автомобиля. При этом, по информации, предоставленной АО «ППК», о продажах новых транспортных средств на основе данных об их передаче владельцам август 2023 г. ознаменовался увеличением уровня продаж на 131,5%, или на 63 198 штук по сравнению с августом 2022 года, и составил 111 272 автомобиля. За январь - август рынок вырос на 29,5%.",в августе 2023,
RUS Car Sales in July 2023.pdf,https://aebrus.ru/upload/iblock/386/RUS-Car-Sales-in-July-2023.pdf,https://aebrus.ru/ru/media/press-releases/sales-of-cars-and-light-commercial-vehicles.php?SHOWALL_1=1#search,aeb_rus_sales_data\pdf\RUS-Car-Sales-in-July-2023.pdf,aeb_rus_sales_data\text\RUS-Car-Sales-in-July-2023.txt,4,"АЕБ Спонсоры 2023 Allianz • B1 • Bank Credit Suisse • BOSCH Group • Continental Tires RUS • Dassault Systems • EL5-Energo • GE • HeidelbergCement • ING • Kept • Leroy Merlin Russia • Mercedes-Benz Russia • Merck • METRO Cash&Carry • Oriflame • Procter & Gamble • Raiffeisenbank • SOGAZ • Technologies of Trust • TotalEnergies EP Russie • VEGAS LEX Ассоциация европейского бизнеса Россия, 127055 Москва, Ул. Бутырский Вал 68/70, стр. 1 Тел.: +7 (495) 234 27 64 E-Mail: info@aebrus.ru www.aebrus.ru Пресс-релиз 4 августа 2023 Автомобильный рынок в июле 2023 года вырос на 144,7%*. Начиная с июля 2023 года, пресс релиз АЕБ дополнен данными о продажах, предоставленными АО «ППК», включающими, в том числе, не входящие в статистику АЕБ объемы продаж. Это позволит дать более объективную оценку состоянию рынка продаж новых автомобилей и его динамике. По информации Комитета автопроизводителей, основанной на данных автопроизводителей и официальных импортеров, уровень продаж июля 2023 г. вырос на 63% или на 20 419 штук по сравнению с июлем 2022 г. и составил 52 832 автомобиля. При этом, по информации, предоставленной АО «ППК», о продажах новых транспортных средств на основе данных об их передаче владельцам июль 2023 г. ознаменовался увеличением уровня продаж на 144,7%, или на 59 340 штук по сравнению с июлем 2022 года, и составил 100 343 автомобиля. За январь - июль рынок вырос на 22,8%. Комментирует председатель Комитета автопроизводителей, Алексей Калицев: «Общая динамика рынка подтверждает прогноз, который мы дали в прошлом месяце о возможности рынка достичь объема в 1 млн. проданных легковых и легких коммерческих автомобилей к концу 2023 г. Мы будем следить как повлияет повышение утилизационного сбора, вступившее в силу с 1 августа, на дальнейшее развитие рынка.» Примечания: * По информации, предоставленной АО «ППК», о продажах новых транспортных средств на основе данных об их передаче владельцам ( @ - . ). Ежемесячные данные АЕБ не включают данные о продажах и - , в связи с решением штаб-квартир и - изменить периодичность публикации данных о продажах с ежемесячной на ежеквартальную. С мая 2022 ежемесячные данные АЕБ не включают данные о продажах по решению штаб-квартиры , . Ежеквартальные данные содержат информацию о всех вышеперечисленных автопроизводителях. Контакты: Ольга Зуева, координатор Комитета автопроизводителей АЕБ, . @ . , тел. +7 (495) 234 27 64 (123) Юлия Щеглова, менеджер проектов по исследованию рынка и статистики АЕБ, . @ . , тел. +7 (495) 234 27 64 Елена Демичева, менеджер по связям с общественностью/пресс-секретарь АЕБ, . @ . , тел +7-965-216-43-62 -------------------------------------------------------------- Приложения: 1. Продажи новых легковых и легких коммерческих автомобилей в России за июль 2023/2022 и январь-июль 2023/2022 2. Продажи новых легковых и легких коммерческих автомобилей по группам за июль 2023/2022 и январь-июль 2023/2022 3. 25 наиболее продаваемых моделей легковых автомобилей в России за июль 2023/2022 и январь-июль 2023/2022 4. 10 наиболее продаваемых моделей легких коммерческих автомобилей за июль 2023/2022 и январь-июль 2023/2022",2023-08-04,"Автомобильный рынок в июле 2023 года вырос на 144,7%*. Начиная с июля 2023 года, пресс релиз АЕБ дополнен данными о продажах, предоставленными АО «ППК», включающими, в том числе, не входящие в статистику АЕБ объемы продаж. Это позволит дать более объективную оценку состоянию рынка продаж новых автомобилей и его динамике. По информации Комитета автопроизводителей, основанной на данных автопроизводителей и официальных импортеров, уровень продаж июля 2023 г. вырос на 63% или на 20 419 штук по сравнению с июлем 2022 г. и составил 52 832 автомобиля. При этом, по информации, предоставленной АО «ППК», о продажах новых транспортных средств на основе данных об их передаче владельцам июль 2023 г. ознаменовался увеличением уровня продаж на 144,7%, или на 59 340 штук по сравнению с июлем 2022 года, и составил 100 343 автомобиля. За январь - июль рынок вырос на 22,8%.",в июле 2023,
RUS Car Sales in 1HY and June 2023.pdf,https://aebrus.ru/upload/iblock/a53/RUS-Car-Sales-in-1HY-and-June-2023.pdf,https://aebrus.ru/ru/media/press-releases/sales-of-cars-and-light-commercial-vehicles.php?SHOWALL_1=1#search,aeb_rus_sales_data\pdf\RUS-Car-Sales-in-1HY-and-June-2023.pdf,aeb_rus_sales_data\text\RUS-Car-Sales-in-1HY-and-June-2023.txt,8,"АЕБ Спонсоры 2023 Allianz • B1 • Bank Credit Suisse • BOSCH Group • Continental Tires RUS • Dassault Systems • EL5-Energo • GE • HeidelbergCement • ING • Kept • Leroy Merlin Russia • Mercedes-Benz Russia • Merck • METRO Cash&Carry • Oriflame • Procter & Gamble • Raiffeisenbank • SOGAZ • Technologies of Trust • TotalEnergies EP Russie • VEGAS LEX Ассоциация европейского бизнеса Россия, 127055 Москва, Ул. Бутырский Вал 68/70, стр. 1 Тел.: +7 (495) 234 27 64 E-Mail: info@aebrus.ru www.aebrus.ru Пресс-релиз 6 июля 2023 Автомобильный рынок в июне 2023 года вырос на 133% и на 9,9% за первое полугодие 2023 года*. Начиная с июля 2023 года, пресс релиз АЕБ дополнен данными о продажах, предоставленными АО «ППК», включающими, в том числе, не входящие в статистику АЕБ объемы продаж. Это позволит дать более объективную оценку состоянию рынка продаж новых автомобилей и его динамике. По информации Комитета автопроизводителей, основанной на данных автопроизводителей и официальных импортеров, уровень продаж июня 2023 г. вырос на 88,3% или на 24 518 штук по сравнению с июнем 2022 г. и составил 52 279 автомобилей. По первому полугодию рынок сократился на 3,1%. Среди них: ∙ ком. авт. – 34 680 шт., или 9,6% ∙ внедорожники – 207 405 шт., или 57,8% ∙ пикапы – 3 717 шт., или 1,03% ∙ электромобили – 798 шт. При этом, по информации, предоставленной АО «ППК», о продажах новых транспортных средств на основе данных об их передаче владельцам июнь 2023 г. ознаменовался увеличением уровня продаж на 133%, или на 49 872 штуки по сравнению с июнем 2022 года, и составил 87 357 автомобилей. По первому полугодию рынок вырос на 9,9%. Комментирует председатель Комитета автопроизводителей, Алексей Калицев: «Начиная с настоящего пресс-релиза мы меняем подход к анализу и освещению рынка продаж новых автомобилей и планируем дополнительно использовать данные, предоставленные АО «ППК». После существенного падения продаж в 2022 г. мы видим, что рынок восстанавливается и к концу 2023 г. может достичь объема в 1 млн. проданных легковых и легких коммерческих автомобилей.» Примечания: * По информации, предоставленной АО «ППК», о продажах новых транспортных средств на основе данных об их передаче владельцам (analytics@passport-ic.ru). Ежемесячные данные АЕБ не включают данные о продажах BMW и Mercedes-Benz Rus, в связи с решением штаб-квартир BMW Group и Mercedes-Benz AG изменить периодичность публикации данных о продажах с ежемесячной на ежеквартальную. С мая 2022 ежемесячные данные АЕБ не включают данные о продажах Chery по решению штаб-квартиры Chery Automobile CO, Ltd, а также Exeed и Omoda. Ежеквартальные данные содержат информацию о всех вышеперечисленных автопроизводителях. Контакты: Ольга Зуева, координатор Комитета автопроизводителей АЕБ, olga.zueva@aebrus.ru, тел. +7 (495) 234 27 64 (123) Юлия Щеглова, менеджер проектов по исследованию рынка и статистики АЕБ, yuliya.sheglova@aebrus.ru, тел. +7 (495) 234 27 64 Елена Демичева, менеджер по связям с общественностью/пресс-секретарь АЕБ, Elena.Demicheva@aebrus.ru, тел +7-965-216-43-62 АО «ППК»: analytics@passport-ic.ru, тел. +7 (499) 757 71 76 -------------------------------------------------------------- Приложения: 1. Продажи новых легковых и легких коммерческих автомобилей в России за июнь 2023/2022 и январь-июнь 2023/2022 2. Продажи новых легковых и легких коммерческих автомобилей по группам за июнь 2023/2022 и январь-июнь 2023/2022 3. 25 наиболее продаваемых моделей легковых автомобилей в России за июнь 2023/2022 и январь-июнь 2023/2022 4. 10 наиболее продаваемых моделей легких коммерческих автомобилей за июнь 2023/2022 и январь-июнь 2023/2022 5. Структура рынка новых легковых и легких коммерческих автомобилей в России за январь-июнь 2023/2022 гг.",2023-07-06,"Автомобильный рынок в июне 2023 года вырос на 133% и на 9,9% за первое полугодие 2023 года*. Начиная с июля 2023 года, пресс релиз АЕБ дополнен данными о продажах, предоставленными АО «ППК», включающими, в том числе, не входящие в статистику АЕБ объемы продаж. Это позволит дать более объективную оценку состоянию рынка продаж новых автомобилей и его динамике. По информации Комитета автопроизводителей, основанной на данных автопроизводителей и официальных импортеров, уровень продаж июня 2023 г. вырос на 88,3% или на 24 518 штук по сравнению с июнем 2022 г. и составил 52 279 автомобилей. По первому полугодию рынок сократился на 3,1%. Среди них: ∙ ком. авт. – 34 680 шт., или 9,6% ∙ внедорожники – 207 405 шт., или 57,8% ∙ пикапы – 3 717 шт., или 1,03% ∙ электромобили – 798 шт. При этом, по информации, предоставленной АО «ППК», о продажах новых транспортных средств на основе данных об их передаче владельцам июнь 2023 г. ознаменовался увеличением уровня продаж на 133%, или на 49 872 штуки по сравнению с июнем 2022 года, и составил 87 357 автомобилей. По первому полугодию рынок вырос на 9,9%.",в июне 2023,
RUS Car Sales in May 2023.pdf,https://aebrus.ru/upload/iblock/361/RUS-Car-Sales-in-May-2023.pdf,https://aebrus.ru/ru/media/press-releases/sales-of-cars-and-light-commercial-vehicles.php?SHOWALL_1=1#search,aeb_rus_sales_data\pdf\RUS-Car-Sales-in-May-2023.pdf,aeb_rus_sales_data\text\RUS-Car-Sales-in-May-2023.txt,6,"АЕБ Спонсоры 2023 Allianz • B1 • Bank Credit Suisse • BOSCH Group • Continental Tires RUS • Dassault Systems • EL5-Energo • GE • HeidelbergCement • ING • Kept • Leroy Merlin Russia • Mercedes-Benz Russia • Merck • METRO Cash&Carry • Oriflame • Procter & Gamble • Raiffeisenbank • SOGAZ • Technologies of Trust • TotalEnergies EP Russie • VEGAS LEX Ассоциация европейского бизнеса Россия, 127055 Москва, Ул. Бутырский Вал 68/70, стр. 1 Тел.: +7 (495) 234 27 64 E-Mail: info@aebrus.ru www.aebrus.ru Пресс-релиз 6 июня 2023 Автомобильный рынок в мае 2023 года вырос на 112,1% Май 2023 г. ознаменовался повышением уровня продаж новых автомобилей и легких коммерческих автомобилей в России (официальные производители / импортеры) на 112,1%, или на 27 198 штук по сравнению с маем 2022 года, и продажи составили 51 466 автомобиль (данные Комитета автопроизводителей АЕБ). Примечание: Ежемесячные данные АЕБ не включают данные о продажах BMW и Mercedes-Benz Rus, в связи с решением штаб-квартир BMW Group и Mercedes-Benz AG изменить периодичность публикации данных о продажах с ежемесячной на ежеквартальную. С мая 2022 ежемесячные данные АЕБ не включают данные о продажах Chery по решению штаб-квартиры Chery Automobile CO, Ltd. Для корректного сравнения по годам данные об объемах продаж марок Chery, Exeed и Omoda в апреле 2023 г. в данном пресс-релизе не приводятся. Evolute предоставляет данные на квартальной основе. Ежеквартальные данные содержат информацию о всех вышеперечисленных автопроизводителях. Контакты: Ольга Зуева, координатор Комитета автопроизводителей АЕБ, olga.zueva@aebrus.ru, тел. +7 (495) 234 27 64 (123) Юлия Щеглова, менеджер проектов по исследованию рынка и статистики АЕБ, yuliya.sheglova@aebrus.ru, тел. +7 (495) 234 27 64 Елена Демичева, менеджер по связям с общественностью/пресс-секретарь АЕБ, Elena.Demicheva@aebrus.ru, тел +7-965-216-43-62 -------------------------------------------------------------- Приложения: 1. Продажи новых легковых и легких коммерческих автомобилей в России за май 2023/2022 и январь-май 2023/2022 2. Продажи новых легковых и легких коммерческих автомобилей по группам за май 2023/2022 и январь-май 2023/2022 3. 25 наиболее продаваемых моделей легковых автомобилей в России за май 2023/2022 и январь-май 2023/2022 4. 10 наиболее продаваемых моделей легких коммерческих автомобилей за май 2023/2022 и январь-май 2023/2022",2023-06-06,"Автомобильный рынок в мае 2023 года вырос на 112,1% Май 2023 г. ознаменовался повышением уровня продаж новых автомобилей и легких коммерческих автомобилей в России (официальные производители / импортеры) на 112,1%, или на 27 198 штук по сравнению с маем 2022 года, и продажи составили 51 466 автомобиль (данные Комитета автопроизводителей АЕБ). Примечание: Ежемесячные данные АЕБ не включают данные о продажах BMW и Mercedes-Benz Rus, в связи с решением штаб-квартир BMW Group и Mercedes-Benz AG изменить периодичность публикации данных о продажах с ежемесячной на ежеквартальную. С мая 2022 ежемесячные данные АЕБ не включают данные о продажах Chery по решению штаб-квартиры Chery Automobile CO, Ltd. Для корректного сравнения по годам данные об объемах продаж марок Chery, Exeed и Omoda в апреле 2023 г. в данном пресс-релизе не приводятся. Evolute предоставляет данные на квартальной основе. Ежеквартальные данные содержат информацию о всех вышеперечисленных автопроизводителях.",в мае 2023,
RUS Car Sales in April 2023.pdf,https://aebrus.ru/upload/iblock/aee/RUS-Car-Sales-in-April-2023.pdf,https://aebrus.ru/ru/media/press-releases/sales-of-cars-and-light-commercial-vehicles.php?SHOWALL_1=1#search,aeb_rus_sales_data\pdf\RUS-Car-Sales-in-April-2023.pdf,aeb_rus_sales_data\text\RUS-Car-Sales-in-April-2023.txt,6,"АЕБ Спонсоры 2023 Allianz • B1 • Bank Credit Suisse • BOSCH Group • Continental Tires RUS • Dassault Systems • EL5-Energo • GE • HeidelbergCement • ING • Kept • Leroy Merlin Russia • Mercedes-Benz Russia • Merck • METRO Cash&Carry • Oriflame • Procter & Gamble • Raiffeisenbank • SOGAZ • Technologies of Trust • TotalEnergies EP Russie • VEGAS LEX Ассоциация европейского бизнеса Россия, 127055 Москва, Ул. Бутырский Вал 68/70, стр. 1 Тел.: +7 (495) 234 27 64 E-Mail: info@aebrus.ru www.aebrus.ru Пресс-релиз 5 мая 2023 Автомобильный рынок в апреле 2023 года вырос на 70,6%. Апрель 2023 г. ознаменовался повышением уровня продаж новых автомобилей и легких коммерческих автомобилей в России (официальные производители / импортеры) на 70,6%, или на 22 464 штук по сравнению с апрелем 2022 года, и продажи составили 54 270 автомобилей (данные Комитета автопроизводителей АЕБ). Примечание: Ежемесячные данные АЕБ не включают данные о продажах BMW и Mercedes-Benz Rus, в связи с решением штаб-квартир BMW Group и Mercedes-Benz AG изменить периодичность публикации данных о продажах с ежемесячной на ежеквартальную. С мая 2022 ежемесячные данные АЕБ не включают данные о продажах Chery по решению штаб-квартиры Chery Automobile CO, Ltd. Для корректного сравнения по годам данные об объемах продаж марок Chery, Exeed и Omoda в апреле 2023 г. в данном пресс-релизе не приводятся. Evolute предоставляет данные на квартальной основе. Ежеквартальные данные содержат информацию о всех вышеперечисленных автопроизводителях. Контакты: Ольга Зуева, координатор Комитета автопроизводителей АЕБ, olga.zueva@aebrus.ru, тел. +7 (495) 234 27 64 (123) Юлия Щеглова, менеджер проектов по исследованию рынка и статистики АЕБ, yuliya.sheglova@aebrus.ru, тел. +7 (495) 234 27 64 Елена Демичева, менеджер по связям с общественностью/пресс-секретарь АЕБ, Elena.Demicheva@aebrus.ru, тел +7-965-216-43-62 -------------------------------------------------------------- Приложения: 1. Продажи новых легковых и легких коммерческих автомобилей в России за апрель 2023/2022 и январь-апрель 2023/2022 2. Продажи новых легковых и легких коммерческих автомобилей по группам за апрель 2023/2022 и январь-апрель 2023/2022 3. 25 наиболее продаваемых моделей легковых автомобилей в России за апрель 2023/2022 и январь-апрель 2023/2022 4. 10 наиболее продаваемых моделей легких коммерческих автомобилей за апрель 2023/2022 и январь-апрель 2023/2022",2023-05-05,"Автомобильный рынок в апреле 2023 года вырос на 70,6%. Апрель 2023 г. ознаменовался повышением уровня продаж новых автомобилей и легких коммерческих автомобилей в России (официальные производители / импортеры) на 70,6%, или на 22 464 штук по сравнению с апрелем 2022 года, и продажи составили 54 270 автомобилей (данные Комитета автопроизводителей АЕБ). Примечание: Ежемесячные данные АЕБ не включают данные о продажах BMW и Mercedes-Benz Rus, в связи с решением штаб-квартир BMW Group и Mercedes-Benz AG изменить периодичность публикации данных о продажах с ежемесячной на ежеквартальную. С мая 2022 ежемесячные данные АЕБ не включают данные о продажах Chery по решению штаб-квартиры Chery Automobile CO, Ltd. Для корректного сравнения по годам данные об объемах продаж марок Chery, Exeed и Omoda в апреле 2023 г. в данном пресс-релизе не приводятся. Evolute предоставляет данные на квартальной основе. Ежеквартальные данные содержат информацию о всех вышеперечисленных автопроизводителях.",в апреле 2023,
RUS Car Sales in March 2023 and Q1 2023.pdf,https://aebrus.ru/upload/iblock/10d/RUS-Car-Sales-in-March-2023-and-Q1-2023.pdf,https://aebrus.ru/ru/media/press-releases/sales-of-cars-and-light-commercial-vehicles.php?SHOWALL_1=1#search,aeb_rus_sales_data\pdf\RUS-Car-Sales-in-March-2023-and-Q1-2023.pdf,aeb_rus_sales_data\text\RUS-Car-Sales-in-March-2023-and-Q1-2023.txt,8,"АЕБ Спонсоры 2023 Allianz • B1 • Bank Credit Suisse • BOSCH Group • Continental Tires RUS • Dassault Systems • EL5-Energo • GE • HeidelbergCement • ING • Kept • Leroy Merlin Russia • Mercedes-Benz Russia • Merck • METRO Cash&Carry • Oriflame • Procter & Gamble • Raiffeisenbank • SOGAZ • Technologies of Trust • TotalEnergies EP Russie • VEGAS LEX Ассоциация европейского бизнеса Россия, 127055 Москва, Ул. Бутырский Вал 68/70, стр. 1 Тел.: +7 (495) 234 27 64 E-Mail: info@aebrus.ru www.aebrus.ru Пресс-релиз 6 апреля 2023 Продажи новых автомобилей сократились 44,7% за 1 квартал 2023 года и на 10,6% в марте 2023. За 1 кварта 2023 года продажи новых автомобилей и легких коммерческих автомобилей в России (официальные производители / импортеры) сократились на 44,7% по сравнению с аналогичным периодом 2022 года, или на 123 855 автомобилей, всего продажи составили 153 477 автомобилей, согласно данным Комитета автопроизводителей АЕБ. Среди них: • ком. авт. – 14 922 шт., или 9,7% • внедорожники – 87 109 шт., или 56,8% • пикапы – 1 457 шт., или 0,9% • электромобили – 276 шт. В марте 2023 года продажи новых автомобилей и легких коммерческих автомобилей в России (официальные производители / импортеры) сократились на 10,6% по сравнению с мартом 2022 г., или на 5 712 шт., продажи составили 48 414 автомобилей. Примечание: Ежемесячные данные АЕБ не включают данные о продажах BMW и Mercedes-Benz Rus, в связи с решением штаб-квартир BMW Group и Mercedes-Benz AG изменить периодичность публикации данных о продажах с ежемесячной на ежеквартальную. С мая 2022 ежемесячные данные АЕБ не включают данные о продажах Chery по решению штаб-квартиры Chery Automobile CO, Ltd. Для корректного сравнения по годам данные об объемах продаж марок Chery и Exeed в марте 2022 г. в данном пресс-релизе не приводятся. Evolute предоставляет данные на квартальной основе. Ежеквартальные данные содержат информацию о всех вышеперечисленных автопроизводителях. Контакты: Ольга Зуева, координатор Комитета автопроизводителей АЕБ, olga.zueva@aebrus.ru, тел. +7 (495) 234 27 64 (123) Юлия Щеглова, менеджер проектов по исследованию рынка и статистики АЕБ, yuliya.sheglova@aebrus.ru, тел. +7 (495) 234 27 64 Елена Демичева, менеджер по связям с общественностью/пресс-секретарь АЕБ, Elena.Demicheva@aebrus.ru, тел +7-965-216-43-62 -------------------------------------------------------------- Приложения: 1. Продажи новых легковых и легких коммерческих автомобилей в России за март 2023/2022 и январь-март 2023/2022 2. Продажи новых легковых и легких коммерческих автомобилей по группам за март 2023/2022 и январь-март 2023/2022 3. 25 наиболее продаваемых моделей легковых автомобилей в России за март 2023/2022 и январь-март 2023/2022 4. 10 наиболее продаваемых моделей легких коммерческих автомобилей за март 2023/2022 и январь-март 2023/2022",2023-04-06,"Продажи новых автомобилей сократились 44,7% за 1 квартал 2023 года и на 10,6% в марте 2023. За 1 кварта 2023 года продажи новых автомобилей и легких коммерческих автомобилей в России (официальные производители / импортеры) сократились на 44,7% по сравнению с аналогичным периодом 2022 года, или на 123 855 автомобилей, всего продажи составили 153 477 автомобилей, согласно данным Комитета автопроизводителей АЕБ. Среди них: • ком. авт. – 14 922 шт., или 9,7% • внедорожники – 87 109 шт., или 56,8% • пикапы – 1 457 шт., или 0,9% • электромобили – 276 шт. В марте 2023 года продажи новых автомобилей и легких коммерческих автомобилей в России (официальные производители / импортеры) сократились на 10,6% по сравнению с мартом 2022 г., или на 5 712 шт., продажи составили 48 414 автомобилей. Примечание: Ежемесячные данные АЕБ не включают данные о продажах BMW и Mercedes-Benz Rus, в связи с решением штаб-квартир BMW Group и Mercedes-Benz AG изменить периодичность публикации данных о продажах с ежемесячной на ежеквартальную. С мая 2022 ежемесячные данные АЕБ не включают данные о продажах Chery по решению штаб-квартиры Chery Automobile CO, Ltd. Для корректного сравнения по годам данные об объемах продаж марок Chery и Exeed в марте 2022 г. в данном пресс-релизе не приводятся. Evolute предоставляет данные на квартальной основе. Ежеквартальные данные содержат информацию о всех вышеперечисленных автопроизводителях.",в марте 2023,
RUS Car Sales in February 2023.pdf,https://aebrus.ru/upload/iblock/966/RUS-Car-Sales-in-February-2023.pdf,https://aebrus.ru/ru/media/press-releases/sales-of-cars-and-light-commercial-vehicles.php?SHOWALL_1=1#search,aeb_rus_sales_data\pdf\RUS-Car-Sales-in-February-2023.pdf,aeb_rus_sales_data\text\RUS-Car-Sales-in-February-2023.txt,6,"АЕБ Спонсоры 2023 Allianz • B1 • Bank Credit Suisse • BOSCH Group • Continental Tires RUS • Dassault Systems • EL5-Energo • GE • HeidelbergCement • ING • Kept • Leroy Merlin Russia • Mercedes-Benz Russia • Merck • METRO Cash&Carry • Oriflame • Procter & Gamble • Raiffeisenbank • SOGAZ • Technologies of Trust • TotalEnergies EP Russie • VEGAS LEX Ассоциация европейского бизнеса Россия, 127055 Москва, Ул. Бутырский Вал 68/70, стр. 1 Тел.: +7 (495) 234 27 64 E-Mail: info@aebrus.ru www.aebrus.ru Пресс-релиз 6 марта 2023 Автомобильный рынок в феврале 2023 года сократился на 62,1%. Февраль 2023 г. ознаменовался снижением уровня продаж на 62,1%, или на 68 590 штук по сравнению с февралем 2022 года, и составил 41 851 автомобиль (данные Комитета автопроизводителей АЕБ). Примечание: Ежемесячные данные АЕБ не включают данные о продажах BMW и Mercedes-Benz Rus, в связи с решением штаб-квартир BMW Group и Mercedes-Benz AG изменить периодичность публикации данных о продажах с ежемесячной на ежеквартальную. С мая 2022 ежемесячные данные АЕБ не включают данные о продажах Chery по решению штаб-квартиры Chery Automobile CO, Ltd. Для корректного сравнения по годам данные об объемах продаж марок Chery и Cheryexeed в декабре 2022 г. в данном пресс-релизе не приводятся. Ежеквартальные данные содержат информацию о всех вышеперечисленных автопроизводителях. Контакты: Ольга Зуева, координатор Комитета автопроизводителей АЕБ, olga.zueva@aebrus.ru, тел. +7 (495) 234 27 64 (123) Юлия Щеглова, менеджер проектов по исследованию рынка и статистики АЕБ, yuliya.sheglova@aebrus.ru, тел. +7 (495) 234 27 64 Елена Демичева, менеджер по связям с общественностью/пресс-секретарь АЕБ, Elena.Demicheva@aebrus.ru, тел +7-965-216-43-62 -------------------------------------------------------------- Приложения: 1. Продажи новых легковых и легких коммерческих автомобилей в России за февраль 2023/2022 и январь-февраль 2023/2022 2. Продажи новых легковых и легких коммерческих автомобилей по группам за февраль 2023/2022 и январь-февраль 2023/2022 3. 25 наиболее продаваемых моделей легковых автомобилей в России за февраль 2023/2022 и январь-февраль 2023/2022 4. 10 наиболее продаваемых моделей легких коммерческих автомобилей за февраль 2023/2022 и январь-февраль 2023/2022",2023-03-06,"Автомобильный рынок в феврале 2023 года сократился на 62,1%. Февраль 2023 г. ознаменовался снижением уровня продаж на 62,1%, или на 68 590 штук по сравнению с февралем 2022 года, и составил 41 851 автомобиль (данные Комитета автопроизводителей АЕБ). Примечание: Ежемесячные данные АЕБ не включают данные о продажах BMW и Mercedes-Benz Rus, в связи с решением штаб-квартир BMW Group и Mercedes-Benz AG изменить периодичность публикации данных о продажах с ежемесячной на ежеквартальную. С мая 2022 ежемесячные данные АЕБ не включают данные о продажах Chery по решению штаб-квартиры Chery Automobile CO, Ltd. Для корректного сравнения по годам данные об объемах продаж марок Chery и Cheryexeed в декабре 2022 г. в данном пресс-релизе не приводятся. Ежеквартальные данные содержат информацию о всех вышеперечисленных автопроизводителях.",в феврале 2023,
RUS Car Sales in January 2023.pdf,https://aebrus.ru/upload/iblock/e79/RUS-Car-Sales-in-January-2023.pdf,https://aebrus.ru/ru/media/press-releases/sales-of-cars-and-light-commercial-vehicles.php?SHOWALL_1=1#search,aeb_rus_sales_data\pdf\RUS-Car-Sales-in-January-2023.pdf,aeb_rus_sales_data\text\RUS-Car-Sales-in-January-2023.txt,6,"АЕБ Спонсоры 2023 Allianz • B1 • Bank Credit Suisse • BOSCH Group • Continental Tires RUS • Dassault Systems • EL5-Energo • GE • HeidelbergCement • ING • Kept • Leroy Merlin Russia • Mercedes-Benz Russia • Merck • METRO Cash&Carry • Oriflame • Procter & Gamble • Raiffeisenbank • SOGAZ • Technologies of Trust • TotalEnergies EP Russie • VEGAS LEX Ассоциация европейского бизнеса Россия, 127055 Москва, Ул. Бутырский Вал 68/70, стр. 1 Тел.: +7 (495) 234 27 64 E-Mail: info@aebrus.ru www.aebrus.ru Пресс-релиз 6 февраля 2023 Автомобильный рынок в январе 2023 года сократился на 63,1%. Январь 2023 г. ознаменовался снижением уровня продаж на 63,1%, или на 55 537 штук по сравнению с январем 2022 года, и составил 32 499 автомобиля (данные Комитета автопроизводителей АЕБ). Примечание: Ежемесячные данные АЕБ не включают данные о продажах BMW и Mercedes-Benz Rus, в связи с решением штаб-квартир BMW Group и Mercedes-Benz AG изменить периодичность публикации данных о продажах с ежемесячной на ежеквартальную. С мая 2022 ежемесячные данные АЕБ не включают данные о продажах Chery по решению штаб-квартиры Chery Automobile CO, Ltd. Для корректного сравнения по годам данные об объемах продаж марок Chery и Cheryexeed в декабре 2022 г. в данном пресс-релизе не приводятся. Ежеквартальные данные содержат информацию о всех вышеперечисленных автопроизводителях. Контакты: Ольга Зуева, координатор Комитета автопроизводителей АЕБ, olga.zueva@aebrus.ru, тел. +7 (495) 234 27 64 (123) Юлия Щеглова, менеджер проектов по исследованию рынка и статистики АЕБ, yuliya.sheglova@aebrus.ru, тел. +7 (495) 234 27 64 Елена Демичева, менеджер по связям с общественностью/пресс-секретарь АЕБ, Elena.Demicheva@aebrus.ru, тел +7-965-216-43-62 -------------------------------------------------------------- Приложения: 1. Продажи новых легковых и легких коммерческих автомобилей в России за январь 2023/2022 2. Продажи новых легковых и легких коммерческих автомобилей по группам за январь 2023/2022 3. 25 наиболее продаваемых моделей легковых автомобилей в России за январь 2023/2022 4. 10 наиболее продаваемых моделей легких коммерческих автомобилей за январь 2023/2022",2023-02-06,"Автомобильный рынок в январе 2023 года сократился на 63,1%. Январь 2023 г. ознаменовался снижением уровня продаж на 63,1%, или на 55 537 штук по сравнению с январем 2022 года, и составил 32 499 автомобиля (данные Комитета автопроизводителей АЕБ). Примечание: Ежемесячные данные АЕБ не включают данные о продажах BMW и Mercedes-Benz Rus, в связи с решением штаб-квартир BMW Group и Mercedes-Benz AG изменить периодичность публикации данных о продажах с ежемесячной на ежеквартальную. С мая 2022 ежемесячные данные АЕБ не включают данные о продажах Chery по решению штаб-квартиры Chery Automobile CO, Ltd. Для корректного сравнения по годам данные об объемах продаж марок Chery и Cheryexeed в декабре 2022 г. в данном пресс-релизе не приводятся. Ежеквартальные данные содержат информацию о всех вышеперечисленных автопроизводителях.",в январе 2023,
RUS Car Sales in December 2022.pdf,https://aebrus.ru/upload/iblock/101/RUS-Car-Sales-in-December-2022.pdf,https://aebrus.ru/ru/media/press-releases/sales-of-cars-and-light-commercial-vehicles.php?SHOWALL_1=1#search,aeb_rus_sales_data\pdf\RUS-Car-Sales-in-December-2022.pdf,aeb_rus_sales_data\text\RUS-Car-Sales-in-December-2022.txt,8,"АЕБ Спонсоры 2023 Allianz • B1 • Bank Credit Suisse • BOSCH Group • Continental Tires RUS • Dassault Systems • EL5-Energo • GE • HeidelbergCement • ING • Kept • Leroy Merlin Russia • Mercedes-Benz Russia • Merck • METRO Cash&Carry • Oriflame • Procter & Gamble • Raiffeisenbank • SOGAZ • Technologies of Trust • TotalEnergies EP Russie • VEGAS LEX Ассоциация европейского бизнеса Россия, 127055 Москва, Ул. Бутырский Вал 68/70, стр. 1 Тел.: +7 (495) 234 27 64 E-Mail: info@aebrus.ru www.aebrus.ru Пресс-релиз 12 января 2023 года Автомобильный рынок в 2022 году сократился на 58,8% Декабрь 2022 г. ознаменовался снижением уровня продаж на 50,2%, или на 64 529 штук, по сравнению с декабрем 2021 года, продажи составили 64 072 автомобиля. В 2022 году автомобильный рынок сократился на 58,8%, или на 979 410 единиц проданных новых автомобилей, по сравнению с 2021 годом. В 2022 году в январе – декабре всего было продано 687 370 автомобилей (данные Комитета автопроизводителей АЕБ). Среди них: • ком. авт. – 81 060 шт., или 11,8% • внедорожники – 334 933 шт., или 48,7% • пикапы – 6 961 шт., или 1,0% • электромобили – 840 шт. Примечание: Ежемесячные данные АЕБ не включают данные о продажах BMW и Mercedes-Benz Rus, в связи с решением штаб-квартир BMW Group и Mercedes-Benz AG изменить периодичность публикации данных о продажах с ежемесячной на ежеквартальную. С мая 2022 ежемесячные данные АЕБ не включают данные о продажах Chery по решению штаб-квартиры Chery Automobile CO, Ltd. Для корректного сравнения по годам данные об объемах продаж марок Chery и Cheryexeed в декабре 2022 г. в данном пресс-релизе не приводятся. Данные за год содержат информацию о всех вышеперечисленных автопроизводителях. Контакты: Ольга Зуева, координатор Комитета автопроизводителей АЕБ, olga.zueva@aebrus.ru, тел. +7 (495) 234 27 64 (123) Юлия Щеглова, менеджер проектов по исследованию рынка и статистики АЕБ, yuliya.sheglova@aebrus.ru, тел. +7 (495) 234 27 64 Елена Демичева, менеджер по связям с общественностью/пресс-секретарь АЕБ, Elena.Demicheva@aebrus.ru, тел +7-965-216-43-62 -------------------------------------------------------------- Приложения: 1. Продажи новых легковых и легких коммерческих автомобилей в России за декабрь 2022/2021 и январь-декабрь 2022/2021 2. Продажи новых легковых и легких коммерческих автомобилей по группам за декабрь 2022/2021 и январь-декабрь 2022/2021 3. 25 наиболее продаваемых моделей легковых автомобилей в России за декабрь 2022/2021 и январь-декабрь 2022/2021 4. 10 наиболее продаваемых моделей легких коммерческих автомобилей за декабрь 2022/2021 и январь-декабрь 2022/2021",2023-01-12,"года Автомобильный рынок в 2022 году сократился на 58,8% Декабрь 2022 г. ознаменовался снижением уровня продаж на 50,2%, или на 64 529 штук, по сравнению с декабрем 2021 года, продажи составили 64 072 автомобиля. В 2022 году автомобильный рынок сократился на 58,8%, или на 979 410 единиц проданных новых автомобилей, по сравнению с 2021 годом. В 2022 году в январе – декабре всего было продано 687 370 автомобилей (данные Комитета автопроизводителей АЕБ). Среди них: • ком. авт. – 81 060 шт., или 11,8% • внедорожники – 334 933 шт., или 48,7% • пикапы – 6 961 шт., или 1,0% • электромобили – 840 шт. Примечание: Ежемесячные данные АЕБ не включают данные о продажах BMW и Mercedes-Benz Rus, в связи с решением штаб-квартир BMW Group и Mercedes-Benz AG изменить периодичность публикации данных о продажах с ежемесячной на ежеквартальную. С мая 2022 ежемесячные данные АЕБ не включают данные о продажах Chery по решению штаб-квартиры Chery Automobile CO, Ltd. Для корректного сравнения по годам данные об объемах продаж марок Chery и Cheryexeed в декабре 2022 г. в данном пресс-релизе не приводятся. Данные за год содержат информацию о всех вышеперечисленных автопроизводителях.",в 2022 году,
RUS Car Sales in November 2022.pdf,https://aebrus.ru/upload/iblock/8ea/RUS-Car-Sales-in-November-2022.pdf,https://aebrus.ru/ru/media/press-releases/sales-of-cars-and-light-commercial-vehicles.php?SHOWALL_1=1#search,aeb_rus_sales_data\pdf\RUS-Car-Sales-in-November-2022.pdf,aeb_rus_sales_data\text\RUS-Car-Sales-in-November-2022.txt,6,"AEB SPONSORS 2022 – СПОНСОРЫ АЕБ 2022 Allianz • Atos • Bank Credit Suisse • BOSCH Group • BP • Continental Tires RUS • Corteva Agriscience • Dassault Systems • Enel Russia • ENGIE • Equinor Russia AS • Ewart Group • EY • GE • HeidelbergCement • ING • John Deere Rus • KPMG • Leroy Merlin Russia • Mercedes-Benz Russia • Merck • METRO AG • Michelin • Oriflame • Porsche Russland • Procter & Gamble • PwC • Raiffeisenbank • SMEG • Shell Exploration & Production Services • Signify • SOGAZ • TotalEnergies • Unipro Ассоциация европейского бизнеса Россия, 127055 Москва, Ул. Бутырский Вал 68/70, стр. 1 Тел.: +7 (495) 234 27 64 Факс: +7 (495) 234 28 07 E-mail: info@aebrus.ru www.aebrus.ru Пресс-релиз 06 декабря 2022 Автомобильный рынок в ноябре 2022 года сократился на 61,6% Ноябрь 2022 г. ознаменовался падением уровня продаж новых автомобилей на 61,6% или на 74 563 штуки по сравнению с ноябрем 2021 года, продажи составили 46 403 автомобиля. Примечание: Ежемесячные данные АЕБ не включают данные о продажах BMW и Mercedes-Benz Rus, в связи с решением штаб-квартир BMW Group и Mercedes-Benz AG изменить периодичность публикации данных о продажах с ежемесячной на ежеквартальную. С мая 2022 ежемесячные данные АЕБ не включают данные о продажах Chery по решению штаб-квартиры Chery Automobile CO, Ltd. Для корректного сравнения по годам данные об объемах продаж марок Chery и Cheryexeed в данном пресс-релизе не приводятся. Квартальные данные содержат информацию о всех вышеперечисленных автопроизводителях. Контакты: Ольга Зуева, координатор Комитета автопроизводителей АЕБ, olga.zueva@aebrus.ru, тел. +7 (495) 234 27 64 (123) Юлия Щеглова, менеджер проектов по исследованию рынка и статистики АЕБ, yuliya.sheglova@aebrus.ru, тел. +7 (495) 234 27 64 Елена Демичева, менеджер по связям с общественностью/пресс-секретарь АЕБ, Elena.Demicheva@aebrus.ru, тел +7-965-216-43-62 -------------------------------------------------------------- Приложения: 1. Продажи новых легковых и легких коммерческих автомобилей в России за ноябрь 2022/2021 и январь-ноябрь 2022/2021 2. Продажи новых легковых и легких коммерческих автомобилей по группам за ноябрь 2022/2021 и январь-ноябрь 2022/2021 3. 25 наиболее продаваемых моделей легковых автомобилей в России за ноябрь 2022/2021 и январь-ноябрь 2022/2021 4. 10 наиболее продаваемых моделей легких коммерческих автомобилей за ноябрь 2022/2021 и январь-ноябрь 2022/2021",2022-12-06,"Автомобильный рынок в ноябре 2022 года сократился на 61,6% Ноябрь 2022 г. ознаменовался падением уровня продаж новых автомобилей на 61,6% или на 74 563 штуки по сравнению с ноябрем 2021 года, продажи составили 46 403 автомобиля. Примечание: Ежемесячные данные АЕБ не включают данные о продажах BMW и Mercedes-Benz Rus, в связи с решением штаб-квартир BMW Group и Mercedes-Benz AG изменить периодичность публикации данных о продажах с ежемесячной на ежеквартальную. С мая 2022 ежемесячные данные АЕБ не включают данные о продажах Chery по решению штаб-квартиры Chery Automobile CO, Ltd. Для корректного сравнения по годам данные об объемах продаж марок Chery и Cheryexeed в данном пресс-релизе не приводятся. Квартальные данные содержат информацию о всех вышеперечисленных автопроизводителях.",в ноябре 2022,
RUS Car Sales in October 2022.pdf,https://aebrus.ru/upload/iblock/9a3/RUS-Car-Sales-in-October-2022.pdf,https://aebrus.ru/ru/media/press-releases/sales-of-cars-and-light-commercial-vehicles.php?SHOWALL_1=1#search,aeb_rus_sales_data\pdf\RUS-Car-Sales-in-October-2022.pdf,aeb_rus_sales_data\text\RUS-Car-Sales-in-October-2022.txt,6,"AEB SPONSORS 2022 – СПОНСОРЫ АЕБ 2022 Allianz • Atos • Bank Credit Suisse • BOSCH Group • BP • Continental Tires RUS • Corteva Agriscience • Dassault Systems • Enel Russia • ENGIE • Equinor Russia AS • Ewart Group • EY • GE • HeidelbergCement • ING • John Deere Rus • KPMG • Leroy Merlin Russia • Mercedes-Benz Russia • Merck • METRO AG • Michelin • Oriflame • Porsche Russland • Procter & Gamble • PwC • Raiffeisenbank • SMEG • Shell Exploration & Production Services • Signify • SOGAZ • TotalEnergies • Unipro Ассоциация европейского бизнеса Россия, 127055 Москва, Ул. Бутырский Вал 68/70, стр. 1 Тел.: +7 (495) 234 27 64 Факс: +7 (495) 234 28 07 E-mail: info@aebrus.ru www.aebrus.ru Пресс-релиз 07 ноября 2022 Автомобильный рынок в октябре 2022 года сократился на 62,8% Октябрь 2022 г. ознаменовался падением уровня продаж новых автомобилей на 62,8% или на 76 481 штуки по сравнению с октябрем 2021 года, продажи составили 45 228 автомобилей. Примечание: Ежемесячные данные АЕБ не включают данные о продажах BMW и Mercedes-Benz Rus, в связи с решением штаб-квартир BMW Group и Mercedes-Benz AG изменить периодичность публикации данных о продажах с ежемесячной на ежеквартальную. С мая 2022 ежемесячные данные АЕБ не включают данные о продажах Chery по решению штаб-квартиры Chery Automobile CO, Ltd. Для корректного сравнения по годам данные об объемах продаж марок Chery и Cheryexeed в данном пресс-релизе не приводятся. Квартальные данные содержат информацию о всех вышеперечисленных автопроизводителях. Контакты: Ольга Зуева, координатор Комитета автопроизводителей АЕБ, olga.zueva@aebrus.ru, тел. +7 (495) 234 27 64 (123) Юлия Щеглова, менеджер проектов по исследованию рынка и статистики АЕБ, yuliya.sheglova@aebrus.ru, тел. +7 (495) 234 27 64 Елена Демичева, менеджер по связям с общественностью/пресс-секретарь АЕБ, Elena.Demicheva@aebrus.ru, тел +7-965-216-43-62 -------------------------------------------------------------- Приложения: 1. Продажи новых легковых и легких коммерческих автомобилей в России за октябрь 2022/2021 и январь-октябрь 2022/2021 2. Продажи новых легковых и легких коммерческих автомобилей по группам за октябрь 2022/2021 и январь-октябрь 2022/2021 3. 25 наиболее продаваемых моделей легковых автомобилей в России за октябрь 2022/2021 и январь-октябрь 2022/2021 4. 10 наиболее продаваемых моделей легких коммерческих автомобилей за октябрь 2022/2021 и январь-октябрь 2022/2021",2022-11-07,"Автомобильный рынок в октябре 2022 года сократился на 62,8% Октябрь 2022 г. ознаменовался падением уровня продаж новых автомобилей на 62,8% или на 76 481 штуки по сравнению с октябрем 2021 года, продажи составили 45 228 автомобилей. Примечание: Ежемесячные данные АЕБ не включают данные о продажах BMW и Mercedes-Benz Rus, в связи с решением штаб-квартир BMW Group и Mercedes-Benz AG изменить периодичность публикации данных о продажах с ежемесячной на ежеквартальную. С мая 2022 ежемесячные данные АЕБ не включают данные о продажах Chery по решению штаб-квартиры Chery Automobile CO, Ltd. Для корректного сравнения по годам данные об объемах продаж марок Chery и Cheryexeed в данном пресс-релизе не приводятся. Квартальные данные содержат информацию о всех вышеперечисленных автопроизводителях.",в октябре 2022,
RUS Car Sales in Q1-3 and September 2022.pdf,https://aebrus.ru/upload/iblock/46a/RUS-Car-Sales-in-Q1_3-and-September-2022.pdf,https://aebrus.ru/ru/media/press-releases/sales-of-cars-and-light-commercial-vehicles.php?SHOWALL_1=1#search,aeb_rus_sales_data\pdf\RUS-Car-Sales-in-Q1_3-and-September-2022.pdf,aeb_rus_sales_data\text\RUS-Car-Sales-in-Q1_3-and-September-2022.txt,8,"AEB SPONSORS 2022 – СПОНСОРЫ АЕБ 2022 Allianz • Atos • Bank Credit Suisse • BOSCH Group • BP • Continental Tires RUS • Corteva Agriscience • Dassault Systems • Enel Russia • ENGIE • Equinor Russia AS • Ewart Group • EY • GE • HeidelbergCement • ING • John Deere Rus • KPMG • Leroy Merlin Russia • Mercedes-Benz Russia • Merck • METRO AG • Michelin • Oriflame • Porsche Russland • Procter & Gamble • PwC • Raiffeisenbank • SMEG • Shell Exploration & Production Services • Signify • SOGAZ • TotalEnergies • Unipro Ассоциация европейского бизнеса Россия, 127055 Москва, Ул. Бутырский Вал 68/70, стр. 1 Тел.: +7 (495) 234 27 64 Факс: +7 (495) 234 28 07 E-mail: info@aebrus.ru www.aebrus.ru Пресс-релиз 6 октября 2022 Продажи новых автомобилей сократились 59,8% за 1-3 кварталы 2022 года и на 59,6% в сентябре 2022. За период с 1 по 3 квартал 2022 года продажи новых автомобилей и легких коммерческих автомобилей в России сократились на 59,8 % по сравнению с аналогичным периодом 2021 года, или на 753 450 автомобилей, всего продажи составили 506 661 автомобилей, согласно данным Комитета автопроизводителей АЕБ. Среди них:  ком. авт. – 52 878 шт., или 10,4%  внедорожники – 242 723 шт., или 47,9%  пикапы – 3 903 шт., или 0,8%  электромобили – 333 шт. В сентябре 2022 года продажи новых автомобилей и легких коммерческих автомобилей в России сократились на 59,6% по сравнению с сентябрем 2021 г., или на 68 901 шт., продажи составили 46 698 автомобилей. Примечание: Ежемесячные данные АЕБ не включают данные о продажах BMW и Mercedes-Benz Rus, в связи с решением штаб-квартир BMW Group и Mercedes-Benz AG изменить периодичность публикации данных о продажах с ежемесячной на ежеквартальную. С мая 2022 ежемесячные данные АЕБ не включают данные о продажах Chery по решению штаб-квартиры Chery Automobile CO, Ltd. Квартальные данные содержат информацию о всех вышеперечисленных автопроизводителях. Контакты: Ольга Зуева, координатор Комитета автопроизводителей АЕБ, olga.zueva@aebrus.ru, тел. +7 (495) 234 27 64 (123) Юлия Щеглова, менеджер проектов по исследованию рынка и статистики АЕБ, yuliya.sheglova@aebrus.ru, тел. +7 (495) 234 27 64 Елена Демичева, менеджер по связям с общественностью/пресс-секретарь АЕБ, Elena.Demicheva@aebrus.ru, тел +7-965-216-43-62 -------------------------------------------------------------- Приложения: 1. Продажи новых легковых и легких коммерческих автомобилей в России за сентябрь 2022/2021 и январь-сентябрь 2022/2021 2. Продажи новых легковых и легких коммерческих автомобилей по группам за сентябрь 2022/2021 и январь-сентябрь 2022/2021 3. 25 наиболее продаваемых моделей легковых автомобилей в России за сентябрь 2022/2021 и январь-сентябрь 2022/2021 4. 10 наиболее продаваемых моделей легких коммерческих автомобилей за сентябрь 2022/2021 и январь-сентябрь 2022/2021",2022-10-06,"Продажи новых автомобилей сократились 59,8% за 1-3 кварталы 2022 года и на 59,6% в сентябре 2022. За период с 1 по 3 квартал 2022 года продажи новых автомобилей и легких коммерческих автомобилей в России сократились на 59,8 % по сравнению с аналогичным периодом 2021 года, или на 753 450 автомобилей, всего продажи составили 506 661 автомобилей, согласно данным Комитета автопроизводителей АЕБ. Среди них:  ком. авт. – 52 878 шт., или 10,4%  внедорожники – 242 723 шт., или 47,9%  пикапы – 3 903 шт., или 0,8%  электромобили – 333 шт. В сентябре 2022 года продажи новых автомобилей и легких коммерческих автомобилей в России сократились на 59,6% по сравнению с сентябрем 2021 г., или на 68 901 шт., продажи составили 46 698 автомобилей. Примечание: Ежемесячные данные АЕБ не включают данные о продажах BMW и Mercedes-Benz Rus, в связи с решением штаб-квартир BMW Group и Mercedes-Benz AG изменить периодичность публикации данных о продажах с ежемесячной на ежеквартальную. С мая 2022 ежемесячные данные АЕБ не включают данные о продажах Chery по решению штаб-квартиры Chery Automobile CO, Ltd. Квартальные данные содержат информацию о всех вышеперечисленных автопроизводителях.",в сентябре 2022,
RUS Car Sales in August 2022.pdf,https://aebrus.ru/upload/iblock/2ec/RUS-Car-Sales-in-August-2022.pdf,https://aebrus.ru/ru/media/press-releases/sales-of-cars-and-light-commercial-vehicles.php?SHOWALL_1=1#search,aeb_rus_sales_data\pdf\RUS-Car-Sales-in-August-2022.pdf,aeb_rus_sales_data\text\RUS-Car-Sales-in-August-2022.txt,7,"AEB SPONSORS 2022 – СПОНСОРЫ АЕБ 2022 Allianz • Atos • Bank Credit Suisse • BOSCH Group • BP • Continental Tires RUS • Corteva Agriscience • Dassault Systems • Enel Russia • ENGIE • Equinor Russia AS • Ewart Group • EY • GE • HeidelbergCement • ING • John Deere Rus • KPMG • Leroy Merlin Russia • Mercedes-Benz Russia • Merck • METRO AG • Michelin • Oriflame • Porsche Russland • Procter & Gamble • PwC • Raiffeisenbank • SMEG • Shell Exploration & Production Services • Signify • SOGAZ • TotalEnergies • Unipro Ассоциация европейского бизнеса Россия, 127055 Москва, Ул. Бутырский Вал 68/70, стр. 1 Тел.: +7 (495) 234 27 64 Факс: +7 (495) 234 28 07 E-mail: info@aebrus.ru www.aebrus.ru Пресс-релиз 6 сентября 2022 года Автомобильный рынок в августе 2022 года сократился на 62,4% Август 2022 г. ознаменовался падением уровня продаж новых автомобилей на 62,4% или на 69 172 штуки по сравнению с августом 2021 года, продажи составили 41 698 автомобилей. Примечание: Ежемесячные данные АЕБ не включают данные о продажах BMW и Mercedes-Benz Rus, в связи с решением штаб-квартир BMW Group и Mercedes-Benz AG изменить периодичность публикации данных о продажах с ежемесячной на ежеквартальную. С мая 2022 ежемесячные данные АЕБ не включают данные о продажах Chery по решению штаб-квартиры Chery Automobile CO, Ltd. Для корректного сравнения по годам данные об объемах продаж марок Chery и Cheryexeed в данном пресс-релизе не приводятся. Контакты: Ольга Зуева, координатор Комитета автопроизводителей АЕБ, olga.zueva@aebrus.ru, тел. +7 (495) 234 27 64 (123) Юлия Щеглова, менеджер проектов по исследованию рынка и статистики АЕБ, yuliya.sheglova@aebrus.ru, тел. +7 (495) 234 27 64 Елена Демичева, менеджер по связям с общественностью/пресс-секретарь АЕБ, Elena.Demicheva@aebrus.ru, тел +7-965-216-43-62 -------------------------------------------------------------- Приложения: 1. Продажи новых легковых и легких коммерческих автомобилей в России за август 2022/2021 и январь-август 2022/2021 2. Продажи новых легковых и легких коммерческих автомобилей по группам за август 2022/2021 и январь-август 2022/2021 3. 25 наиболее продаваемых моделей легковых автомобилей в России за август 2022/2021 и январь-август 2022/2021 4. 10 наиболее продаваемых моделей легких коммерческих автомобилей за август 2022/2021 и январь-август 2022/2021",2022-09-06,"года Автомобильный рынок в августе 2022 года сократился на 62,4% Август 2022 г. ознаменовался падением уровня продаж новых автомобилей на 62,4% или на 69 172 штуки по сравнению с августом 2021 года, продажи составили 41 698 автомобилей. Примечание: Ежемесячные данные АЕБ не включают данные о продажах BMW и Mercedes-Benz Rus, в связи с решением штаб-квартир BMW Group и Mercedes-Benz AG изменить периодичность публикации данных о продажах с ежемесячной на ежеквартальную. С мая 2022 ежемесячные данные АЕБ не включают данные о продажах Chery по решению штаб-квартиры Chery Automobile CO, Ltd. Для корректного сравнения по годам данные об объемах продаж марок Chery и Cheryexeed в данном пресс-релизе не приводятся.",в августе 2022,
RUS Car Sales in July 2022.pdf,https://aebrus.ru/upload/iblock/0da/RUS-Car-Sales-in-July-2022.pdf,https://aebrus.ru/ru/media/press-releases/sales-of-cars-and-light-commercial-vehicles.php?SHOWALL_1=1#search,aeb_rus_sales_data\pdf\RUS-Car-Sales-in-July-2022.pdf,aeb_rus_sales_data\text\RUS-Car-Sales-in-July-2022.txt,7,"AEB SPONSORS 2022 – СПОНСОРЫ АЕБ 2022 Allianz • Atos • Bank Credit Suisse • BOSCH Group • BP • Continental Tires RUS • Corteva Agriscience • Dassault Systems • Enel Russia • ENGIE • Equinor Russia AS • Ewart Group • EY • GE • HeidelbergCement • ING • John Deere Rus • KPMG • Leroy Merlin Russia • Mercedes-Benz Russia • Merck • METRO AG • Michelin • Oriflame • Porsche Russland • Procter & Gamble • PwC • Raiffeisenbank • SMEG • Shell Exploration & Production Services • Signify • SOGAZ • TotalEnergies • Unipro Ассоциация европейского бизнеса Россия, 127055 Москва, Ул. Бутырский Вал 68/70, стр. 1 Тел.: +7 (495) 234 27 64 Факс: +7 (495) 234 28 07 E-mail: info@aebrus.ru www.aebrus.ru Пресс-релиз 4 августа 2022 года Автомобильный рынок в июле 2022 года сократился на 74,9% Июль 2022 г. ознаменовался падением уровня продаж новых автомобилей на 74,9% или на 96 819 штук по сравнению с июлем 2021 года, продажи составили 32 412 автомобилей. Примечание: Ежемесячные данные АЕБ не включают данные о продажах BMW и Mercedes-Benz Rus, в связи с решением штаб-квартир BMW Group и Mercedes-Benz AG изменить периодичность публикации данных о продажах с ежемесячной на ежеквартальную. С мая 2022 ежемесячные данные АЕБ не включают данные о продажах Chery по решению штаб-квартиры Chery Automobile CO, Ltd. Для корректного сравнения по годам данные об объемах продаж марок Chery и Cheryexeed в данном пресс-релизе не приводятся. Контакты: Ольга Зуева, координатор Комитета автопроизводителей АЕБ, olga.zueva@aebrus.ru, тел. +7 (495) 234 27 64 Юлия Щеглова, менеджер проектов по исследованию рынка и статистики АЕБ, yuliya.sheglova@aebrus.ru, тел. +7 (495) 234 27 64 Елена Демичева, менеджер по связям с общественностью/пресс-секретарь АЕБ, Elena.Demicheva@aebrus.ru, тел +7-965-216-43-62 -------------------------------------------------------------- Приложения: 1. Продажи новых легковых и легких коммерческих автомобилей в России за июль 2022/2021 и январь-июль 2022/2021 2. Продажи новых легковых и легких коммерческих автомобилей по группам за июль 2022/2021 и январь-июль 2022/2021 3. 25 наиболее продаваемых моделей легковых автомобилей в России за июль 2022/2021 и январь-июль 2022/2021 4. 10 наиболее продаваемых моделей легких коммерческих автомобилей за июль 2022/2021 и январь-июль 2022/2021",2022-08-04,"года Автомобильный рынок в июле 2022 года сократился на 74,9% Июль 2022 г. ознаменовался падением уровня продаж новых автомобилей на 74,9% или на 96 819 штук по сравнению с июлем 2021 года, продажи составили 32 412 автомобилей. Примечание: Ежемесячные данные АЕБ не включают данные о продажах BMW и Mercedes-Benz Rus, в связи с решением штаб-квартир BMW Group и Mercedes-Benz AG изменить периодичность публикации данных о продажах с ежемесячной на ежеквартальную. С мая 2022 ежемесячные данные АЕБ не включают данные о продажах Chery по решению штаб-квартиры Chery Automobile CO, Ltd. Для корректного сравнения по годам данные об объемах продаж марок Chery и Cheryexeed в данном пресс-релизе не приводятся.",в июле 2022,
RUS Car Sales in June 2022.pdf,https://aebrus.ru/upload/iblock/7a9/RUS-Car-Sales-in-June-2022.pdf,https://aebrus.ru/ru/media/press-releases/sales-of-cars-and-light-commercial-vehicles.php?SHOWALL_1=1#search,aeb_rus_sales_data\pdf\RUS-Car-Sales-in-June-2022.pdf,aeb_rus_sales_data\text\RUS-Car-Sales-in-June-2022.txt,10,"AEB SPONSORS 2022 – СПОНСОРЫ АЕБ 2022 Allianz • Atos • Bank Credit Suisse • BP • Continental Tires RUS • Corteva Agriscience • Dassault Systems • Enel Russia • ENGIE • Equinor Russia AS • Ewart Group • EY • GE • HeidelbergCement ING • John Deere Rus • KPMG • Leroy Merlin Russia • Mercedes-Benz Russia • Merck • METRO AG • Michelin • Oriflame • Porsche Russland • Procter & Gamble • PwC • Raiffeisenbank • SMEG • Shell Exploration & Production Services • Signify • SOGAZ • TotalEnergies • Unipro • Valartis International Ассоциация европейского бизнеса Россия, 127055 Москва, Ул. Бутырский Вал 68/70, стр. 1 Тел.: +7 (495) 234 27 64 Факс: +7 (495) 234 28 07 E-mail: info@aebrus.ru www.aebrus.ru Пресс-релиз 6 июля 2022 года Автомобильный рынок в июне 2022 года сократился на 82,0% и на 57,5% - в первом полугодии 2022 года. В 1 полугодии 2022 года продажи новых легковых автомобилей и легких коммерческих автомобилей в России сократились на 57,5% по сравнению с аналогичным периодом 2021 года, или на 500 521 автомобиль, всего продажи составили 370 228 автомобилей, по данным Комитета автопроизводителей АЕБ. Среди них: ком. авт. – 35 791 шт., или 9,7% внедорожники – 180 742 шт., или 48,8% пикапы – 2 615 шт., или 0,7% электромобили – 287 шт. Июнь 2022 г. ознаменовался падением уровня продаж новых автомобилей на 82,0% или на 126 792 штуки по сравнению с июнем 2021 года, продажи составили 27 761 автомобилей. Примечание: Ежемесячные данные АЕБ не включают данные о продажах BMW, Mercedes-Benz Rus, в связи с решением штаб-квартир BMW Group и Mercedes-Benz AG изменить периодичность публикации данных о продажах с ежемесячной на ежеквартальную. С мая 2022 ежемесячные данные АЕБ не включают данные о продажах Chery по решению штаб-квартиры Chery Automobile CO, Ltd. Для корректного сравнения по годам данные об объемах продаж марок Chery и Cheryexeed в данном пресс-релизе не приводятся. Таблицы c результатами рынка за 1-е полугодие 2022 года содержат данные обо всех брендах, включая BMW, MINI, Mercedes-Benz, Mercedes-Benz ком.авт, smart, Chery и Cheryexeed. Контакты: Ольга Зуева, координатор Комитета автопроизводителей АЕБ, olga.zueva@aebrus.ru, тел. +7 (495) 234 27 64 Юлия Щеглова, менеджер проектов по исследованию рынка и статистики АЕБ, yuliya.sheglova@aebrus.ru, тел. +7 (495) 234 27 64 -------------------------------------------------------------- Приложения: 1. Продажи новых легковых и легких коммерческих автомобилей в России за июнь 2022/2021 и январь-июнь 2022/2021 2. Продажи новых легковых и легких коммерческих автомобилей по группам за июнь 2022/2021 и январь-июнь 2022/2021 3. 25 наиболее продаваемых моделей легковых автомобилей в России за июнь 2022/2021 и январь-июнь 2022/2021 4. 10 наиболее продаваемых моделей легких коммерческих автомобилей за июнь 2022/2021 и январь-июнь 2022/2021/2021",2022-07-06,"года Автомобильный рынок в июне 2022 года сократился на 82,0% и на 57,5% - в первом полугодии 2022 года. В 1 полугодии 2022 года продажи новых легковых автомобилей и легких коммерческих автомобилей в России сократились на 57,5% по сравнению с аналогичным периодом 2021 года, или на 500 521 автомобиль, всего продажи составили 370 228 автомобилей,",в июне 2022,
RUS Car Sales in May 2022.pdf,https://aebrus.ru/upload/iblock/7e8/RUS-Car-Sales-in-May-2022.pdf,https://aebrus.ru/ru/media/press-releases/sales-of-cars-and-light-commercial-vehicles.php?SHOWALL_1=1#search,aeb_rus_sales_data\pdf\RUS-Car-Sales-in-May-2022.pdf,aeb_rus_sales_data\text\RUS-Car-Sales-in-May-2022.txt,6,"AEB SPONSORS 2022 – СПОНСОРЫ АЕБ 2022 Allianz • Atos • Bank Credit Suisse • BOSCH Group • BP • Continental Tires RUS • Corteva Agriscience • Dassault Systems • Enel Russia • ENGIE • Equinor Russia AS • Ewart Group • EY • GE • HeidelbergCement • ING • John Deere Rus • KPMG • Leroy Merlin Russia • Mercedes-Benz Russia • Merck • METRO AG • Michelin • Oriflame • Porsche Russland • Procter & Gamble • PwC • Raiffeisenbank • SMEG • Shell Exploration & Production Services • Signify • SOGAZ • TotalEnergies • Unipro Ассоциация европейского бизнеса Россия, 127055 Москва, Ул. Бутырский Вал 68/70, стр. 1 Тел.: +7 (495) 234 27 64 Факс: +7 (495) 234 28 07 E-mail: info@aebrus.ru www.aebrus.ru Пресс-релиз 6 июня 2022 года Автомобильный рынок в мае 2022 года сократился на -83,5% Май 2022 г. ознаменовался падением уровня продаж новых автомобилей на -83,5% или на 123 110 штуки по сравнению с маем 2021 года, продажи составили 24 268 автомобилей. Примечание: Ежемесячные данные АЕБ не включают данные о продажах BMW и Mercedes-Benz Rus, в связи с решением штаб-квартир BMW Group и Mercedes-Benz AG изменить периодичность публикации данных о продажах с ежемесячной на ежеквартальную. Контакты: Ольга Зуева, координатор Комитета автопроизводителей АЕБ, olga.zueva@aebrus.ru, тел. +7 (495) 234 27 64 Юлия Щеглова, менеджер проектов по исследованию рынка и статистики АЕБ, yuliya.sheglova@aebrus.ru, тел. +7 (495) 234 27 64 -------------------------------------------------------------- Приложения: 1. Продажи новых легковых и легких коммерческих автомобилей в России за май 2022/2021 и январь-май 2022/2021 2. Продажи новых легковых и легких коммерческих автомобилей по группам за май 2022/2021 и январь-май 2022/2021 3. 25 наиболее продаваемых моделей легковых автомобилей в России за май 2022/2021 и январь-май 2022/2021 4. 10 наиболее продаваемых моделей легких коммерческих автомобилей за май 2022/2021 и январь-май 2022/2021/2021",2022-06-06,"года Автомобильный рынок в мае 2022 года сократился на -83,5% Май 2022 г. ознаменовался падением уровня продаж новых автомобилей на -83,5% или на 123 110 штуки по сравнению с маем 2021 года, продажи составили 24 268 автомобилей. Примечание: Ежемесячные данные АЕБ не включают данные о продажах BMW и Mercedes-Benz Rus, в связи с решением штаб-квартир BMW Group и Mercedes-Benz AG изменить периодичность публикации данных о продажах с ежемесячной на ежеквартальную.",в мае 2022,
RUS Car Sales in April 2022.pdf,https://aebrus.ru/upload/iblock/51b/RUS-Car-Sales-in-April-2022.pdf,https://aebrus.ru/ru/media/press-releases/sales-of-cars-and-light-commercial-vehicles.php?SHOWALL_1=1#search,aeb_rus_sales_data\pdf\RUS-Car-Sales-in-April-2022.pdf,aeb_rus_sales_data\text\RUS-Car-Sales-in-April-2022.txt,6,"AEB SPONSORS 2022 – СПОНСОРЫ АЕБ 2022 Allianz • Atos • Bank Credit Suisse • BOSCH Group • BP • Continental Tires RUS • Corteva Agriscience • Dassault Systems • Enel Russia • ENGIE • Equinor Russia AS • Ewart Group • EY • GE • HeidelbergCement • ING • John Deere Rus • KPMG • Leroy Merlin Russia • Mercedes-Benz Russia • Merck • METRO AG • Michelin • Oriflame • Porsche Russland • Procter & Gamble • PwC • Raiffeisenbank • SMEG • Shell Exploration & Production Services • Signify • SOGAZ • TotalEnergies • Unipro Ассоциация европейского бизнеса Россия, 127055 Москва, Ул. Бутырский Вал 68/70, стр. 1 Тел.: +7 (495) 234 27 64 Факс: +7 (495) 234 28 07 E-mail: info@aebrus.ru www.aebrus.ru Пресс-релиз 11 мая 2022 года Автомобильный рынок в апреле 2022 года сократился на -78,5% Апрель 2022 г. ознаменовался падением уровня продаж новых автомобилей на -78,5% или на 119 258 штуки по сравнению с апрелем 2021 года, продажи составили 32 706 автомобилей. Примечание: Ежемесячные данные АЕБ не включают данные о продажах BMW и Mercedes-Benz Rus, в связи с решением штаб-квартир BMW Group и Mercedes-Benz AG изменить периодичность публикации данных о продажах с ежемесячной на ежеквартальную. Контакты: Ольга Зуева, координатор Комитета автопроизводителей АЕБ, olga.zueva@aebrus.ru, тел. +7 (495) 234 27 64 Юлия Щеглова, менеджер проектов по исследованию рынка и статистики АЕБ, yuliya.sheglova@aebrus.ru, тел. +7 (495) 234 27 64 -------------------------------------------------------------- Приложения: 1. Продажи новых легковых и легких коммерческих автомобилей в России за апрель 2022/2021 и январь-апрель 2022/2021 2. Продажи новых легковых и легких коммерческих автомобилей по группам за апрель 2022/2021 и январь-апрель 2022/2021 3. 25 наиболее продаваемых моделей легковых автомобилей в России за апрель 2022/2021 и январь-апрель 2022/2021 4. 10 наиболее продаваемых моделей легких коммерческих автомобилей за апрель 2022/2021 и январь-апрель 2022/2021",2022-05-11,"года Автомобильный рынок в апреле 2022 года сократился на -78,5% Апрель 2022 г. ознаменовался падением уровня продаж новых автомобилей на -78,5% или на 119 258 штуки по сравнению с апрелем 2021 года, продажи составили 32 706 автомобилей. Примечание: Ежемесячные данные АЕБ не включают данные о продажах BMW и Mercedes-Benz Rus, в связи с решением штаб-квартир BMW Group и Mercedes-Benz AG изменить периодичность публикации данных о продажах с ежемесячной на ежеквартальную.",в апреле 2022,
RUS Car Sales in March and Q1 2022.pdf,https://aebrus.ru/upload/iblock/d85/RUS-Car-Sales-in-March-and-Q1-2022.pdf,https://aebrus.ru/ru/media/press-releases/sales-of-cars-and-light-commercial-vehicles.php?SHOWALL_1=1#search,aeb_rus_sales_data\pdf\RUS-Car-Sales-in-March-and-Q1-2022.pdf,aeb_rus_sales_data\text\RUS-Car-Sales-in-March-and-Q1-2022.txt,10,"AEB SPONSORS 2022 – СПОНСОРЫ АЕБ 2022 Allianz • Atos • Bank Credit Suisse • BP • Continental Tires RUS • Corteva Agriscience • Dassault Systems • Enel Russia • ENGIE • Equinor Russia AS • Ewart Group • EY • GE • HeidelbergCement ING • John Deere Rus • KPMG • Leroy Merlin Russia • Mercedes-Benz Russia • Merck • METRO AG • Michelin • Oriflame • Porsche Russland • Procter & Gamble • PwC • Raiffeisenbank • SMEG • Shell Exploration & Production Services • Signify • SOGAZ • TotalEnergies • Unipro • Valartis International Ассоциация европейского бизнеса Россия, 127055 Москва, Ул. Бутырский Вал 68/70, стр. 1 Тел.: +7 (495) 234 27 64 Факс: +7 (495) 234 28 07 E-mail: info@aebrus.ru www.aebrus.ru Пресс-релиз 6 апреля 2022 года Автомобильный рынок в марте 2022 года сократился на 62,9% Март 2022 г. ознаменовался падением уровня продаж новых автомобилей на 62,9%, или на 93 547 штук по сравнению с мартом 2021 года, продажи составили 55 129 автомобилей. Среди них: • ком.авт. – 22 445 шт. или 8,1% • внедорожники – 138 375 шт. или 49,9% • пикапы – 1 699 шт. или 0,6% • электромобили – 228 шт. Контакты: Ольга Зуева, координатор Комитета автопроизводителей АЕБ, olga.zueva@aebrus.ru, тел. +7 (495) 234 27 64 Юлия Щеглова, менеджер проектов по исследованию рынка и статистики АЕБ, yuliya.sheglova@aebrus.ru, тел. +7 (495) 234 27 64 -------------------------------------------------------------- Приложения: 1. Продажи новых легковых и легких коммерческих автомобилей в России за март 2022/2021 и январь-март 2022/2021 2. Продажи новых легковых и легких коммерческих автомобилей по группам за март 2022/2021 и январь-март 2022/2021 3. 25 наиболее продаваемых моделей легковых автомобилей в России за март 2022/2021 и январь-март 2022/2021 4. 10 наиболее продаваемых моделей легких коммерческих автомобилей за март 2022/2021 и январь-март 2022/2021",2022-04-06,"года Автомобильный рынок в марте 2022 года сократился на 62,9% Март 2022 г. ознаменовался падением уровня продаж новых автомобилей на 62,9%, или на 93 547 штук по сравнению с мартом 2021 года, продажи составили 55 129 автомобилей. Среди них: • ком.авт. – 22 445 шт. или 8,1% • внедорожники – 138 375 шт. или 49,9% • пикапы – 1 699 шт. или 0,6% • электромобили – 228 шт.",в марте 2022,
RUS Car Sales in February 2022.pdf,https://aebrus.ru/upload/iblock/986/RUS-Car-Sales-in-February-2022.pdf,https://aebrus.ru/ru/media/press-releases/sales-of-cars-and-light-commercial-vehicles.php?SHOWALL_1=1#search,aeb_rus_sales_data\pdf\RUS-Car-Sales-in-February-2022.pdf,aeb_rus_sales_data\text\RUS-Car-Sales-in-February-2022.txt,6,"AEB SPONSORS 2022 – СПОНСОРЫ АЕБ 2022 Allianz • Atos • Bank Credit Suisse • BP • Continental Tires RUS • Corteva Agriscience • Dassault Systems • Enel Russia • ENGIE • Equinor Russia AS • Ewart Group • EY • GE • HeidelbergCement ING • John Deere Rus • KPMG • Leroy Merlin Russia • Mercedes-Benz Russia • Merck • METRO AG • Michelin • Oriflame • Porsche Russland • Procter & Gamble • PwC • Raiffeisenbank • SMEG • Shell Exploration & Production Services • Signify • SOGAZ • TotalEnergies • Unipro • Valartis International Ассоциация европейского бизнеса Россия, 127055 Москва, Ул. Бутырский Вал 68/70, стр. 1 Тел.: +7 (495) 234 27 64 Факс: +7 (495) 234 28 07 E-mail: info@aebrus.ru www.aebrus.ru Пресс-релиз 4 марта 2022 года Автомобильный рынок в феврале 2022 года сократился на 4,8% Февраль 2022 г. ознаменовался падением уровня продаж новых автомобилей на 4,8%, или на 5 732 штуки по сравнению с февралем 2021 года, продажи составили 114 349 автомобилей. Примечание: Ежемесячные данные АЕБ не включают данные о продажах BMW и Mercedes-Benz Rus, в связи с решением штаб-квартир BMW Group и Mercedes-Benz AG изменить периодичность публикации данных о продажах с ежемесячной на ежеквартальную. Контакты: Ольга Зуева, координатор Комитета автопроизводителей АЕБ, olga.zueva@aebrus.ru, тел. +7 (495) 234 27 64 Юлия Щеглова, менеджер проектов по исследованию рынка и статистики АЕБ, yuliya.sheglova@aebrus.ru, тел. +7 (495) 234 27 64 -------------------------------------------------------------- Приложения: 1. Продажи новых легковых и легких коммерческих автомобилей в России за февраль 2022/2021 и январь-февраль 2022/2021 2. Продажи новых легковых и легких коммерческих автомобилей по группам за февраль 2022/2021 и январь-февраль 2022/2021 3. 25 наиболее продаваемых моделей легковых автомобилей в России за февраль 2022/2021 и январь-февраль 2022/2021 4. 10 наиболее продаваемых моделей легких коммерческих автомобилей за февраль 2022/2021 и январь-февраль 2022/2021",2022-03-04,"года Автомобильный рынок в феврале 2022 года сократился на 4,8% Февраль 2022 г. ознаменовался падением уровня продаж новых автомобилей на 4,8%, или на 5 732 штуки по сравнению с февралем 2021 года, продажи составили 114 349 автомобилей. Примечание: Ежемесячные данные АЕБ не включают данные о продажах BMW и Mercedes-Benz Rus, в связи с решением штаб-квартир BMW Group и Mercedes-Benz AG изменить периодичность публикации данных о продажах с ежемесячной на ежеквартальную.",в феврале 2022,
RUS car sales in January 2022.pdf,https://aebrus.ru/upload/iblock/2f0/RUS-car-sales-in-January-2022.pdf,https://aebrus.ru/ru/media/press-releases/sales-of-cars-and-light-commercial-vehicles.php?SHOWALL_1=1#search,aeb_rus_sales_data\pdf\RUS-car-sales-in-January-2022.pdf,aeb_rus_sales_data\text\RUS-car-sales-in-January-2022.txt,6,"AEB SPONSORS 2022 – СПОНСОРЫ АЕБ 2022 Allianz • Atos • Bank Credit Suisse • BP • Continental Tires RUS • Corteva Agriscience • Dassault Systems • Enel Russia • ENGIE • Equinor Russia AS • Ewart Group • EY • GE • HeidelbergCement ING • John Deere Rus • KPMG • Leroy Merlin Russia • Mercedes-Benz Russia • Merck • METRO AG • Michelin • OBI Russia • Oriflame • Porsche Russland • Procter & Gamble • PwC • Raiffeisenbank • SMEG • Shell Exploration & Production Services • Signify • SOGAZ • TotalEnergies • Unipro • Valartis International Ассоциация европейского бизнеса Россия, 127055 Москва, Ул. Бутырский Вал 68/70, стр. 1 Тел.: +7 (495) 234 27 64 Факс: +7 (495) 234 28 07 E-mail: info@aebrus.ru www.aebrus.ru Пресс-релиз 4 февраля 2022 года Автомобильный рынок в январе 2022 года сократился на 3,7% Январь 2022 г. ознаменовался снижением уровня продаж на 3,7 %, или на 3 551 штук по сравнению с январем 2021 года, и составил 91 662 автомобиля. Комментирует Д-р Томас Штэрцель, Председатель Комитета автопроизводителей АЕБ: «Традиционно январь – месяц низких продаж новых автомобилей. Как и ожидалось, в 2022 году тренд незначительного снижения рынка продолжился: в первом месяце 2022 года продано 91 662 новых легковых и легких коммерческих автомобиля, что на 3,7% меньше, чем за тот же период прошлого года. Продажи легких коммерческих автомобилей также сократились, но намного существеннее, на 15%, из-за снижения деловой активности в период новогодних каникул. В результате возврата ввозной таможенной пошлины на электромобили в размере 15% мы наблюдаем рост цен на них для конечного потребителя. Как и прогнозировалось, мы не ожидаем быстрого восстановления рынка в этом году, но надеемся, что преобладающий сегодня тренд изменится во втором полугодии». Контакты: Ольга Зуева, координатор Комитета автопроизводителей АЕБ, olga.zueva@aebrus.ru, тел. +7 (495) 234 27 64 Юлия Щеглова, менеджер проектов по исследованию рынка и статистики АЕБ, yuliya.sheglova@aebrus.ru, тел. +7 (495) 234 27 64 -------------------------------------------------------------- Приложения: 1. Продажи новых легковых и легких коммерческих автомобилей в России за январь 2022/2021 2. Продажи новых легковых и легких коммерческих автомобилей по группам за январь 2022/2021 3. 25 наиболее продаваемых моделей легковых автомобилей в России за январь 2022/2021 4. 10 наиболее продаваемых моделей легких коммерческих автомобилей за январь 2022/2021",2022-02-04,"года Автомобильный рынок в январе 2022 года сократился на 3,7% Январь 2022 г. ознаменовался снижением уровня продаж на 3,7 %, или на 3 551 штук по сравнению с январем 2021 года, и составил 91 662 автомобиля.",в январе 2022,
RUS Car Sales in December 2021.pdf,https://aebrus.ru/upload/iblock/32e/RUS-Car-Sales-in-December-2021.pdf,https://aebrus.ru/ru/media/press-releases/sales-of-cars-and-light-commercial-vehicles.php?SHOWALL_1=1#search,aeb_rus_sales_data\pdf\RUS-Car-Sales-in-December-2021.pdf,aeb_rus_sales_data\text\RUS-Car-Sales-in-December-2021.txt,8,"СПОНСОРЫ АЕБ 2022 Allianz • Atos • Bank Credit Suisse • BP • Continental Tires RUS • Corteva Agriscience • Dassault Systems • Enel Russia • ENGIE • Equinor Russia AS • Ewart Group • EY • GE • HeidelbergCement • ING • John Deere Rus • KPMG • Mercedes-Benz Russia • Merck • METRO AG • Michelin • OBI Russia • Oriflame • Porsche Russland • Procter & Gamble • PwC • Raiffeisenbank • SMEG • Shell Exploration & Production Services • Signify • SOGAZ • TotalEnergies • Unipro • Valartis International Ассоциация европейского бизнеса Россия, 127055 Москва, Ул. Бутырский Вал 68/70, стр. 1 Тел.: +7 (495) 234 27 64 Факс: +7 (495) 234 28 07 E-mail: info@aebrus.ru www.aebrus.ru Пресс-релиз 13 января 2022 года Автомобильный рынок в 2021 году вырос на 4,3% Декабрь 2021 г. ознаменовался снижением уровня продаж на 19,9%, или на 33 196 штук, по сравнению с декабрем 2020 года, продажи составили 133 470 автомобилей. В 2021 году автомобильный рынок вырос на 4,3%, или на 67 955 единиц проданных новых автомобилей, по сравнению с 2020 годом. В 2021 году в январе – декабре всего было продано 1 666 780 автомобилей (данные Комитета автопроизводителей АЕБ). Среди них:  ком. авт. – 130 691 шт., или 7,8%  внедорожники – 788 278 шт., или 47,3%  пикапы – 10 014 шт., или 0,6%  электромобили – 1 001 шт. Комментирует Д-р Томас Штэрцель, Председатель Комитета автопроизводителей АЕБ: «Рынок новых легковых и легких коммерческих автомобилей в 2021 году продемонстрировал рост 4,3% по сравнению с 2020 годом. Всего было продано 1 666 780 легковых и легких коммерческих автомобилей. Тем не менее, положительные показатели 2021 года обусловлены динамикой роста только второго квартала 2021 года по сравнению с аналогичным периодом 2020 года, на который оказал сильное влияние локдаун. Негативная тенденция последних двух кварталов 2021 завершилась огромным снижением на 19,9% в декабре, когда было продано всего 133 470 автомобилей. Все это - результат негативного влияния на рынок глобальных факторов, таких как дефицит электронных компонентов, проблемы с логистикой, разрыв цепочек поставок, рост стоимости материалов и т.д. Признаков скорого улучшения ситуации не наблюдается. С 2015 года российский автомобильный рынок остается достаточно стабильным и находится в диапазоне от 1,4 до 1,8 млн. автомобилей. Исходя из того, что все негативные факторы не будут устранены в течение основной части 2022 года, Комитет считает, что автомобильный рынок не претерпит значительных изменений, и прогнозирует рост продаж на 3,3% при общем объеме продаж легковых и легких коммерческих автомобилей в 1 722 000 единиц. Желаем всем нашим клиентам, журналистам, участникам рынка и партнерам успехов и здоровья в Новом 2022 году!» Примечание: Ежемесячные данные АЕБ не включают данные о продажах BMW и Mercedes-Benz Rus, в связи с решением штаб-квартир BMW Group и Mercedes-Benz AG изменить периодичность публикации данных о продажах с ежемесячной на ежеквартальную. Контакты: Ольга Зуева, координатор Комитета автопроизводителей АЕБ, olga.zueva@aebrus.ru, тел. +7 (495) 234 27 64 Юлия Щеглова, менеджер проектов по исследованию рынка и статистики АЕБ, yuliya.sheglova@aebrus.ru, тел. +7 (495) 234 27 64 -------------------------------------------------------------- Приложения: 1. Продажи новых легковых и легких коммерческих автомобилей в России за декабрь 2021/2020 и январь-декабрь 2021/2020 2. Продажи новых легковых и легких коммерческих автомобилей по группам за декабрь 2021/2020 и январь-декабрь 2021/2020 3. 25 наиболее продаваемых моделей легковых автомобилей в России за декабрь 2021/2020 и январь-декабрь 2021/2020 4. 10 наиболее продаваемых моделей легких коммерческих автомобилей за декабрь 2021/2020 и январь-декабрь 2021/2020",2022-01-13,"года Автомобильный рынок в 2021 году вырос на 4,3% Декабрь 2021 г. ознаменовался снижением уровня продаж на 19,9%, или на 33 196 штук, по сравнению с декабрем 2020 года, продажи составили 133 470 автомобилей. В 2021 году автомобильный рынок вырос на 4,3%, или на 67 955 единиц проданных новых автомобилей, по сравнению с 2020 годом. В 2021 году в январе – декабре всего было продано 1 666 780 автомобилей (данные Комитета автопроизводителей АЕБ). Среди них:  ком. авт. – 130 691 шт., или 7,8%  внедорожники – 788 278 шт., или 47,3%  пикапы – 10 014 шт., или 0,6%  электромобили – 1 001 шт.",в 2021 году,
RUS Car Sales in November 2021.pdf,https://aebrus.ru/upload/iblock/050/RUS-Car-Sales-in-November-2021.pdf,https://aebrus.ru/ru/media/press-releases/sales-of-cars-and-light-commercial-vehicles.php?SHOWALL_1=1#search,aeb_rus_sales_data\pdf\RUS-Car-Sales-in-November-2021.pdf,aeb_rus_sales_data\text\RUS-Car-Sales-in-November-2021.txt,6,"AEB SPONSORS 2021 – СПОНСОРЫ АЕБ 2021 Allianz • Atos • Bank Credit Suisse • BP • Continental Tires RUS • Corteva Agriscience • Dassault Systems • Enel Russia • ENGIE • Equinor Russia AS • EY • GE • HeidelbergCement • ING • John Deere Rus • KPMG • Mercedes-Benz Russia • Merck • Messe Frankfurt Rus • METRO AG • Michelin • OBI Russia • Oriflame • Porsche Russland • Procter & Gamble • PwC • Raiffeisenbank • SMEG • Shell Exploration & Production Services • Signify • SOGAZ • Total E&P Russie • Unipro • Valartis International Ассоциация европейского бизнеса Россия, 127055 Москва, Ул. Бутырский Вал 68/70, стр. 1 Тел.: +7 (495) 234 27 64 Факс: +7 (495) 234 28 07 E-mail: info@aebrus.ru www.aebrus.ru Пресс-релиз 06 декабря 2021 года Автомобильный рынок в ноябре 2021 года сократился на 20,4% Ноябрь 2021 г. ознаменовался падением уровня продаж новых автомобилей на 20,4%, или на 32 114 штук по сравнению с ноябрем 2020 года, продажи составили 125 466 автомобилей. Комментирует Д-р Томас Штэрцель, Председатель Комитета автопроизводителей АЕБ: «В ноябре продано 125 466 автомобилей, что на 20,4% меньше, чем в прошлом году. Однако в годовом выражении результат января-ноября 2021 года все же положителен: 1 439 045 проданных автомобилей, что на 6,9% превышает показатель за аналогичный период 2020 года. Обычно декабрь — благоприятный месяц для продаж автомобилей, но этот год - другой, и нам представляется, что в следующем году существующий тренд сохранится, и в ближайшие месяцы цифры еще ухудшатся. В дополнение ко всем негативно влияющим на рынок факторам, таким как сокращение производства, нехватка полупроводников и логистические проблемы, Правительство инициирует нормативные акты, которые могут только усугубить ситуацию: опубликованный проект Постановления Правительства предполагает почти 9-кратное увеличение ставки утилизационного сбора на электромобили. В совокупности с объявленной отменой нулевой импортной пошлины на электромобили эта мера существенно ухудшит развитие этого сегмента рынка, который только начал расти в России. К сожалению, такой шаг не обсуждался с представителями отрасли. Мы считаем, что принятие указанного Постановления приведет к росту цен на электромобили для конечного потребителя, а также замедлит динамику их продаж и развитие зарядной инфраструктуры. Окончательные результаты 2021 года будут объявлены на нашей ежегодной пресс-конференции 13 января 2022 года, где мы постараемся дать прогноз развития отрасли в следующем году». Примечание: Ежемесячные данные АЕБ не включают данные о продажах BMW и Mercedes-Benz Rus, в связи с решением штаб-квартир BMW Group и Mercedes-Benz AG изменить периодичность публикации данных о продажах с ежемесячной на ежеквартальную. Контакты: Ольга Зуева, координатор Комитета автопроизводителей АЕБ, olga.zueva@aebrus.ru, тел. +7 (495) 234 27 64 Юлия Щеглова, менеджер проектов по исследованию рынка и статистики АЕБ, yuliya.sheglova@aebrus.ru, тел. +7 (495) 234 27 64 -------------------------------------------------------------- Приложения: 1. Продажи новых легковых и легких коммерческих автомобилей в России за ноябрь 2021/2020 и январь-ноябрь 2021/2020 2. Продажи новых легковых и легких коммерческих автомобилей по группам за ноябрь 2021/2020 и январь-ноябрь 2021/2020 3. 25 наиболее продаваемых моделей легковых автомобилей в России за ноябрь 2021/2020 и январь-ноябрь 2021/2020 4. 10 наиболее продаваемых моделей легких коммерческих автомобилей за ноябрь 2021/2020 и январь-ноябрь 2021/2020",2021-12-06,"года Автомобильный рынок в ноябре 2021 года сократился на 20,4% Ноябрь 2021 г. ознаменовался падением уровня продаж новых автомобилей на 20,4%, или на 32 114 штук по сравнению с ноябрем 2020 года, продажи составили 125 466 автомобилей.",в ноябре 2021,
RUS Car Sales in October 2021.pdf,https://aebrus.ru/upload/iblock/6ad/RUS-Car-Sales-in-October-2021.pdf,https://aebrus.ru/ru/media/press-releases/sales-of-cars-and-light-commercial-vehicles.php?SHOWALL_1=1#search,aeb_rus_sales_data\pdf\RUS-Car-Sales-in-October-2021.pdf,aeb_rus_sales_data\text\RUS-Car-Sales-in-October-2021.txt,6,"AEB SPONSORS 2021 – СПОНСОРЫ АЕБ 2021 Allianz • Atos • Bank Credit Suisse • BP • Continental Tires RUS • Corteva Agriscience • Dassault Systems • Enel Russia • ENGIE • Equinor Russia AS • EY • GE • HeidelbergCement • ING • John Deere Rus • KPMG • Mercedes-Benz Russia • Merck • Messe Frankfurt Rus • METRO AG • Michelin • OBI Russia • Oriflame • Porsche Russland • Procter & Gamble • PwC • Raiffeisenbank • SMEG • Shell Exploration & Production Services • Signify • SOGAZ • Total E&P Russie • Unipro • Valartis International Ассоциация европейского бизнеса Россия, 127055 Москва, Ул. Бутырский Вал 68/70, стр. 1 Тел.: +7 (495) 234 27 64 Факс: +7 (495) 234 28 07 E-mail: info@aebrus.ru www.aebrus.ru Пресс-релиз 08 ноября 2021 года Автомобильный рынок в октябре 2021 года сократился на 18,1% Октябрь 2021 г. ознаменовался падением уровня продаж новых автомобилей на 18,1%, или на 27 960 штук по сравнению с октябрем 2020 года, продажи составили 126 204 автомобиля. Комментирует Д-р Томас Штэрцель, Председатель Комитета автопроизводителей АЕБ: «В октябре 2021 г. четвертый месяц подряд рынок продолжил снижаться. Было продано всего 126 204 легковых и легких коммерческих автомобилей, что на 18,1% меньше, чем в прошлом году. Продажи легковых и легких коммерческих автомобилей за период с января по октябрь 2021 года составили 1 313 579 штук, что на 10,5% превышает показатели за аналогичный период прошлого года. Предстоит еще пройти долгий путь, чтобы преодолеть глобальный спад производства и новые проблемы в логистике, связанные с разрывом цепочек поставок. Позитивным и заслуживающим упоминания является то, что несмотря на все трудности, сегмент автомобилей с электрическим приводом продолжает расти. За период с начала года общий объем продаж составил 845 автомобилей, что уже на 118% превышает аналогичный показатель за весь 2020 год. Положительная динамика продаж электромобилей способствует развитию зарядной инфраструктуры и дает возможность дистрибьюторам выводить на российский рынок не только большее количество автомобилей, но и более доступные модели. Разумеется, растущий сегмент электромобилей может со временем быть занят моделями местного производства. Это положительное развитие может быть серьезно подорвано отказом от продления нулевой ставки ввозной таможенной пошлины на электромобили на ближайшие годы, что приведет к росту стоимости электромобилей, снижению покупательского спроса и последующей стагнации в динамике продаж. Кроме того, некоторые производители могут отложить вывод своих электромобилей на российский рынок на фоне более высоких затрат на меньший, чем ожидалось, объем продаж электромобилей. Поэтому наш Комитет убежден, что продление нулевой ставки ввозной таможенной пошлины на электромобили выгодно как всем участникам рынка, так и государству». Примечание: Ежемесячные данные АЕБ не включают данные о продажах BMW и Mercedes-Benz Rus, в связи с решением штаб-квартир BMW Group и Mercedes-Benz AG изменить периодичность публикации данных о продажах с ежемесячной на ежеквартальную. Контакты: Ольга Зуева, координатор Комитета автопроизводителей АЕБ, olga.zueva@aebrus.ru, тел. +7 (495) 234 27 64 Юлия Щеглова, менеджер проектов по исследованию рынка и статистики АЕБ, yuliya.sheglova@aebrus.ru, тел. +7 (495) 234 27 64 -------------------------------------------------------------- Приложения: 1. Продажи новых легковых и легких коммерческих автомобилей в России за октябрь 2021/2020 и январь-октябрь 2021/2020 2. Продажи новых легковых и легких коммерческих автомобилей по группам за октябрь 2021/2020 и январь-октябрь 2021/2020 3. 25 наиболее продаваемых моделей легковых автомобилей в России за октябрь 2021/2020 и январь-октябрь 2021/2020 4. 10 наиболее продаваемых моделей легких коммерческих автомобилей за октябрь 2021/2020 и январь-октябрь 2021/2020",2021-11-08,"года Автомобильный рынок в октябре 2021 года сократился на 18,1% Октябрь 2021 г. ознаменовался падением уровня продаж новых автомобилей на 18,1%, или на 27 960 штук по сравнению с октябрем 2020 года, продажи составили 126 204 автомобиля.",в октябре 2021,1313579.0
RUS Car Sales in Q 1-3 and September 2021.pdf,https://aebrus.ru/upload/iblock/38d/RUS-Car-Sales-in-Q-1_3-and-September-2021.pdf,https://aebrus.ru/ru/media/press-releases/sales-of-cars-and-light-commercial-vehicles.php?SHOWALL_1=1#search,aeb_rus_sales_data\pdf\RUS-Car-Sales-in-Q-1_3-and-September-2021.pdf,aeb_rus_sales_data\text\RUS-Car-Sales-in-Q-1_3-and-September-2021.txt,9,"AEB SPONSORS 2021 – СПОНСОРЫ АЕБ 2021 Allianz • Atos • Bank Credit Suisse • BP • Continental Tires RUS • Corteva Agriscience • Dassault Systems • Enel Russia • ENGIE • Equinor Russia AS • EY • GE • HeidelbergCement • ING • John Deere Rus • KPMG • Mercedes-Benz Russia • Merck • Messe Frankfurt Rus • METRO AG • Michelin • OBI Russia • Oriflame • Porsche Russland • Procter & Gamble • PwC • Raiffeisenbank • SMEG • Shell Exploration & Production Services • Signify • SOGAZ • Total E&P Russie • Unipro • Valartis International Association of European Businesses Butyrsky Val str. 68/70, bld. 1 127055 Moscow, Russia Tel.: +7 (495) 234 27 64 Fax: +7 (495) 234 28 07 E-mail: info@aebrus.ru www.aebrus.ru Пресс-релиз 6 октября 2021 года Продажи новых автомобилей выросли на 15,1% за 1-3 кварталы 2021 года и снизились на 22,6% – в сентябре 2021 г. За период с 1 по 3 квартал 2021 года продажи новых автомобилей и легких коммерческих автомобилей в России выросли на 15,1 % по сравнению с аналогичным периодом 2020 года, или на 11 196 автомобилей, всего продажи составили 1 260 111 автомобилей, согласно данным Комитета автопроизводителей АЕБ. Среди них:  ком.авт. – 91 505 шт., или 7,3%  внедорожники – 587 176 шт., или 46,6%  пикапы – 7 159 шт., или 0,6%  электромобили – 797 шт. Сентябрь 2021 г. ознаменовался падением уровня продаж на 22,6%, или на 34 924 шт., по сравнению с сентябрем прошлого года, продажи составили 119 485 автомобилей. Комментирует Д-р Томас Штэрцель, Председатель Комитета автопроизводителей АЕБ: «В сентябре 2021 года продано всего 119 485 новых легковых и легких коммерческих автомобилей, что демонстрирует снижение рынка на 22,6%. Как и ожидалось, негативный тренд продолжается, хотя по результатам первых трех кварталов все же наблюдается рост на 15,1% по сравнению с тем же периодом 2020 года: всего продано 1 260 111 новых легковых и легких коммерческих автомобилей. Хорошо известный дефицит автомобилей на рынке, связанный с сокращением производства и мировой проблемой нехватки полупроводников, а также новые вызывающие опасения факторы, такие как энергетический кризис в Китае и Великобритании, рост стоимости сырья и другие проблемы, будут поддерживать негативный тренд в ближайшие несколько месяцев. На данный момент ситуация на рынке крайне нестабильна, однако в ноябре Комитет автопроизводителей попробует пересмотреть свой прогноз рынка на 2021 год». Примечание: Ежемесячные данные АЕБ не включают данные о продажах BMW и Mercedes-Benz Rus, в связи с решением штаб-квартир BMW Group и Mercedes-Benz AG изменить периодичность публикации данных о продажах с ежемесячной на ежеквартальную. Таблицы c результатами рынка за 1-3 кварталы 2021 года содержат данные обо всех брендах, включая BMW, MINI, Mercedes-Benz, Mercedes- Benz ком.авт. и smart. Контакты: Ольга Зуева, координатор Комитета автопроизводителей АЕБ, olga.zueva@aebrus.ru, тел. +7 (495) 234 27 64 Юлия Щеглова, менеджер проектов по исследованию рынка и статистики АЕБ, yuliya.sheglova@aebrus.ru, тел. +7 (495) 234 27 64 -------------------------------------------------------------- Приложения: 1. Продажи новых легковых и легких коммерческих автомобилей в России за сентябрь 2021/2020 и январь-сентябрь 2021/2020 2. Продажи новых легковых и легких коммерческих автомобилей по группам за сентябрь 2021/2020 и январь-сентябрь 2021/2020 3. 25 наиболее продаваемых моделей легковых автомобилей в России за сентябрь 2021/2020 и январь-сентябрь 2021/2020",2021-10-06,"года Продажи новых автомобилей выросли на 15,1% за 1-3 кварталы 2021 года и снизились на 22,6% – в сентябре 2021 г. За период с 1 по 3 квартал 2021 года продажи новых автомобилей и легких коммерческих автомобилей в России выросли на 15,1 % по сравнению с аналогичным периодом 2020 года, или на 11 196 автомобилей, всего продажи составили 1 260 111 автомобилей, согласно данным Комитета автопроизводителей АЕБ. Среди них:  ком.авт. – 91 505 шт., или 7,3%  внедорожники – 587 176 шт., или 46,6%  пикапы – 7 159 шт., или 0,6%  электромобили – 797 шт. Сентябрь 2021 г. ознаменовался падением уровня продаж на 22,6%, или на 34 924 шт., по сравнению с сентябрем прошлого года, продажи составили 119 485 автомобилей.",в сентябре 2021,
RUS Car Sales in August 2021.pdf,https://aebrus.ru/upload/iblock/79a/RUS-Car-Sales-in-August-2021.pdf,https://aebrus.ru/ru/media/press-releases/sales-of-cars-and-light-commercial-vehicles.php?SHOWALL_1=1#search,aeb_rus_sales_data\pdf\RUS-Car-Sales-in-August-2021.pdf,aeb_rus_sales_data\text\RUS-Car-Sales-in-August-2021.txt,6,"AEB SPONSORS 2021 – СПОНСОРЫ АЕБ 2021 Allianz • Atos • Bank Credit Suisse • BP • Continental Tires RUS • Corteva Agriscience • Dassault Systems • Enel Russia • ENGIE • Equinor Russia AS • EY • GE • HeidelbergCement • ING • John Deere Rus • KPMG • Mercedes-Benz Russia • Merck • Messe Frankfurt Rus • METRO AG • Michelin • OBI Russia • Oriflame • Porsche Russland • Procter & Gamble • PwC • Raiffeisenbank • SMEG • Shell Exploration & Production Services • Signify • SOGAZ • Total E&P Russie • Unipro • Valartis International Ассоциация европейского бизнеса Россия, 127055 Москва, Ул. Бутырский Вал 68/70, стр. 1 Тел.: +7 (495) 234 27 64 Факс: +7 (495) 234 28 07 E-mail: info@aebrus.ru www.aebrus.ru Пресс-релиз 06 сентября 2021 года Автомобильный рынок в августе 2021 года сократился на 17% Август 2021 г. ознаменовался падением уровня продаж новых автомобилей на 17%, или на 23 387 штук по сравнению с августом 2020 года, продажи составили 114 130 автомобилей. Комментирует Д-р Томас Штэрцель, Председатель Комитета автопроизводителей АЕБ: «В августе мы наблюдаем значительное снижение продаж автомобилей: -17% (114 130 легковых и легких коммерческих автомобилей) по сравнению с августом 2020 года. Хотя спрос остается стабильным, падение производства в результате нехватки электронных компонентов на мировом рынке продолжает увеличивать разрыв между спросом и предложением, оказывая негативное влияние на объемы продаж. Поскольку никаких признаков быстрого решения этой проблемы нет, мы ожидаем нестабильность продаж и дальнейшее сокращение рынка в ближайшие несколько месяцев. В годовом выражении результаты остаются положительными. За период с января по август 2021 года продано 1 067 890 новых легковых и легких коммерческих автомобилей, что на 21,3% больше аналогичного периода прошлого года. Учитывая существующий тренд, пока мы оставляем наш прогноз на конец года (+9,8%) без изменений, однако вернемся к этому вопросу после третьего квартала». Контакты: Ольга Зуева, координатор Комитета автопроизводителей АЕБ, olga.zueva@aebrus.ru, тел. +7 (495) 234 27 64 Юлия Щеглова, менеджер проектов по исследованию рынка и статистики АЕБ, yuliya.sheglova@aebrus.ru, тел. +7 (495) 234 27 64 -------------------------------------------------------------- Приложения: 1. Продажи новых легковых и легких коммерческих автомобилей в России за август 2021/2020 2. Продажи новых легковых и легких коммерческих автомобилей по группам за август 2021/2020 3. 25 наиболее продаваемых моделей легковых автомобилей в России за август 2021/2020",2021-09-06,"года Автомобильный рынок в августе 2021 года сократился на 17% Август 2021 г. ознаменовался падением уровня продаж новых автомобилей на 17%, или на 23 387 штук по сравнению с августом 2020 года, продажи составили 114 130 автомобилей.",в августе 2021,
RUS Car Sales in July 2021.pdf,https://aebrus.ru/upload/iblock/d3b/RUS-Car-Sales-in-July-2021.pdf,https://aebrus.ru/ru/media/press-releases/sales-of-cars-and-light-commercial-vehicles.php?SHOWALL_1=1#search,aeb_rus_sales_data\pdf\RUS-Car-Sales-in-July-2021.pdf,aeb_rus_sales_data\text\RUS-Car-Sales-in-July-2021.txt,6,"AEB SPONSORS 2021 – СПОНСОРЫ АЕБ 2021 Allianz • Atos • Bank Credit Suisse • BP • Continental Tires RUS • Corteva Agriscience • Dassault Systems • Enel Russia • ENGIE • Equinor Russia AS • EY • GE • HeidelbergCement • ING • John Deere Rus • KPMG • Mercedes-Benz Russia • Merck • Messe Frankfurt Rus • METRO AG • Michelin • OBI Russia • Oriflame • Porsche Russland • Procter & Gamble • PwC • Raiffeisenbank • SMEG • Shell Exploration & Production Services • Signify • SOGAZ • Total E&P Russie • Unipro • Valartis International Ассоциация европейского бизнеса Россия, 127055 Москва, Ул. Бутырский Вал 68/70, стр. 1 Тел.: +7 (495) 234 27 64 Факс: +7 (495) 234 28 07 E-mail: info@aebrus.ru www.aebrus.ru Пресс-релиз 05 августа 2021 года Автомобильный рынок в июле 2021 года сократился на 6,5% Июль 2021 г. ознаменовался снижением уровня продаж новых автомобилей на 6,5%, или на 9 284 штуки по сравнению с июлем 2020 года, продажи составили 132 640 автомобилей. Комментирует Д-р Томас Штэрцель, Председатель Комитета автопроизводителей АЕБ: «Как мы указали в июньском пресс-релизе, в этом месяце рынок переживает небольшой спад по сравнению с прошлым годом. В июле 2021 года было продано 132 640 легковых и легких коммерческих автомобилей, что на 6,5% меньше, чем в июле 2020 года после снятия ограничений, связанных с пандемией. В январе - июле 2021 года было продано 953 760 автомобилей, что все же на 28,4% больше, чем за аналогичный период прошлого года. В ближайшие месяцы можно ожидать дальнейших корректировок, связанных с ограничивающими эффектами сокращения производства во всем мире из-за нехватки электронных компонентов». Контакты: Ольга Зуева, координатор Комитета автопроизводителей АЕБ, olga.zueva@aebrus.ru, тел. +7 (495) 234 27 64 Юлия Щеглова, менеджер проектов по исследованию рынка и статистики АЕБ, yuliya.sheglova@aebrus.ru, тел. +7 (495) 234 27 64 -------------------------------------------------------------- Приложения: 1. Продажи новых легковых и легких коммерческих автомобилей в России за июль 2021/2020 2. Продажи новых легковых и легких коммерческих автомобилей по группам за июль 2021/2020 3. 25 наиболее продаваемых моделей легковых автомобилей в России за июль 2021/2020",2021-08-05,"года Автомобильный рынок в июле 2021 года сократился на 6,5% Июль 2021 г. ознаменовался снижением уровня продаж новых автомобилей на 6,5%, или на 9 284 штуки по сравнению с июлем 2020 года, продажи составили 132 640 автомобилей.",в июле 2021,
RUS Car Sales in 1HY and June 2021.pdf,https://aebrus.ru/upload/iblock/e97/RUS-Car-Sales-in-1HY-and-June-2021.pdf,https://aebrus.ru/ru/media/press-releases/sales-of-cars-and-light-commercial-vehicles.php?SHOWALL_1=1#search,aeb_rus_sales_data\pdf\RUS-Car-Sales-in-1HY-and-June-2021.pdf,aeb_rus_sales_data\text\RUS-Car-Sales-in-1HY-and-June-2021.txt,9,"AEB SPONSORS 2021 – СПОНСОРЫ АЕБ 2021 Allianz • Atos • Bank Credit Suisse • BP • Continental Tires RUS • Corteva Agriscience • Dassault Systems • Enel Russia • ENGIE • Equinor Russia AS • EY • GE • HeidelbergCement • ING • John Deere Rus • KPMG • Mercedes-Benz Russia • Merck • Messe Frankfurt Rus • METRO AG • Michelin • OBI Russia • Oriflame • Porsche Russland • Procter & Gamble • PwC • Raiffeisenbank • SMEG • Shell Exploration & Production Services • Signify • SOGAZ • Total E&P Russie • Unipro • Valartis International Association of European Businesses Butyrsky Val str. 68/70, bld. 1 127055 Moscow, Russia Tel.: +7 (495) 234 27 64 Fax: +7 (495) 234 28 07 E-mail: info@aebrus.ru www.aebrus.ru Пресс-релиз 6 июля 2021 года Продажи новых автомобилей выросли на 36,9% в 1 полугодии 2021 года и на 28,7% – в июне 2021 г. В 1 полугодии 2021 года продажи новых автомобилей и легких коммерческих автомобилей в России выросли на 36,9 % по сравнению с аналогичным периодом 2020 года, или на 234 790 автомобилей, всего продажи составили 870 749 автомобилей, по данным Комитета автопроизводителей АЕБ. Среди них: ком.авт. – 50 936 шт., или 5,8% внедорожники – 399 822 шт., или 45,9% пикапы – 4 223 шт., или 0,5% электромобили – 552 шт. Июнь 2021 г. ознаменовался ростом уровня продаж на 28,7%, или на 35 186 шт., по сравнению с июнем прошлого года, продажи составили 157 808 автомобилей. Комментирует Д-р Томас Штэрцель, Председатель Комитета автопроизводителей АЕБ: «В июне 2021 года продано 157 808 легковых и легких коммерческих автомобилей*, что на 28,7% больше, чем в июне 2020 года, и на 9,8% больше по сравнению с июнем 2019 года. В первом полугодии 2021 года продано 870 749 автомобилей**, что на 36,9% превышает аналогичный показатель за тот же период предыдущего года и на 5,1% больше по сравнению с первым полугодием 2019 года. Как отмечалось ранее, динамика рынка превышает ожидания. Отсрочка повышения утилизационного сбора поддержала рынок и помогла замедлить рост цен на автомобили. Ситуация с COVID-19 ухудшается, но мы надеемся, что полного локдауна удастся избежать. Несмотря на сложности с поставкой полупроводников и повышение цен на металл, нам представляется, что удастся не допустить резкого падения продаж в 2021 году и в ближайшие месяцы мы увидим коррекцию. Комитет позитивно смотрит на развитие рынка в этом году и, как объявлялось ранее, обновляет годовой прогноз продаж: в 2021 году будет продано 1 756 000 легковых и легких коммерческих автомобилей, что на 9,8% больше по сравнению с предыдущим годом. Это означает, что мы скорректировали свой прогноз с 2,1% на 9,8%». * Данные продаж за месяц не включают продажи марок БМВ и Мерседес-Бенц ** Результаты продаж за полгода включают продажи марок БМВ и Мерседес-Бенц Контакты: Ольга Зуева, координатор Комитета автопроизводителей АЕБ, olga.zueva@aebrus.ru, тел. +7 (495) 234 27 64 Юлия Щеглова, менеджер проектов по исследованию рынка и статистики АЕБ, yuliya.sheglova@aebrus.ru, тел. +7 (495) 234 27 64 -------------------------------------------------------------- Приложения: 1. Продажи новых легковых и легких коммерческих автомобилей в России за июнь 2021/2020 и январь-июнь 2021/2020 2. Продажи новых легковых и легких коммерческих автомобилей по группам за июнь 2021/2020 и январь-июнь 2021/2020 3. 25 наиболее продаваемых моделей легковых автомобилей в России за июнь 2021/2020 и январь-июнь 2021/2020",2021-07-06,"года Продажи новых автомобилей выросли на 36,9% в 1 полугодии 2021 года и на 28,7% – в июне 2021 г. В 1 полугодии 2021 года продажи новых автомобилей и легких коммерческих автомобилей в России выросли на 36,9 % по сравнению с аналогичным периодом 2020 года, или на 234 790 автомобилей, всего продажи составили 870 749 автомобилей,",в июне 2021,
RUS Car Sales in May 2021.pdf,https://aebrus.ru/upload/iblock/119/RUS-Car-Sales-in-May-2021.pdf,https://aebrus.ru/ru/media/press-releases/sales-of-cars-and-light-commercial-vehicles.php?SHOWALL_1=1#search,aeb_rus_sales_data\pdf\RUS-Car-Sales-in-May-2021.pdf,aeb_rus_sales_data\text\RUS-Car-Sales-in-May-2021.txt,6,"AEB SPONSORS 2021 – СПОНСОРЫ АЕБ 2021 Allianz • Atos • Bank Credit Suisse • BP • Continental Tires RUS • Corteva Agriscience • Dassault Systems • Enel Russia • ENGIE • Equinor Russia AS • EY • GE • HeidelbergCement • ING • John Deere Rus • KPMG • Mercedes-Benz Russia • Merck • Messe Frankfurt Rus • METRO AG • Michelin • OBI Russia • Oriflame • Porsche Russland • Procter & Gamble • PwC • Raiffeisenbank • SMEG • Shell Exploration & Production Services • Signify • SOGAZ • Total E&P Russie • Unipro • Valartis International Ассоциация европейского бизнеса Россия, 127055 Москва, Ул. Бутырский Вал 68/70, стр. 1 Тел.: +7 (495) 234 27 64 Факс: +7 (495) 234 28 07 E-mail: info@aebrus.ru www.aebrus.ru Пресс-релиз 04 июня 2021 года Автомобильный рынок в мае 2021 года вырос на 133,8% Май 2021 г. ознаменовался ростом уровня продаж новых автомобилей на 133,8%, или на 84 345 штук по сравнению с маем 2020 года, продажи составили 147 378 автомобилей. Комментирует Д-р Томас Штэрцель, Председатель Комитета автопроизводителей АЕБ: «В мае 2021 г. рост продаж новых автомобилей, как и ожидалось, оказался на весьма высоком уровне по сравнению с тем же месяцем прошлого года. Особенно это касается лидеров продаж. В этом месяце продано 147 378 новых легковых и легких коммерческих автомобилей, что составляет прирост на 133,8% по сравнению с тем же периодом прошлого года и на 6,7% по сравнению с маем 2019 года (плюс 10 000 автомобилей). За период с начала 2021 года рост составил 38,7% по сравнению с прошлым годом с учетом локдауна, введенного в 2020 году в связи с пандемией COVID-19. В июне сохранится та же ситуация, однако после июля можно будет говорить о более реалистичных показателях в годовом исчислении. В летние месяцы будут ощущаться последствия сокращения предложения на фоне нехватки электронных компонентов во всем мире. Поэтому мы ожидаем снижения объема продаж большинства производителей в сравнении с текущим высоким потребительским спросом. При государственной поддержке потребителей и производителей можно рассчитывать на положительное завершение года. В следующем пресс-релизе Комитет автопроизводителей АЕБ обновит свой годовой прогноз.» Примечание: объем продаж в мае 2021 г. на 6,7% выше, чем в тот же период 2019 г. с учетом данных BMW и Mercedes-Benz Rus в 2019 г., которые изменили периодичность публикации данных о продажах с ежемесячной на ежеквартальную в 2020 г. Без учета данных названных компаний результаты продаж в мае 2021 г. на 12,6% выше мая 2019 г. Контакты: Ольга Зуева, координатор Комитета автопроизводителей АЕБ, olga.zueva@aebrus.ru, тел. +7 (495) 234 27 64 Юлия Щеглова, менеджер проектов по исследованию рынка и статистики АЕБ, yuliya.sheglova@aebrus.ru, тел. +7 (495) 234 27 64 -------------------------------------------------------------- Приложения: 1. Продажи новых легковых и легких коммерческих автомобилей в России за май 2021/2020 2. Продажи новых легковых и легких коммерческих автомобилей по группам за май 2021/2020 3. 25 наиболее продаваемых моделей легковых автомобилей в России за май 2021/2020",2021-06-04,"года Автомобильный рынок в мае 2021 года вырос на 133,8% Май 2021 г. ознаменовался ростом уровня продаж новых автомобилей на 133,8%, или на 84 345 штук по сравнению с маем 2020 года, продажи составили 147 378 автомобилей.",в мае 2021,
RUS Car Sales in April 2021.pdf,https://aebrus.ru/upload/iblock/1ec/RUS-Car-Sales-in-April-2021.pdf,https://aebrus.ru/ru/media/press-releases/sales-of-cars-and-light-commercial-vehicles.php?SHOWALL_1=1#search,aeb_rus_sales_data\pdf\RUS-Car-Sales-in-April-2021.pdf,aeb_rus_sales_data\text\RUS-Car-Sales-in-April-2021.txt,6,"AEB SPONSORS 2021 – СПОНСОРЫ АЕБ 2021 Allianz • Atos • Bank Credit Suisse • BP • Continental Tires RUS • Corteva Agriscience • Dassault Systems • Enel Russia • ENGIE • Equinor Russia AS • EY • GE • HeidelbergCement • ING • John Deere Rus • KPMG • Mercedes-Benz Russia • Merck • Messe Frankfurt Rus • METRO AG • Michelin • OBI Russia • Oriflame • Porsche Russland • Procter & Gamble • PwC • Raiffeisenbank • SMEG • Shell Exploration & Production Services • Signify • SOGAZ • Total E&P Russie • Unipro • Valartis International Association of European Businesses Butyrsky Val str. 68/70, bld. 1 127055 Moscow, Russia Phone: +7 (495) 234 27 64 Fax: +7 (495) 234 28 07 E-mail: info@aebrus.ru www.aebrus.ru Пресс-релиз 12 мая 2021 года Автомобильный рынок в апреле 2021 года вырос на 290,4% Апрель 2021 г. ознаменовался ростом уровня продаж новых автомобилей на 290,4 %, или на 113 042 штуки по сравнению с апрелем 2020 года, продажи составили 151 964 автомобиля. Комментирует Д-р Томас Штэрцель, Председатель Комитета автопроизводителей АЕБ: «В апреле 2021 года продажи новых автомобилей составили 151 964 штук, что на 290,4% выше «черного апреля» прошлого года. Четверо крупнейших локальных производителей демонстрируют особенно высокий результат по сравнению с прошлым годом, когда они больше всего пострадали в результате локдауна. Совокупный объем продаж за первые четыре месяца 2021 года составил 515 934 автомобиля, что, как и ожидалось, на 24,3% выше чем в 2020 году, но на 4,5% ниже, чем в тот же период 2019 года. Пока достигнутые в этом году продажи подтверждают наш прогноз о росте рынка к концу года на 2,1% по сравнению с прошлым годом, и, как только рынок вернется в свою колею, Комитет автопроизводителей сможет скорректировать свой прогноз в июле. Для дальнейшей стабилизации спроса и бизнеса по-прежнему необходимы меры государственной поддержки». Контакты: Ольга Зуева, координатор Комитета автопроизводителей АЕБ, olga.zueva@aebrus.ru, тел. +7 (495) 234 27 64 Юлия Щеглова, менеджер проектов по исследованию рынка и статистики АЕБ, yuliya.sheglova@aebrus.ru, тел. +7 (495) 234 27 64 -------------------------------------------------------------- Приложения: 1. Продажи новых легковых и легких коммерческих автомобилей в России за апрель 2021/2020 2. Продажи новых легковых и легких коммерческих автомобилей по группам за апрель 2021/2020 3. 25 наиболее продаваемых моделей легковых автомобилей в России за апрель 2021/2020",2021-05-12,"года Автомобильный рынок в апреле 2021 года вырос на 290,4% Апрель 2021 г. ознаменовался ростом уровня продаж новых автомобилей на 290,4 %, или на 113 042 штуки по сравнению с апрелем 2020 года, продажи составили 151 964 автомобиля.",в апреле 2021,151964.0
RUS Car Sales in March & Q1 2021.pdf,https://aebrus.ru/upload/iblock/932/RUS-Car-Sales-in-March-_-Q1-2021.pdf,https://aebrus.ru/ru/media/press-releases/sales-of-cars-and-light-commercial-vehicles.php?SHOWALL_1=1#search,aeb_rus_sales_data\pdf\RUS-Car-Sales-in-March-_-Q1-2021.pdf,aeb_rus_sales_data\text\RUS-Car-Sales-in-March-_-Q1-2021.txt,9,"AEB SPONSORS 2021 – СПОНСОРЫ АЕБ 2021 Allianz • Atos • Bank Credit Suisse • BP • Continental Tires RUS • Corteva Agriscience • Dassault Systems • Enel Russia • ENGIE • Equinor Russia AS • EY • GE • HeidelbergCement • ING • John Deere Rus • KPMG • Mercedes-Benz Russia • Merck • Messe Frankfurt Rus • METRO AG • Michelin • OBI Russia • Oriflame • Porsche Russland • Procter & Gamble • PwC • Raiffeisenbank • SMEG • Shell Exploration & Production Services • Signify • SOGAZ • Total E&P Russie • Unipro • Valartis International Ассоциация европейского бизнеса Россия, 127055 Москва, Ул. Бутырский Вал 68/70, стр. 1 Тел.: +7 (495) 234 27 64 Факс: +7 (495) 234 28 07 E-mail: info@aebrus.ru www.aebrus.ru Пресс-релиз 6 апреля 2021 года Продажи новых автомобилей снизились на 2,8% за 1 квартал 2021 года и на 5,7% – в марте 2021 г. За 1 квартал 2021 года продажи новых автомобилей и легких коммерческих автомобилей в России снизились на 2,8% по сравнению с аналогичным периодом 2020 года или на 11 196 проданных единиц меньше, и составили 387 322 автомобиля, по данным Комитета автопроизводителей АЕБ. Среди них:  ком.авт. – 21263 шт. или 5,5%  внедорожники – 183 266 шт. или 47,3%  пикапы – 1 784 шт. или 0,5%  электромобили – 204 шт. Март 2021 г. ознаменовался снижением уровня продаж на 5,7 % или на 9 062 штуки больше по сравнению с мартом 2020 года, продажи составили 148 676 автомобилей. Комментирует Д-р Томас Штэрцель, Председатель Комитета автопроизводителей АЕБ: «В марте 2021 года продано 148 676 автомобилей, что на 5,7 % меньше, чем в марте 2020 года. Стоит, однако, отметить, что март был лучшим месяцем 2020 года, до того, как в апреле за ним последовал локдаун. В первом квартале этого года продано 387 322 автомобилей, что на 2,8 % меньше аналогичного периода прошлого года. Очевидно, что ближайшие пара месяцев исправят ситуацию, и рынок продемонстрирует рост, так как мы будем сравнивать результаты последующих месяцев с наихудшим периодом в истории автопрома, связанным с ограничениями для бизнеса из-за пандемии коронавируса. В целом ситуация на рынке не вызывает удивления. Покупательский интерес несколько снижается по мере роста цен, в некоторых случаях по-прежнему наблюдается дефицит в предложении определенных моделей. Неопределенность с повышением утилизационного сбора также не помогает рынку. Наибольшее замедление продаж наблюдается в массовом сегменте. С этого момента в пресс-релизах АЕБ будет предоставляться дополнительная информация о продажах внедорожников, легких коммерческих автомобилей, пикапов и электромобилей. Данные показывают, что внедорожники составляют почти половину общего рынка продаж как самый любимый тип автомобилей российских покупателей». Контакты: Ольга Зуева, координатор Комитета автопроизводителей АЕБ, olga.zueva@aebrus.ru, тел. +7 (495) 234 27 64 Юлия Щеглова, менеджер проектов по исследованию рынка и статистики АЕБ, yuliya.sheglova@aebrus.ru, тел. +7 (495) 234 27 64 -------------------------------------------------------------- Приложения: 1. Продажи новых легковых и легких коммерческих автомобилей в России за март 2021/2020 и январь-март 2021/2020 2. Продажи новых легковых и легких коммерческих автомобилей по группам за март 2021/2020 и январь-март 2021/2020 3. 25 наиболее продаваемых моделей легковых автомобилей в России за март 2021/2020 и январь-март 2021/2020",2021-04-06,"года Продажи новых автомобилей снизились на 2,8% за 1 квартал 2021 года и на 5,7% – в марте 2021 г. За 1 квартал 2021 года продажи новых автомобилей и легких коммерческих автомобилей в России снизились на 2,8% по сравнению с аналогичным периодом 2020 года или на 11 196 проданных единиц меньше, и составили 387 322 автомобиля,",в марте 2021,
RUS Car Sales in February 2021.pdf,https://aebrus.ru/upload/iblock/28e/RUS-Car-Sales-in-February-2021.pdf,https://aebrus.ru/ru/media/press-releases/sales-of-cars-and-light-commercial-vehicles.php?SHOWALL_1=1#search,aeb_rus_sales_data\pdf\RUS-Car-Sales-in-February-2021.pdf,aeb_rus_sales_data\text\RUS-Car-Sales-in-February-2021.txt,6,"AEB SPONSORS 2021 – СПОНСОРЫ АЕБ 2021 Allianz • Atos • Bank Credit Suisse • BP • Continental Tires RUS • Corteva Agriscience • Dassault Systems • Enel Russia • ENGIE • Equinor Russia AS • EY • GE • HeidelbergCement • ING • John Deere Rus • KPMG • Mercedes-Benz Russia • Merck • Messe Frankfurt Rus • METRO AG • Michelin • OBI Russia • Oriflame • Porsche Russland • Procter & Gamble • PwC • Raiffeisenbank • SMEG • Shell Exploration & Production Services • Signify • SOGAZ • Total E&P Russie • Unipro • Valartis International Association of European Businesses Butyrsky Val str. 68/70, bld. 1 127055 Moscow, Russia Phone: +7 (495) 234 27 64 Fax: +7 (495) 234 28 07 E-mail: info@aebrus.ru www.aebrus.ru Пресс-релиз 4 марта 2021 года Автомобильный рынок в феврале 2021 года вырос на 0,8% Февраль 2021 г. ознаменовался ростом уровня продаж на 0,8 %, или на 1 008 штук по сравнению с февралем 2020 года, и составил 120 081 автомобиль. Комментирует Д-р Томас Штэрцель, Председатель Комитета автопроизводителей АЕБ: «После небольшого снижения в первом месяце этого года февральские продажи новых автомобилей, составившие 120 081 единицу, снова демонстрируют небольшой рост по сравнению с тем же месяцем прошлого года. Похоже, это признак продолжающейся стабилизации с ещё одним месяцем восстановления. В целом рынок остается на уровне прошлого года, как и сообщил АМС на недавней пресс-конференции. Март предоставит более точную картину с учетом данных о продажах всех брендов, участвующих в обмене». Контакты: Ольга Зуева, координатор Комитета автопроизводителей АЕБ, olga.zueva@aebrus.ru, тел. +7 (495) 234 27 64 Юлия Щеглова, менеджер проектов по исследованию рынка и статистики АЕБ, yuliya.sheglova@aebrus.ru, тел. +7 (495) 234 27 64 -------------------------------------------------------------- Приложения: 1. Продажи новых легковых и легких коммерческих автомобилей в России за февраль 2021/2020 2. Продажи новых легковых и легких коммерческих автомобилей по группам за февраль 2021/2020 3. 25 наиболее продаваемых моделей легковых автомобилей в России за февраль 2021/2020",2021-03-04,"года Автомобильный рынок в феврале 2021 года вырос на 0,8% Февраль 2021 г. ознаменовался ростом уровня продаж на 0,8 %, или на 1 008 штук по сравнению с февралем 2020 года, и составил 120 081 автомобиль.",в феврале 2021,
RUS Car Sales in January 2021.pdf,https://aebrus.ru/upload/iblock/1c9/RUS-Car-Sales-in-January-2021.pdf,https://aebrus.ru/ru/media/press-releases/sales-of-cars-and-light-commercial-vehicles.php?SHOWALL_1=1#search,aeb_rus_sales_data\pdf\RUS-Car-Sales-in-January-2021.pdf,aeb_rus_sales_data\text\RUS-Car-Sales-in-January-2021.txt,6,"AEB SPONSORS 2021 – СПОНСОРЫ АЕБ 2021 Allianz • Atos • Bank Credit Suisse • BP • Continental Tires RUS • Corteva Agriscience • Dassault Systems • Enel Russia • ENGIE • Equinor Russia AS • EY • GE • HeidelbergCement • ING • John Deere Rus • KPMG • Mercedes-Benz Russia • Merck • Messe Frankfurt Rus • METRO AG • Michelin • OBI Russia • Oriflame • Porsche Russland • Procter & Gamble • PwC • Raiffeisenbank • SMEG • Shell Exploration & Production Services • Signify • SOGAZ • Total E&P Russie • Unipro • Valartis International Association of European Businesses Butyrsky Val str. 68/70, bld. 1 127055 Moscow, Russia Phone: +7 (495) 234 27 64 Fax: +7 (495) 234 28 07 E-mail: info@aebrus.ru www.aebrus.ru Пресс-релиз 4 февраля 2021 года Автомобильный рынок в январе 2021 года сократился на 4,2% Январь 2021 г. ознаменовался снижением уровня продаж на 4,2 %, или на 4 156 штук по сравнению с январем 2020 года, и составил 95 213 автомобиля. Комментирует Д-р Томас Штэрцель, Председатель Комитета автопроизводителей АЕБ: «Новый год традиционно начался с низких продаж. В январе 2021 года продажи новых автомобилей снизились на 4,2% по сравнению с тем же периодом прошлого года. После трех месяцев существенного роста, с декабря 2020 г. рынок постепенно сокращается. Мы по-прежнему ожидаем, что в феврале и марте продажи будут расти и по результатам первого квартала выйдут на уровень прошлого года. Пять наиболее продающихся брендов демонстрируют относительную стабильность. Некоторые бренды показывают существенный рост. Следует отметить, что впервые бренды из Китая находятся в верхней части рейтинга». Контакты: Ольга Зуева, координатор Комитета автопроизводителей АЕБ, olga.zueva@aebrus.ru, тел. +7 (495) 234 27 64 Юлия Щеглова, менеджер проектов по исследованию рынка и статистики АЕБ, yuliya.sheglova@aebrus.ru, тел. +7 (495) 234 27 64 -------------------------------------------------------------- Приложения: 1. Продажи новых легковых и легких коммерческих автомобилей в России за январь 2021/2020 2. Продажи новых легковых и легких коммерческих автомобилей по группам за январь 2021/2020 3. 25 наиболее продаваемых моделей легковых автомобилей в России за январь 2021/2020",2021-02-04,"года Автомобильный рынок в январе 2021 года сократился на 4,2% Январь 2021 г. ознаменовался снижением уровня продаж на 4,2 %, или на 4 156 штук по сравнению с январем 2020 года, и составил 95 213 автомобиля.",в январе 2021,
RUS AEB about Autodata.pdf,https://aebrus.ru/upload/iblock/0ef/RUS-AEB-about-Autodata.pdf,https://aebrus.ru/ru/media/press-releases/sales-of-cars-and-light-commercial-vehicles.php?SHOWALL_1=1#search,aeb_rus_sales_data\pdf\RUS-AEB-about-Autodata.pdf,aeb_rus_sales_data\text\RUS-AEB-about-Autodata.txt,2,"AEB SPONSORS 2021 – СПОНСОРЫ АЕБ 2021 Allianz • Atos • Bank Credit Suisse • BP • Continental Tires RUS • Corteva Agriscience • Dassault Systems • Enel Russia • ENGIE • Equinor Russia AS • EY • GE • HeidelbergCement • ING • John Deere Rus • KPMG • Mercedes-Benz Russia • Merck • Messe Frankfurt Rus • METRO AG • Michelin • OBI Russia • Oriflame • Porsche Russland • Procter & Gamble • PwC • Raiffeisenbank • SMEG • Shell Exploration & Production Services • Signify • SOGAZ • Total E&P Russie • Unipro • Valartis International Ассоциация европейского бизнеса Россия, 127055 Москва, Ул. Бутырский Вал 68/70, стр. 1 Тел.: +7 (495) 234 27 64 Факс: +7 (495) 234 28 07 E-mail: info@aebrus.ru www.aebrus.ru 20 января 2021 года Москва Платформа «АВТОДАТА»: позиция АЕБ В октябре 2019 года в России был официально запущен проект национальной сервисной телематической платформы «Автодата», целью которого является сбор и коммерциализация автомобильных данных. Для реализации платформы создан межотраслевой консорциум «Автодата.Рус». Как заявляли представители автопроизводителей на ежегодной пресс-конференции АЕБ в январе этого года, данный вопрос является крайне важным для автомобильной отрасли в целом. Поэтому Ассоциация считает необходимым публично выразить свое мнение относительно проекта Федерального закона «О государственной информационной системе «Платформа «Автодата»» и иных нормативно-правовых инициатив, направленных на создание государственной системы сбора данных с транспортных средств. Компании–члены Комитета автопроизводителей и Комитета коммерческого транспорта проанализировали положения указанного законопроекта и отмечают, что он не содержит положений, регулирующих состав данных, порядок передачи, цели обработки информации и порядок предоставления доступа к ней. В этой связи составить корректное представление о предлагаемом регулировании и его реализации проблематично, поскольку именно указанные аспекты определяют возможность оценки соответствия выпускаемой продукции рассматриваемым требованиям. При этом необходимо обратить внимание на следующее: Вопросы предмета регулирования  По мнению автопроизводителей, законопроект должен четко закрепить цель и сферы дальнейшего использования информации и однозначно определить исчерпывающий перечень данных для достижения поставленных целей.  Многие ключевые термины и определения не конкретизированы или отсутствуют, что создает риски последующей свободной интерпретации и отсутствия единообразного подхода на уровне подзаконных актов. Это особенно актуально в отношении определения «обязательных наборов данных», список которых устанавливается и может быть расширен без согласия автопроизводителей и оценки их возможностей по предоставлению таких данных.  В законопроекте не дается ответ, будут ли требования распространяться на транспортные средства, уже находящиеся в производстве, либо только на новые автомобили, выпускаемые на рынок, а также транспортные средства, ввозимые на территорию РФ физическими лицами, или ранее выпущенные в обращение.  Отсутствие четкого понимания деталей регулирования (перечень данных, частота и протоколы передачи данных и др.) не позволяет оценить как возможные технические решения и необходимый объем затрат на приобретение и установку специализированного оборудования и программного обеспечения, операционную поддержку системы в автомобиле, оплату трафика при передаче данных, так и источник финансирования инвестиций в инфраструктуру сбора данных с транспортных средств, что в свою очередь создает риски существенного удорожания транспортных средств или их вывод с рынка России.",2021-01-20,,,
RUS Car Sales in December 2020.pdf,https://aebrus.ru/upload/iblock/57b/RUS-Car-Sales-in-December-2020.pdf,https://aebrus.ru/ru/media/press-releases/sales-of-cars-and-light-commercial-vehicles.php?SHOWALL_1=1#search,aeb_rus_sales_data\pdf\RUS-Car-Sales-in-December-2020.pdf,aeb_rus_sales_data\text\RUS-Car-Sales-in-December-2020.txt,9,"AEB SPONSORS 2021 – СПОНСОРЫ АЕБ 2021 Allianz • Atos • Bank Credit Suisse • BP • Continental Tires RUS • Corteva Agriscience • Dassault Systems • Enel Russia • ENGIE • Equinor Russia AS • EY • GE • HeidelbergCement • ING • John Deere Rus • KPMG • Mercedes-Benz Russia • Merck • Messe Frankfurt Rus • METRO AG • Michelin • OBI Russia • Oriflame • Porsche Russland • Procter & Gamble • PwC • Raiffeisenbank • SMEG • Shell Exploration & Production Services • Signify • SOGAZ • Total E&P Russie • Unipro • Valartis International Association of European Businesses Butyrsky Val str. 68/70, bld. 1 127055 Moscow, Russia Phone: +7 (495) 234 27 64 Fax: +7 (495) 234 28 07 E-mail: info@aebrus.ru www.aebrus.ru Пресс-релиз 14 января 2021 года Автомобильный рынок в 2020 году сократился на 9,1% Декабрь 2020 г. ознаменовался снижением уровня продаж на 2,1 %, или на 3 490 штук по сравнению с декабрем 2019 года, и составил 166 666 автомобилей. В 2020 году автомобильный рынок сократился на 9,1% или на 160 707 штук проданных новых автомобилей по сравнению с 2019 годом. В 2020 году в январе – декабре было продано 1 598 825 автомобилей (данные Комитета автопроизводителей АЕБ). Комментирует Д-р Томас Штэрцель, Председатель Комитета автопроизводителей АЕБ: «Предновогодняя гонка в сентябре-ноябре, показывавшая положительную динамику продаж, завершилась ниже ожиданий: в декабре 2020 г. продажи новых автомобилей снизились на 2,1% по сравнению с декабрем 2019 года. Недавний рост, вызванный девальвацией рубля, последствиями локдауна и возросшим на фоне ожидаемой адаптации цен спросом, завершился. Его сменили стабилизация и снижение рыночного спроса. В 2020 году продано 1 598 825 легковых и легких коммерческих автомобилей, что немного превышает недавний прогноз Комитета автопроизводителей АЕБ, но все же на 9,1% ниже результатов предыдущего года. 2020 год оказался одним из самых сложных для российского автомобильного рынка: продажи новых автомобилей превышали показатели предыдущего года всего 4 месяца. Несмотря на все трудности, по динамике продаж в 2020 году Россия показала один из лучших результатов среди крупнейших автомобильных рынков мира, а в Европе вышла на 4 место. Этот год подтвердил весьма прочное положение и долгосрочную заинтересованность автопроизводителей в российском рынке, а также критически важное значение мер государственной поддержки для устойчивости автомобильного бизнеса в России. Мы не ожидаем каких-либо значительных изменений в 2021 году: рост рынка составит 2,1%, т. е. мы ожидаем, что будет продано всего на 33 000 больше новых легковых и легких коммерческих автомобилей, или в совокупности 1 632 000 транспортных средств». Контакты: Ольга Зуева, координатор Комитета автопроизводителей АЕБ, olga.zueva@aebrus.ru, тел. +7 (495) 234 27 64 Юлия Щеглова, менеджер проектов по исследованию рынка и статистики АЕБ, yuliya.sheglova@aebrus.ru, тел. +7 (495) 234 27 64 -------------------------------------------------------------- Приложения: 1. Продажи новых легковых и легких коммерческих автомобилей в России за декабрь 2020/2019 и январь-декабрь 2020/2019 2. Продажи новых легковых и легких коммерческих автомобилей по группам за декабрь 2020/2019 и январь-декабрь 2020/2019 3. 25 наиболее продаваемых моделей легковых автомобилей в России за декабрь 2020/2019 и январь-декабрь 2020/2019",2021-01-14,"года Автомобильный рынок в 2020 году сократился на 9,1% Декабрь 2020 г. ознаменовался снижением уровня продаж на 2,1 %, или на 3 490 штук по сравнению с декабрем 2019 года, и составил 166 666 автомобилей. В 2020 году автомобильный рынок сократился на 9,1% или на 160 707 штук проданных новых автомобилей по сравнению с 2019 годом. В 2020 году в январе – декабре было продано 1 598 825 автомобилей (данные Комитета автопроизводителей АЕБ).",в 2020 году,
RUS Car Sales in November 2020.pdf,https://aebrus.ru/upload/iblock/9cb/RUS-Car-Sales-in-November-2020.pdf,https://aebrus.ru/ru/media/press-releases/sales-of-cars-and-light-commercial-vehicles.php?SHOWALL_1=1#search,aeb_rus_sales_data\pdf\RUS-Car-Sales-in-November-2020.pdf,aeb_rus_sales_data\text\RUS-Car-Sales-in-November-2020.txt,6,"AEB SPONSORS 2020 – СПОНСОРЫ АЕБ 2020 • Allianz IC OJSC • Atos • Bank Credit Suisse (Moscow) • BP • Cargill Enterprises Inc. • CHEP Rus LLC • Clifford Chance • Continental Tires RUS LLC • Dassault Systems LLC • DuPont Science & Technologies • Enel Russia • ENGIE • Eni S.p.A • Equinor Russia AS • EY • FAURECIA Automotive Development LLC • GE (General Electric International (Benelux) B.V.) • HeidelbergCement • ING Wholesale Banking in Russia • John Deere Rus, LLC • KPMG • Mercedes-Benz Russia • Merck LLC • Messe Frankfurt Rus Ltd • MetLife • METRO AG • Michelin • OBI Russia • Oriflame • Porsche Russland • Procter & Gamble • PwC • Raiffeisenbank AO • Shell Exploration & Production Services (RF) B.V. • Signify • SOGAZ Insurance Group • Total E&P Russie • Unipro PJSC • Association of European Businesses Butyrsky Val str. 68/70, bld. 1 127055 Moscow, Russia Phone: +7 (495) 234 27 64 Fax: +7 (495) 234 28 07 E-mail: info@aebrus.ru www.aebrus.ru Пресс-релиз 04 декабря 2020 года Продажи новых автомобилей выросли на 5,9% в ноябре 2020 г. Ноябрь 2020 г. ознаменовался ростом продаж на 5,9%, или на 8 725 штук по сравнению с ноябрем 2019 года, продажи составили 157 580 автомобилей. Комментирует Томас Штэрцель, Председатель Комитета автопроизводителей АЕБ: «Как ожидалось, хорошее начало предновогодней гонки продолжилось, и еще один месяц продемонстрировал рост. В ноябре продажи новых автомобилей возросли на 5,9% — немного меньше, чем в октябре. Начавшееся летом падение курса рубля стимулирует потребительский спрос и, соответственно, рост продаж. Сезон предновогодних распродаж также уже начался, и ожидаемые корректировки цен производителями создают дополнительный стимул к быстрому принятию решений о покупке. Учитывая текущее падение продаж на 10,3% в годовом выражении и предстоящий месяц активных продаж, прогноз Комитета автопроизводителей АЕБ в размере 1,522 млн легковых и легких коммерческих автомобилей к концу года выглядит вполне реалистично. Комитет автопроизводителей объявит итоговый объем продаж за 2020 год на своей ежегодной пресс-конференции, которая состоится 14 января 2021 года. Желаем всем нашим клиентам, представителям СМИ и партнерам счастливого Нового года!» Контакты: Ольга Зуева, координатор Комитета автопроизводителей АЕБ, olga.zueva@aebrus.ru, тел. +7 (495) 234 27 64 Юлия Щеглова, менеджер проектов по исследованию рынка и статистики АЕБ, yuliya.sheglova@aebrus.ru, тел. +7 (495) 234 27 64 -------------------------------------------------------------- Приложения: 1. Продажи новых легковых и легких коммерческих автомобилей в России за ноябрь 2020/2019 и январь-ноябрь 2020/2019 2. Продажи новых легковых и легких коммерческих автомобилей по группам за ноябрь 2020/2019 и январь-ноябрь 2020/2019 3. 25 наиболее продаваемых моделей легковых автомобилей в России за ноябрь 2020/2019 и январь-ноябрь 2020/2019",2020-12-04,"года Продажи новых автомобилей выросли на 5,9% в ноябре 2020 г. Ноябрь 2020 г. ознаменовался ростом продаж на 5,9%, или на 8 725 штук по сравнению с ноябрем 2019 года, продажи составили 157 580 автомобилей.",в ноябре 2020,
RUS Car Sales in October 2020.pdf,https://aebrus.ru/upload/iblock/1a3/RUS-Car-Sales-in-October-2020.pdf,https://aebrus.ru/ru/media/press-releases/sales-of-cars-and-light-commercial-vehicles.php?SHOWALL_1=1#search,aeb_rus_sales_data\pdf\RUS-Car-Sales-in-October-2020.pdf,aeb_rus_sales_data\text\RUS-Car-Sales-in-October-2020.txt,6,"AEB SPONSORS 2020 – СПОНСОРЫ АЕБ 2020 • Allianz IC OJSC • Atos • Bank Credit Suisse (Moscow) • BP • Cargill Enterprises Inc. • CHEP Rus LLC • Clifford Chance • Continental Tires RUS LLC • Dassault Systems LLC • DuPont Science & Technologies • Enel Russia • ENGIE • Eni S.p.A • Equinor Russia AS • EY • FAURECIA Automotive Development LLC • GE (General Electric International (Benelux) B.V.) • HeidelbergCement • ING Wholesale Banking in Russia • John Deere Rus, LLC • KPMG • Mercedes-Benz Russia • Merck LLC • Messe Frankfurt Rus Ltd • MetLife • METRO AG • Michelin • OBI Russia • Oriflame • Porsche Russland • Procter & Gamble • PwC • Raiffeisenbank AO • Shell Exploration & Production Services (RF) B.V. • Signify • SOGAZ Insurance Group • Total E&P Russie • Unipro PJSC • Association of European Businesses Butyrsky Val str. 68/70, bld. 1 127055 Moscow, Russia Phone: +7 (495) 234 27 64 Fax: +7 (495) 234 28 07 E-mail: info@aebrus.ru www.aebrus.ru Пресс-релиз 06 ноября 2020 года Продажи новых автомобилей выросли на 7% в октябре 2020 г. Октябрь 2020 г. ознаменовался ростом уровня продаж на 7%, или на 10 030 штук по сравнению с октябрем 2019 года, продажи составили 154 164 автомобиля. Комментирует Томас Штэрцель, Председатель Комитета автопроизводителей АЕБ: «Хорошими результатами продаж в октябре традиционно начинается предновогодняя гонка. В первом месяце 4-го квартала рост продаж новых автомобилей по сравнению с октябрем 2019 г. составил 7 % — пока самый высокий показатель в 2020 году. Такой высокий результат объясняется прежде всего успехами крупных игроков, обладающих производством в России, которое позволяет обеспечить гибкость в поставках. В годовом выражении разрыв с прошлым годом сократился до -12,1 %, а впереди нас ждут еще два месяца активных продаж. Похоже, что составленный Комитетом автопроизводителей АЕБ обновленный прогноз продаж в объеме 1 522 000 легковых и легких коммерческих автомобилей к концу года вполне может стать реальностью». Контакты: Ольга Зуева, координатор Комитета автопроизводителей АЕБ, olga.zueva@aebrus.ru, тел. +7 (495) 234 27 64 Юлия Щеглова, менеджер проектов по исследованию рынка и статистики АЕБ, yuliya.sheglova@aebrus.ru, тел. +7 (495) 234 27 64 -------------------------------------------------------------- Приложения: 1. Продажи новых легковых и легких коммерческих автомобилей в России за октябрь 2020/2019 и январь-октябрь 2020/2019 2. Продажи новых легковых и легких коммерческих автомобилей по группам за октябрь 2020/2019 и январь-октябрь 2020/2019 3. 25 наиболее продаваемых моделей легковых автомобилей в России за октябрь 2020/2019 и январь-октябрь 2020/2019",2020-11-06,"года Продажи новых автомобилей выросли на 7% в октябре 2020 г. Октябрь 2020 г. ознаменовался ростом уровня продаж на 7%, или на 10 030 штук по сравнению с октябрем 2019 года, продажи составили 154 164 автомобиля.",в октябре 2020,
RUS Car Sales in Q3 and in September 2020.pdf,https://aebrus.ru/upload/iblock/76c/RUS-Car-Sales-in-Q3-and-in-September-2020.pdf,https://aebrus.ru/ru/media/press-releases/sales-of-cars-and-light-commercial-vehicles.php?SHOWALL_1=1#search,aeb_rus_sales_data\pdf\RUS-Car-Sales-in-Q3-and-in-September-2020.pdf,aeb_rus_sales_data\text\RUS-Car-Sales-in-Q3-and-in-September-2020.txt,9,"AEB SPONSORS 2020 – СПОНСОРЫ АЕБ 2020 • Allianz IC OJSC • Atos • Bank Credit Suisse (Moscow) • BP • Cargill Enterprises Inc. • CHEP Rus LLC • Clifford Chance • Continental Tires RUS LLC • Dassault Systems LLC • DuPont Science & Technologies • Enel Russia • ENGIE • Eni S.p.A • Equinor Russia AS • EY • FAURECIA Automotive Development LLC • GE (General Electric International (Benelux) B.V.) • HeidelbergCement • ING Wholesale Banking in Russia • John Deere Rus, LLC • KPMG • Mercedes-Benz Russia • Merck LLC • Messe Frankfurt Rus Ltd • MetLife • METRO AG • Michelin • OBI Russia • Oriflame • Porsche Russland • Procter & Gamble • PwC • Raiffeisenbank AO • Shell Exploration & Production Services (RF) B.V. • Signify • SOGAZ Insurance Group • Total E&P Russie • Unipro PJSC • Association of European Businesses Butyrsky Val str. 68/70, bld. 1 127055 Moscow, Russia Phone: +7 (495) 234 27 64 Fax: +7 (495) 234 28 07 E-mail: info@aebrus.ru www.aebrus.ru Пресс-релиз 6 октября 2020 года Продажи новых автомобилей снизились на 13,9% за 3 квартала 2020 года и выросли на 3,4% – в сентябре 2020 г. За 3 квартала 2020 года продажи новых автомобилей и легких коммерческих автомобилей в России снизились на 13,9% по сравнению с аналогичным периодом 2019 года или на 176 587 проданных единиц меньше, и составили 1 094 805 автомобилей, по данным Комитета автопроизводителей АЕБ. Сентябрь 2020 г. ознаменовался ростом уровня продаж на 3,4 % или на 5 041 штуку больше по сравнению с сентябрем 2019 года, и составили 154 409 автомобилей. Комментирует Д-р Томас Штэрцель, Председатель Комитета автопроизводителей АЕБ: «Сентябрь традиционно удачный месяц для автомобильного рынка. Помимо отложенного спроса и слабеющего рубля, снижение туристической активности и меры государственной поддержки привели к тому, что уже третий месяц в этом году рынок продемонстрировал рост, который в сентябре составил 3,4% по сравнению с сентябрем 2019 года. Впервые в этом году крупнейшие игроки сумели даже показать результаты выше средних по рынку: падение в годовом выражении оказалось менее значительным и составило 13,9%. Надеясь на относительно стабильную ситуацию в четвертом квартале и отсутствие серьезных ограничений деловой активности, несмотря на ухудшение эпидемиологической ситуации, новый прогноз Комитета автопроизводителей АЕБ более позитивен: 1 522 000 легковых и легких коммерческих автомобилей, что означает снижение на 13,5% по сравнению с прошлым годом». Контакты: Ольга Зуева, координатор Комитета автопроизводителей АЕБ, olga.zueva@aebrus.ru, тел. +7 (495) 234 27 64 Юлия Щеглова, менеджер проектов по исследованию рынка и статистики АЕБ, yuliya.sheglova@aebrus.ru, тел. +7 (495) 234 27 64 -------------------------------------------------------------- Приложения: 1. Продажи новых легковых и легких коммерческих автомобилей в России за сентябрь 2020/2019 и январь-сентябрь 2020/2019 2. Продажи новых легковых и легких коммерческих автомобилей по группам за сентябрь 2020/2019 и январь-сентябрь 2020/2019 3. 25 наиболее продаваемых моделей легковых автомобилей в России за сентябрь 2020/2019 и январь-сентябрь 2020/2019",2020-10-06,"года Продажи новых автомобилей снизились на 13,9% за 3 квартала 2020 года и выросли на 3,4% – в сентябре 2020 г. За 3 квартала 2020 года продажи новых автомобилей и легких коммерческих автомобилей в России снизились на 13,9% по сравнению с аналогичным периодом 2019 года или на 176 587 проданных единиц меньше, и составили 1 094 805 автомобилей,",в сентябре 2020,
RUS Car Sales in August 2020.pdf,https://aebrus.ru/upload/iblock/040/RUS-Car-Sales-in-August-2020.pdf,https://aebrus.ru/ru/media/press-releases/sales-of-cars-and-light-commercial-vehicles.php?SHOWALL_1=1#search,aeb_rus_sales_data\pdf\RUS-Car-Sales-in-August-2020.pdf,aeb_rus_sales_data\text\RUS-Car-Sales-in-August-2020.txt,6,"AEB SPONSORS 2020 – СПОНСОРЫ АЕБ 2020 • Allianz IC OJSC • Atos • Bank Credit Suisse (Moscow) • BP • Cargill Enterprises Inc. • CHEP Rus LLC • Clifford Chance • Continental Tires RUS LLC • Dassault Systems LLC • DuPont Science & Technologies • Enel Russia • ENGIE • Eni S.p.A • Equinor Russia AS • EY • FAURECIA Automotive Development LLC • GE (General Electric International (Benelux) B.V.) • HeidelbergCement • ING Wholesale Banking in Russia • John Deere Rus, LLC • KPMG • Mercedes-Benz Russia • Merck LLC • Messe Frankfurt Rus Ltd • MetLife • METRO AG • Michelin • OBI Russia • Oriflame • Porsche Russland • Procter & Gamble • PwC • Raiffeisenbank AO • Shell Exploration & Production Services (RF) B.V. • Signify • SOGAZ Insurance Group • Total E&P Russie • Unipro PJSC • Association of European Businesses Butyrsky Val str. 68/70, bld. 1 127055 Moscow, Russia Phone: +7 (495) 234 27 64 Fax: +7 (495) 234 28 07 E-mail: info@aebrus.ru www.aebrus.ru Пресс-релиз 04 сентября 2020 года Продажи новых автомобилей сократились на 0,5% в августе 2020 г. Август 2020 г. ознаменовался снижением уровня продаж на -0,5%, или на 722 штук по сравнению с августом 2019 года, продажи составили 137 517 автомобилей. Комментирует Томас Штэрцель, Председатель Комитета автопроизводителей АЕБ: «Признаки восстановления рынка, появившиеся в прошлом месяце после длившегося с начала года периода волатильности, похоже, исчерпали себя: в августе объем продаж новых автомобилей составил -0,5% по сравнению с прошлым годом. Август традиционно не самый активный месяц, однако дальнейшее ослабление рубля могло стимулировать продолжение роста. Как бы то ни было, снижение объема продаж в августе на 16,9% в годовом выражении все же лучше прогнозировавшегося АЕБ падения на 23,9%. На фоне мер государственной поддержки ситуация на российском автомобильном рынке и тенденции его развития до конца года станут яснее в сентябре». Контакты: Ольга Зуева, координатор Комитета автопроизводителей АЕБ, olga.zueva@aebrus.ru, тел. +7 (495) 234 27 64 Юлия Щеглова, менеджер проектов по исследованию рынка и статистики АЕБ, yuliya.sheglova@aebrus.ru, тел. +7 (495) 234 27 64 -------------------------------------------------------------- Приложения: 1. Продажи новых легковых и легких коммерческих автомобилей в России за август 2020/2019 и январь-август 2020/2019 2. Продажи новых легковых и легких коммерческих автомобилей по группам за август 2020/2019 и январь-август 2020/2019 3. 25 наиболее продаваемых моделей легковых автомобилей в России за август 2020/2019 и январь-август 2020/2019",2020-09-04,"года Продажи новых автомобилей сократились на 0,5% в августе 2020 г. Август 2020 г. ознаменовался снижением уровня продаж на -0,5%, или на 722 штук по сравнению с августом 2019 года, продажи составили 137 517 автомобилей.",в августе 2020,
RUS Car Sales in July 2020.pdf,https://aebrus.ru/upload/iblock/ce8/RUS-Car-Sales-in-July-2020.pdf,https://aebrus.ru/ru/media/press-releases/sales-of-cars-and-light-commercial-vehicles.php?SHOWALL_1=1#search,aeb_rus_sales_data\pdf\RUS-Car-Sales-in-July-2020.pdf,aeb_rus_sales_data\text\RUS-Car-Sales-in-July-2020.txt,6,"AEB SPONSORS 2020 – СПОНСОРЫ АЕБ 2020 • Allianz IC OJSC • Atos • Bank Credit Suisse (Moscow) • BP • Cargill Enterprises Inc. • CHEP Rus LLC • Clifford Chance • Continental Tires RUS LLC • Dassault Systems LLC • DuPont Science & Technologies • Enel Russia • ENGIE • Eni S.p.A • Equinor Russia AS • EY • FAURECIA Automotive Development LLC • GE (General Electric International (Benelux) B.V.) • HeidelbergCement • ING Wholesale Banking in Russia • John Deere Rus, LLC • KPMG • Mercedes-Benz Russia • Merck LLC • Messe Frankfurt Rus Ltd • MetLife • METRO AG • Michelin • OBI Russia • Oriflame • Porsche Russland • Procter & Gamble • PwC • Raiffeisenbank AO • Shell Exploration & Production Services (RF) B.V. • Signify • SOGAZ Insurance Group • Total E&P Russie • Unipro PJSC • Association of European Businesses Butyrsky Val str. 68/70, bld. 1 127055 Moscow, Russia Phone: +7 (495) 234 27 64 Fax: +7 (495) 234 28 07 E-mail: info@aebrus.ru www.aebrus.ru Пресс-релиз 06 августа 2020 года Продажи новых автомобилей выросли на 6,8% в июле 2020 г. Июль 2020 г. ознаменовался ростом уровня продаж на 6,8%, или на 9 097 штук по сравнению с июлем 2019 года, продажи составили 141 924 автомобиля. Комментирует Томас Штэрцель, Председатель Комитета автопроизводителей АЕБ: «С показателем +6,8% июль стал первым месяцем этого года со значительным ростом относительно предыдущего года, что указывает на признаки долгожданного восстановления рынка. Столь значительный результат обусловлен, с одной стороны, отложенным спросом предыдущих месяцев, возникшим во время приостановки деятельности, и с другой стороны, ослаблением рубля. Текущие результаты за июль по сравнению с аналогичным периодом прошлого года показывают снижение на 19,3%, что лучше, чем -23,9% по прогнозу АЕБ на 2020 год. Хорошие результаты продаж рынка в целом обусловлены также государственными мерами поддержки. Рост продаж по некоторым брендам мог бы быть еще выше, если бы не отсутствие запасов автомобилей на складах, связанное с прерыванием производства весной. Можно полагать, что в премиальном сегменте рынка динамика продаж еще лучше. На текущий момент рынок характеризуется низкой прогнозируемостью в связи с непредсказуемым развитием ситуации с курсами валют, потенциальных цен, экономических и финансовых последствий, а также новых возможных ограничений, связанных с пандемией, что может сделать дальнейшую государственную поддержку крайне важной для дилеров и производителей». Контакты: Ольга Зуева, координатор Комитета автопроизводителей АЕБ, olga.zueva@aebrus.ru , тел. +7 (495) 234 27 64 Юлия Щеглова, менеджер проектов по исследованию рынка и статистики АЕБ, yuliya.sheglova@aebrus.ru , тел. +7 (495) 234 27 64 -------------------------------------------------------------- Приложения: 1. Продажи новых легковых и легких коммерческих автомобилей в России за июль 2020/2019 и январь-июль 2020/2019 2. Продажи новых легковых и легких коммерческих автомобилей по группам за июль 2020/2019 и январь-июль 2020/2019 3. 25 наиболее продаваемых моделей легковых автомобилей в России за июль 2020/2019 и январь-июль 2020/2019",2020-08-06,"года Продажи новых автомобилей выросли на 6,8% в июле 2020 г. Июль 2020 г. ознаменовался ростом уровня продаж на 6,8%, или на 9 097 штук по сравнению с июлем 2019 года, продажи составили 141 924 автомобиля.",в июле 2020,
RUS Car Sales in 1HY and in June 2020.pdf,https://aebrus.ru/upload/iblock/09e/RUS-Car-Sales-in-1HY-and-in-June-2020.pdf,https://aebrus.ru/ru/media/press-releases/sales-of-cars-and-light-commercial-vehicles.php?SHOWALL_1=1#search,aeb_rus_sales_data\pdf\RUS-Car-Sales-in-1HY-and-in-June-2020.pdf,aeb_rus_sales_data\text\RUS-Car-Sales-in-1HY-and-in-June-2020.txt,10,"AEB SPONSORS 2020 – СПОНСОРЫ АЕБ 2020 • Allianz IC OJSC • Atos • Bank Credit Suisse (Moscow) • BP • Cargill Enterprises Inc. • CHEP Rus LLC • Clifford Chance • Continental Tires RUS LLC • Dassault Systems LLC • DuPont Science & Technologies • Enel Russia • ENGIE • Eni S.p.A • Equinor Russia AS • EY • FAURECIA Automotive Development LLC • GE (General Electric International (Benelux) B.V.) • HeidelbergCement • ING Wholesale Banking in Russia • John Deere Rus, LLC • KPMG • Mercedes-Benz Russia • Merck LLC • Messe Frankfurt Rus Ltd • MetLife • METRO AG • Michelin • OBI Russia • Oriflame • Porsche Russland • Procter & Gamble • PwC • Raiffeisenbank AO • Shell Exploration & Production Services (RF) B.V. • Signify • SOGAZ Insurance Group • Total E&P Russie • Unipro PJSC • Association of European Businesses Butyrsky Val str. 68/70, bld. 1 127055 Moscow, Russia Phone: +7 (495) 234 27 64 Fax: +7 (495) 234 28 07 E-mail: info@aebrus.ru www.aebrus.ru Пресс-релиз 7 июля 2020 года Продажи новых автомобилей снизились на 23,3% в 1 полугодии 2020 года и на 14,6% – в июне 2020 г. В 1 полугодии 2020 года продажи новых автомобилей и легких коммерческих автомобилей в России снизились на 23,3% по сравнению с аналогичным периодом 2019 года или на 192 791 проданную единицу меньше, и составили 635 959 автомобилей, по данным Комитета автопроизводителей АЕБ. Июнь 2020 г. ознаменовался снижением уровня продаж на 14,6 % или на 21 038 штук меньше по сравнению с июнем 2019 года, и составили 122 622 автомобиля. Комментирует Д-р Томас Штэрцель, Председатель Комитета автопроизводителей АЕБ: «После двух месяцев резкого падения продаж автомобилей в июне появились признаки медленного возвращения к результатам прошлого года. Несмотря на то, что дилеры работают, меры государственной поддержки дополнительно стимулируют продажи и положительно сказывается отложенный спрос, все же в июне мы наблюдаем снижение продаж на 14,6% по сравнению с июнем 2019 года. Для производителей и дилеров прошедшие полгода напоминали американские горки: небольшой подъем в начале года, беспрецедентно резкое падение в апреле-мае и медленное восстановление в июне. Падение на 23% по сравнению с июнем прошлого года в целом соответствует новому прогнозу АЕБ на 2020 год: 1 339 000 проданных автомобилей, что также ниже уровня прошлого года на 23,9%. Новый прогноз основан на предположении о продолжении государственной поддержки стимулирования покупательского спроса и отсутствии второй волны пандемии». Контакты: Ольга Зуева, координатор Комитета автопроизводителей АЕБ, olga.zueva@aebrus.ru, тел. +7 (495) 234 27 64 Юлия Щеглова, менеджер проектов по исследованию рынка и статистики АЕБ, yuliya.sheglova@aebrus.ru, тел. +7 (495) 234 27 64 -------------------------------------------------------------- Приложения: 1. Продажи новых легковых и легких коммерческих автомобилей в России за июнь 2020/2019 и январь-июнь 2020/2019 2. Продажи новых легковых и легких коммерческих автомобилей по группам за июнь 2020/2019 и январь-июнь 2020/2019 3. 25 наиболее продаваемых моделей легковых автомобилей в России за июнь 2020/2019 и январь-июнь 2020/2019",2020-07-07,"года Продажи новых автомобилей снизились на 23,3% в 1 полугодии 2020 года и на 14,6% – в июне 2020 г. В 1 полугодии 2020 года продажи новых автомобилей и легких коммерческих автомобилей в России снизились на 23,3% по сравнению с аналогичным периодом 2019 года или на 192 791 проданную единицу меньше, и составили 635 959 автомобилей,",в июне 2020,
RUS Car Sales in May 2020.pdf,https://aebrus.ru/upload/iblock/7d2/RUS-Car-Sales-in-May-2020.pdf,https://aebrus.ru/ru/media/press-releases/sales-of-cars-and-light-commercial-vehicles.php?SHOWALL_1=1#search,aeb_rus_sales_data\pdf\RUS-Car-Sales-in-May-2020.pdf,aeb_rus_sales_data\text\RUS-Car-Sales-in-May-2020.txt,6,"AEB SPONSORS 2020 – СПОНСОРЫ АЕБ 2020 • Allianz IC OJSC • Atos • Bank Credit Suisse (Moscow) • BP • Cargill Enterprises Inc. • CHEP Rus LLC • Clifford Chance • Continental Tires RUS LLC • Dassault Systems LLC • DuPont Science & Technologies • Enel Russia • ENGIE • Eni S.p.A • Equinor Russia AS • EY • FAURECIA Automotive Development LLC • GE (General Electric International (Benelux) B.V.) • HeidelbergCement • ING Wholesale Banking in Russia • John Deere Rus, LLC • KPMG • Mercedes-Benz Russia • Merck LLC • Messe Frankfurt Rus Ltd • MetLife • METRO AG • Michelin • OBI Russia • Oriflame • Porsche Russland • Procter & Gamble • PwC • Raiffeisenbank AO • Shell Exploration & Production Services (RF) B.V. • Signify • SOGAZ Insurance Group • Total E&P Russie • Unipro PJSC • Association of European Businesses Butyrsky Val str. 68/70, bld. 1 127055 Moscow, Russia Phone: +7 (495) 234 27 64 Fax: +7 (495) 234 28 07 E-mail: info@aebrus.ru www.aebrus.ru Пресс-релиз 04 июня 2020 года Продажи новых автомобилей упали на 51,8% в мае 2020 г. Май 2020 г. ознаменовался сокращением уровня продаж на 51,8 %, или на 67 813 штуки по сравнению с маем 2019 года, продажи составили 63 033 автомобиля. Комментирует Томас Штэрцель, Председатель Комитета автопроизводителей АЕБ: «В этом месяце мы вновь наблюдаем значительное снижение продаж новых автомобилей — на 51,8% по сравнению с маем 2019 года, что неудивительно, так как автосалоны Москвы, Санкт-Петербурга и большинства региональных дилеров были закрыты на протяжении всего месяца. Технические центры смогли возобновить работу, и, соответственно, поток клиентов начал понемногу расти. Мы рассчитываем, что в июне на фоне начавшегося ослабления ограничений на большей части территории страны ситуация слегка улучшится, что положительно повлияет на устойчивость дилерской сети. Реализация первого пакета мер государственной поддержки будет способствовать постепенному восстановлению рынка во втором полугодии». Контакты: Ольга Зуева, координатор Комитета автопроизводителей АЕБ, olga.zueva@aebrus.ru, тел. +7 (495) 234 27 64 Юлия Щеглова, менеджер проектов по исследованию рынка и статистики АЕБ, yuliya.sheglova@aebrus.ru, тел. +7 (495) 234 27 64 -------------------------------------------------------------- Приложения: 1. Продажи новых легковых и легких коммерческих автомобилей в России за май 2020/2019 и январь-май 2020/2019 2. Продажи новых легковых и легких коммерческих автомобилей по группам за май 2020/2019 и январь-май 2020/2019 3. 25 наиболее продаваемых моделей легковых автомобилей в России за май 2020/2019 и январь-май 2020/2019",2020-06-04,"года Продажи новых автомобилей упали на 51,8% в мае 2020 г. Май 2020 г. ознаменовался сокращением уровня продаж на 51,8 %, или на 67 813 штуки по сравнению с маем 2019 года, продажи составили 63 033 автомобиля.",в мае 2020,
RUS Car Sales in April 2020.pdf,https://aebrus.ru/upload/iblock/9d4/rus-car-sales-in-april-2020.pdf,https://aebrus.ru/ru/media/press-releases/sales-of-cars-and-light-commercial-vehicles.php?SHOWALL_1=1#search,aeb_rus_sales_data\pdf\rus-car-sales-in-april-2020.pdf,aeb_rus_sales_data\text\rus-car-sales-in-april-2020.txt,6,"AEB SPONSORS 2020 – СПОНСОРЫ АЕБ 2020 • Allianz IC OJSC • Atos • Bank Credit Suisse (Moscow) • BP • Cargill Enterprises Inc. • CHEP Rus LLC • Clifford Chance • Continental Tires RUS LLC • Dassault Systems LLC • DuPont Science & Technologies • Enel Russia • ENGIE • Eni S.p.A • Equinor Russia AS • EY • FAURECIA Automotive Development LLC • GE (General Electric International (Benelux) B.V.) • HeidelbergCement • ING Wholesale Banking in Russia • John Deere Rus, LLC • KPMG • Mercedes-Benz Russia • Merck LLC • Messe Frankfurt Rus Ltd • MetLife • METRO AG • Michelin • OBI Russia • Oriflame • Porsche Russland • Procter & Gamble • PwC • Raiffeisenbank AO • Shell Exploration & Production Services (RF) B.V. • Signify • SOGAZ Insurance Group • Total E&P Russie • Unipro PJSC • Association of European Businesses Butyrsky Val str. 68/70, bld. 1 127055 Moscow, Russia Phone: +7 (495) 234 27 64 Fax: +7 (495) 234 28 07 E-mail: info@aebrus.ru www.aebrus.ru Пресс-релиз 12 мая 2020 года Продажи новых автомобилей упали на 72,4% в апреле 2020 г. Апрель 2020 г. ознаменовался сокращением уровня продаж на 72,4 %, или на 102 089 штук по сравнению с апрелем 2019 года, продажи составили 38 922 автомобиля. Комментирует Томас Штэрцель, Председатель Комитета автопроизводителей АЕБ: «После исключительно высокого уровня продаж в марте 2020 г., в апреле в связи с ситуацией вокруг COVID-19 дилерские организации вынуждены были приостановить или существенно ограничить свою деятельность. По сравнению с тем же месяцем прошлого года продажи упали на 72,4%. Российская автомобильная промышленность столкнулась с крупнейшим месячным падением розничных продаж за всю историю статистических данных, собираемых АЕБ. «Черный апрель» 2020 года нанес сильнейший удар по ликвидности дилеров, а в среднесрочной перспективе — даже по их устойчивости. Чтобы в новой реальности оставаться рядом с клиентами, нам всем необходимо пробовать новые креативные форматы коммуникации и продаж. Несмотря на то, что дилеры готовятся к перезапуску, я не ожидаю существенного роста продаж в мае». Контакты: Ольга Зуева, координатор Комитета автопроизводителей АЕБ, olga.zueva@aebrus.ru , тел. +7 (495) 234 27 64 Юлия Щеглова, менеджер проектов по исследованию рынка и статистики АЕБ, yuliya.sheglova@aebrus.ru , тел. +7 (495) 234 27 64 -------------------------------------------------------------- Приложения: 1. Продажи новых легковых и легких коммерческих автомобилей в России за апрель 2020/2019 и январь-апрель 2020/2019 2. Продажи новых легковых и легких коммерческих автомобилей по группам за апрель 2020/2019 и январь-апрель 2020/2019 3. 25 наиболее продаваемых моделей легковых автомобилей в России за апрель 2020/2019 и январь-апрель 2020/2019",2020-05-12,"года Продажи новых автомобилей упали на 72,4% в апреле 2020 г. Апрель 2020 г. ознаменовался сокращением уровня продаж на 72,4 %, или на 102 089 штук по сравнению с апрелем 2019 года, продажи составили 38 922 автомобиля.",в апреле 2020,
RUS Car Sales in Q1 and in March 2020.pdf,https://aebrus.ru/upload/iblock/11a/rus-car-sales-in-q1-and-in-march-2020.pdf,https://aebrus.ru/ru/media/press-releases/sales-of-cars-and-light-commercial-vehicles.php?SHOWALL_1=1#search,aeb_rus_sales_data\pdf\rus-car-sales-in-q1-and-in-march-2020.pdf,aeb_rus_sales_data\text\rus-car-sales-in-q1-and-in-march-2020.txt,9,"AEB SPONSORS 2020 – СПОНСОРЫ АЕБ 2020 • Allianz IC OJSC • Atos • Bank Credit Suisse (Moscow) • BP • Cargill Enterprises Inc. • CHEP Rus LLC • Clifford Chance • Continental Tires RUS LLC • Dassault Systems LLC • DuPont Science & Technologies • Enel Russia • ENGIE • Eni S.p.A • Equinor Russia AS • EY • FAURECIA Automotive Development LLC • GE (General Electric International (Benelux) B.V.) • HeidelbergCement • ING Wholesale Banking in Russia • John Deere Rus, LLC • KPMG • Mercedes-Benz Russia • Merck LLC • Messe Frankfurt Rus Ltd • MetLife • METRO AG • Michelin • OBI Russia • Oriflame • Porsche Russland • Procter & Gamble • PwC • Raiffeisenbank AO • Shell Exploration & Production Services (RF) B.V. • Signify • SOGAZ Insurance Group • Total E&P Russie • Unipro PJSC • Association of European Businesses Butyrsky Val str. 68/70, bld. 1 127055 Moscow, Russia Phone: +7 (495) 234 27 64 Fax: +7 (495) 234 28 07 E-mail: info@aebrus.ru www.aebrus.ru Пресс-релиз 8 апреля 2020 года Продажи новых автомобилей выросли на 1,8% в 1 квартале 2020 года и на 4,0% в марте 2020 г. В 1 квартале 2020 года продажи новых автомобилей и легких коммерческих автомобилей в России выросли на 1,8% по сравнению с аналогичным периодом 2019 года или на 6 868 проданных единиц, и составили 398 518 автомобилей, по данным Комитета автопроизводителей АЕБ. Март 2020 г. ознаменовался ростом уровня продаж на 4,0 %, или на 6 241 штуку по сравнению с мартом 2019 года, и составили 162 321 автомобиль. Комментирует Томас Штэрцель, Председатель Комитета автопроизводителей АЕБ: «Март оказался сильным месяцем с неожиданным ростом продаж на 4% по сравнению с тем же месяцем прошлого года, что в итоге привело к увеличению объема рынка на 1,8% в первом квартале относительно аналогичного периода прошлого года. Многие бренды в марте даже показали двузначный рост. Это сильное начало года, к сожалению, не отражает реальную тенденцию, а скорее связано с ожидаемым из-за ослабления валюты искусственно вызванным повышением мартовских продаж. В конце марта продажи автомобилей и дилерские операции были резко прерваны в связи с мерами, связанными с ситуацией с COVID-19. АЕБ обратилась в Правительство с предложением мер государственной поддержки автомобильной промышленности. Многие производители также разрабатывают комплексные меры поддержки своих дилеров, направленные на обеспечение будущих деловых операций». Контакты: Ольга Зуева, координатор Комитета автопроизводителей АЕБ, olga.zueva@aebrus.ru , тел. +7 (495) 234 27 64 Юлия Щеглова, менеджер проектов по исследованию рынка и статистики АЕБ, yuliya.sheglova@aebrus.ru , тел. +7 (495) 234 27 64 -------------------------------------------------------------- Приложения: 1. Продажи новых легковых и легких коммерческих автомобилей в России за март 2020/2019 и январь-март 2020/2019 2. Продажи новых легковых и легких коммерческих автомобилей по группам за март 2020/2019 и январь-март 2020/2019 3. 25 наиболее продаваемых моделей легковых автомобилей в России за март 2020/2019 и январь-март 2020/2019",2020-04-08,"года Продажи новых автомобилей выросли на 1,8% в 1 квартале 2020 года и на 4,0% в марте 2020 г. В 1 квартале 2020 года продажи новых автомобилей и легких коммерческих автомобилей в России выросли на 1,8% по сравнению с аналогичным периодом 2019 года или на 6 868 проданных единиц, и составили 398 518 автомобилей,",в марте 2020,
RUS Car Sales in February 2020.pdf,https://aebrus.ru/upload/iblock/7e6/rus-car-sales-in-february-2020.pdf,https://aebrus.ru/ru/media/press-releases/sales-of-cars-and-light-commercial-vehicles.php?SHOWALL_1=1#search,aeb_rus_sales_data\pdf\rus-car-sales-in-february-2020.pdf,aeb_rus_sales_data\text\rus-car-sales-in-february-2020.txt,6,"AEB SPONSORS 2020 – СПОНСОРЫ АЕБ 2020 • Allianz IC OJSC • Atos • Bank Credit Suisse (Moscow) • BP • Cargill Enterprises Inc. • CHEP Rus LLC • Clifford Chance • Continental Tires RUS LLC • Dassault Systems LLC • DuPont Science & Technologies • Enel Russia • ENGIE • Eni S.p.A • Equinor Russia AS • EY • FAURECIA Automotive Development LLC • GE (General Electric International (Benelux) B.V.) • HeidelbergCement • ING Wholesale Banking in Russia • John Deere Rus, LLC • KPMG • Mercedes-Benz Russia • Merck LLC • Messe Frankfurt Rus Ltd • MetLife • METRO AG • Michelin • OBI Russia • Oriflame • Porsche Russland • Procter & Gamble • PwC • Raiffeisenbank AO • Shell Exploration & Production Services (RF) B.V. • Signify • SOGAZ Insurance Group • Total E&P Russie • Unipro PJSC • Association of European Businesses Butyrsky Val str. 68/70, bld. 1 127055 Moscow, Russia Phone: +7 (495) 234 27 64 Fax: +7 (495) 234 28 07 E-mail: info@aebrus.ru www.aebrus.ru Пресс-релиз 5 марта 2020 года Автомобильный рынок в феврале 2020 года сократился на 2,2% Февраль 2020 г. ознаменовался снижением уровня продаж на 2,2 %, или на 2 699 штук по сравнению с февралем 2019 года, и составил 119 073 автомобиля. Комментирует Йорг Шрайбер, Председатель Комитета автопроизводителей АЕБ: «В феврале продажи были на 2% ниже по сравнению с тем же месяцем предыдущего года, что соответствовало ожиданиям рынка. Однако, учитывая, что некоторые бренды перестали публиковать данные о продажах ежемесячно (во всем мире, включая Россию), общая картина рынка на данный момент не является полной. В следующем месяце АЕБ опубликует квартальный отчет, который, как ожидается, будет отражать совокупные результаты продаж всех брендов, представленных в России, за первые 3 месяца 2020 года». Контакты: Ольга Зуева, координатор Комитета автопроизводителей АЕБ, olga.zueva@aebrus.ru , тел. +7 (495) 234 27 64 Юлия Щеглова, менеджер проектов по исследованию рынка и статистики АЕБ, yuliya.sheglova@aebrus.ru , тел. +7 (495) 234 27 64 -------------------------------------------------------------- Приложения: 1. Продажи новых легковых и легких коммерческих автомобилей в России за февраль 2020/2019 и январь-февраль 2020/2019 2. Продажи новых легковых и легких коммерческих автомобилей по группам за февраль 2020/2019 и январь-февраль 2020/2019 3. 25 наиболее продаваемых моделей легковых автомобилей в России за февраль 2020/2019 и январь-февраль 2020/2019",2020-03-05,"года Автомобильный рынок в феврале 2020 года сократился на 2,2% Февраль 2020 г. ознаменовался снижением уровня продаж на 2,2 %, или на 2 699 штук по сравнению с февралем 2019 года, и составил 119 073 автомобиля.",в феврале 2020,
RUS Car Sales in January 2020.pdf,https://aebrus.ru/upload/iblock/0f6/rus-car-sales-in-january-2020.pdf,https://aebrus.ru/ru/media/press-releases/sales-of-cars-and-light-commercial-vehicles.php?SHOWALL_1=1#search,aeb_rus_sales_data\pdf\rus-car-sales-in-january-2020.pdf,aeb_rus_sales_data\text\rus-car-sales-in-january-2020.txt,6,"AEB SPONSORS 2020 – СПОНСОРЫ АЕБ 2020 • Allianz IC OJSC • Atos • Bank Credit Suisse (Moscow) • BP • Cargill Enterprises Inc. • CHEP Rus LLC • Clifford Chance • Continental Tires RUS LLC • Dassault Systems LLC • DuPont Science & Technologies • Enel Russia • ENGIE • Eni S.p.A • Equinor Russia AS • EY • FAURECIA Automotive Development LLC • GE (General Electric International (Benelux) B.V.) • HeidelbergCement • ING Wholesale Banking in Russia • John Deere Rus, LLC • KPMG • Mercedes-Benz Russia • Merck LLC • Messe Frankfurt Rus Ltd • MetLife • METRO AG • Michelin • OBI Russia • Oriflame • Porsche Russland • Procter & Gamble • PwC • Raiffeisenbank AO • Shell Exploration & Production Services (RF) B.V. • Signify • SOGAZ Insurance Group • Total E&P Russie • Unipro PJSC • Association of European Businesses Butyrsky Val str. 68/70, bld. 1 127055 Moscow, Russia Phone: +7 (495) 234 27 64 Fax: +7 (495) 234 28 07 E-mail: info@aebrus.ru www.aebrus.ru Пресс-релиз 06 февраля 2020 года Ежемесячные данные АЕБ не включают данные о продажах BMW, в связи с глобальным решением BMW изменить периодичность публикации данных о продажах с ежемесячной на ежеквартальную. Для корректного сравнения по годам данные об объемах продаж марок BMW и MINI в 2019 году в данном пресс-релизе не приводятся. АЕБ планирует регулярно публиковать ежеквартальный отчет о продажах, включающий данные о продажах BMW и MINI, начиная с апрельского выпуска результатов рынка за 1-й квартал 2020 года. Автомобильный рынок в январе 2020 года вырос на 1,8% Январь 2020 г. ознаменовался ростом уровня продаж на 1,8 %, или на 1 799 штук по сравнению с январем 2019 года, и составил 102 102 автомобиля. Комментирует Йорг Шрайбер, Председатель Комитета автопроизводителей АЕБ: “Неплохое начало нового года, ожидания от которого были довольно пессимистичными. Январские продажи традиционно являются самым низкими в году, поэтому нам придется подождать и посмотреть, каков будет тренд в месяцах с более высокими продажами – в феврале и особенно в марте”. Контакты: Ольга Зуева, координатор Комитета автопроизводителей АЕБ, olga.zueva@aebrus.ru , тел. +7 (495) 234 27 64 Юлия Щеглова, менеджер проектов по исследованию рынка и статистики АЕБ, yuliya.sheglova@aebrus.ru , тел. +7 (495) 234 27 64 -------------------------------------------------------------- Приложения: 1. Продажи новых легковых и легких коммерческих автомобилей в России за январь 2020/2019 2. Продажи новых легковых и легких коммерческих автомобилей по группам за январь 2020/2019 3. 25 наиболее продаваемых моделей легковых автомобилей в России за январь 2020/2019",2020-02-06,"года Ежемесячные данные АЕБ не включают данные о продажах BMW, в связи с глобальным решением BMW изменить периодичность публикации данных о продажах с ежемесячной на ежеквартальную. Для корректного сравнения по годам данные об объемах продаж марок BMW и MINI в 2019 году в данном пресс-релизе не приводятся. АЕБ планирует регулярно публиковать ежеквартальный отчет о продажах, включающий данные о продажах BMW и MINI, начиная с апрельского выпуска результатов рынка за 1-й квартал 2020 года. Автомобильный рынок в январе 2020 года вырос на 1,8% Январь 2020 г. ознаменовался ростом уровня продаж на 1,8 %, или на 1 799 штук по сравнению с январем 2019 года, и составил 102 102 автомобиля.",в 2019 году,
RUS Car Sales in December 2019.pdf,https://aebrus.ru/upload/iblock/bda/rus-car-sales-in-december-2019.pdf,https://aebrus.ru/ru/media/press-releases/sales-of-cars-and-light-commercial-vehicles.php?SHOWALL_1=1#search,aeb_rus_sales_data\pdf\rus-car-sales-in-december-2019.pdf,aeb_rus_sales_data\text\rus-car-sales-in-december-2019.txt,6,"AEB SPONSORS 2020 – СПОНСОРЫ АЕБ 2020 • Allianz IC OJSC • Atos • Bank Credit Suisse (Moscow) • BP • Cargill Enterprises Inc. • CHEP Rus LLC • Clifford Chance • Continental Tires RUS LLC • Dassault Systems LLC • DuPont Science & Technologies • Enel Russia • ENGIE • Eni S.p.A • Equinor Russia AS • EY • FAURECIA Automotive Development LLC • GE (General Electric International (Benelux) B.V.) • HeidelbergCement • ING Wholesale Banking in Russia • John Deere Rus, LLC • KPMG • Mercedes-Benz Russia • Merck LLC • Messe Frankfurt Rus Ltd • MetLife • METRO AG • Michelin • OBI Russia • Oriflame • Porsche Russland • Procter & Gamble • PwC • Raiffeisenbank AO • Shell Exploration & Production Services (RF) B.V. • Signify • SOGAZ Insurance Group • Total E&P Russie • Unipro PJSC • Association of European Businesses Butyrsky Val str. 68/70, bld. 1 127055 Moscow, Russia Phone: +7 (495) 234 27 64 Fax: +7 (495) 234 28 07 E-mail: info@aebrus.ru www.aebrus.ru Пресс-релиз 14 января 2020 года Автомобильный рынок в 2019 году сократился на 2,3% • Продажи новых легковых и легких коммерческих автомобилей в России в декабре 2019 года выросли на 2,3%. • Все десять моделей, лидеров продаж новых легковых автомобилей, местного производства. Декабрь 2019 г. ознаменовался ростом уровня продаж на 2,3 %, или на 3 995 штук по сравнению с декабрем 2018 года, и составил 179 235 автомобилей. В 2019 году автомобильный рынок сократился на 2,3% или на 41 059 штук проданных новых автомобилей по сравнению с 2018 годом. В 2019 году в январе – декабре было продано 1 759 532 автомобиля (данные Комитета автопроизводителей АЕБ). Комментирует Йорг Шрайбер, Председатель Комитета автопроизводителей АЕБ: «Благодаря усилиям игроков по закрытию месяца продажи декабря выросли на 2,3% относительно прошлого года. Несмотря на это, общие продажи за 4-й квартал остались в негативной зоне, показывая 3,0% падение по сравнению с таким же периодом прошлого года. В целом продажи в 2019 году составили 1,76 млн единиц, что на 41 тыс или 2,3% ниже уровня 2018 года. В наступившем году мы ожидаем похожей по сложности ситуации на рынке. Прогноз на 2020 год - 1,72 млн единиц, что представляет собой дальнейшее понижение на 2,1% относительно уровня, достигнутого в 2019 году». Контакты: Ольга Зуева, координатор Комитета автопроизводителей АЕБ, olga.zueva@aebrus.ru , тел. +7 (495) 234 27 64 Юлия Щеглова, менеджер проектов по исследованию рынка и статистики АЕБ, yuliya.sheglova@aebrus.ru , тел. +7 (495) 234 27 64 -------------------------------------------------------------- Приложения: 1. Продажи новых легковых и легких коммерческих автомобилей в России за декабрь 2019/2018 и январь-декабрь 2019/2018 2. Продажи новых легковых и легких коммерческих автомобилей по группам за декабрь 2019/2018 и январь-декабрь 2019/2018 3. 25 наиболее продаваемых моделей легковых автомобилей в России за декабрь 2019/2018 и январь-декабрь 2019/2018",2020-01-14,"года Автомобильный рынок в 2019 году сократился на 2,3% • Продажи новых легковых и легких коммерческих автомобилей в России в декабре 2019 года выросли на 2,3%. • Все десять моделей, лидеров продаж новых легковых автомобилей, местного производства. Декабрь 2019 г. ознаменовался ростом уровня продаж на 2,3 %, или на 3 995 штук по сравнению с декабрем 2018 года, и составил 179 235 автомобилей. В 2019 году автомобильный рынок сократился на 2,3% или на 41 059 штук проданных новых автомобилей по сравнению с 2018 годом. В 2019 году в январе – декабре было продано 1 759 532 автомобиля (данные Комитета автопроизводителей АЕБ).",в 2019 году,
RUS Car Sales in November 2019.pdf,https://aebrus.ru/upload/iblock/1b3/1b3a5c872df60f4eb94ed828655b1520.pdf,https://aebrus.ru/ru/media/press-releases/sales-of-cars-and-light-commercial-vehicles.php?SHOWALL_1=1#search,aeb_rus_sales_data\pdf\1b3a5c872df60f4eb94ed828655b1520.pdf,aeb_rus_sales_data\text\1b3a5c872df60f4eb94ed828655b1520.txt,6,"AEB SPONSORS 2019 – СПОНСОРЫ АЕБ 2019 • Allianz IC OJSC • Atos • Bank Credit Suisse (Moscow) • BP • BSH Bytowyje Pribory OOO • Cargill Enterprises Inc. • CHEP Rus LLC • Clifford Chance • Continental Tires RUS LLC • Creon Capital S.a.r.l • Deloitte CIS • DuPont Science & Technologies • Enel Russia • ENGIE • Eni S.p.A • Equinor Russia AS • EY • FAURECIA Automotive Development LLC • GE (General Electric International (Benelux) B.V.) • HeidelbergCement • ING Wholesale Banking in Russia • John Deere Rus, LLC • KPMG • ManpowerGroup • Mercedes-Benz Russia • Merck LLC • Messe Frankfurt Rus Ltd • MetLife • METRO AG • Michelin • Novartis Group Russia • OBI Russia • Oriflame • Porsche Russland • Procter & Gamble • PwC • Raiffeisenbank AO • ROCA • Shell Exploration & Production Services (RF) B.V. • Signify • SOGAZ Insurance Group • Total E&P Russie • Unipro PJSC • VimpelCom PJSC (Beeline) • YIT Association of European Businesses Butyrsky Val str. 68/70, bld. 1 127055 Moscow, Russia Phone: +7 (495) 234 27 64 Fax: +7 (495) 234 28 07 E-mail: info@aebrus.ru www.aebrus.ru Пресс-релиз 5 декабря 2019 г. Автомобильный рынок в ноябре 2019 года сократился на 6,4% • Продажи новых легковых и легких коммерческих автомобилей в России в ноябре 2019 года снизились на 6,4% • Все десять моделей, лидеров продаж новых легковых автомобилей, местного производства. Ноябрь 2019 года ознаменовался снижением уровня продаж на 6,4 % или на 10 646 штук по сравнению с ноябрем 2018 года, и составил 156 848 автомобилей (данные Комитета автопроизводителей АЕБ). Комментирует Йорг Шрайбер, Председатель Комитета автопроизводителей АЕБ: «Ноябрь с потерями в продажах свыше 6% подтвердил превалирующий негативный тренд российского автомобильного рынка в этом году. Конечно, сравнение с прошлым годом должно учитывать хорошие продажи в его конце, вызванные ожидавшимся повышением НДС. Именно по этой причине мы не рассчитываем увидеть смену тренда на позитивный в декабре». Контакты: Ольга Зуева, координатор Комитета автопроизводителей АЕБ, olga.zueva@aebrus.ru, тел. +7 (495) 234 27 64 Юлия Щеглова, менеджер проектов по исследованию рынка и статистики АЕБ, yuliya.sheglova@aebrus.ru , тел. +7 (495) 234 27 64 -------------------------------------------------------------- Приложения: 1. Продажи новых легковых и легких коммерческих автомобилей в России за ноябрь 2019/2018 и январь-ноябрь 2019/2018 2. Продажи новых легковых и легких коммерческих автомобилей по группам за ноябрь 2019/2018 и январь-ноябрь 2019/2018 3. 25 наиболее продаваемых моделей легковых автомобилей в России за ноябрь 2019/2018 и январь-ноябрь 2019/2018",2019-12-05,"г. Автомобильный рынок в ноябре 2019 года сократился на 6,4% • Продажи новых легковых и легких коммерческих автомобилей в России в ноябре 2019 года снизились на 6,4% • Все десять моделей, лидеров продаж новых легковых автомобилей, местного производства. Ноябрь 2019 года ознаменовался снижением уровня продаж на 6,4 % или на 10 646 штук по сравнению с ноябрем 2018 года, и составил 156 848 автомобилей (данные Комитета автопроизводителей АЕБ).",в ноябре 2019,
RUS Car Sales in October 2019.pdf,https://aebrus.ru/upload/iblock/13b/rus-car-sales-in-october-2019.pdf,https://aebrus.ru/ru/media/press-releases/sales-of-cars-and-light-commercial-vehicles.php?SHOWALL_1=1#search,aeb_rus_sales_data\pdf\rus-car-sales-in-october-2019.pdf,aeb_rus_sales_data\text\rus-car-sales-in-october-2019.txt,6,"AEB SPONSORS 2019 – СПОНСОРЫ АЕБ 2019 • Allianz IC OJSC • Atos • Bank Credit Suisse (Moscow) • BP • BSH Bytowyje Pribory OOO • Cargill Enterprises Inc. • CHEP Rus LLC • Clifford Chance • Continental Tires RUS LLC • Creon Capital S.a.r.l • Deloitte CIS • DuPont Science & Technologies • Enel Russia • ENGIE • Eni S.p.A • Equinor Russia AS • EY • FAURECIA Automotive Development LLC • GE (General Electric International (Benelux) B.V.) • HeidelbergCement • ING Wholesale Banking in Russia • John Deere Rus, LLC • KPMG • ManpowerGroup • Mercedes-Benz Russia • Merck LLC • Messe Frankfurt Rus Ltd • MetLife • METRO AG • Michelin • Novartis Group Russia • OBI Russia • Oriflame • Porsche Russland • Procter & Gamble • PwC • Raiffeisenbank AO • ROCA • Shell Exploration & Production Services (RF) B.V. • Signify • SOGAZ Insurance Group • Total E&P Russie • Unipro PJSC • VimpelCom PJSC (Beeline) • YIT Association of European Businesses Butyrsky Val str. 68/70, bld. 1 127055 Moscow, Russia Phone: +7 (495) 234 27 64 Fax: +7 (495) 234 28 07 E-mail: info@aebrus.ru www.aebrus.ru Пресс-релиз 7 ноября 2019 г. Автомобильный рынок в октябре 2019 года сократился на 5,2%  Продажи новых легковых и легких коммерческих автомобилей в России в октябре 2019 года снизились на 5,2% • Все десять моделей, лидеров продаж новых легковых автомобилей, местного производства. Октябрь 2019 года ознаменовался снижением уровня продаж на 5,2 % или на 8 368 штук по сравнению с октябрем 2018 года, и составил 152 057 автомобилей (данные Комитета автопроизводителей АЕБ). Комментирует Йорг Шрайбер, Председатель Комитета автопроизводителей АЕБ: «Продажи в октябре оказались ниже прошлогодних на 5,2%, что закрепило рынок на пути медленной, но продолжительной эрозии так нужного сейчас роста объема продаж, который был достигнут в 2017-2018 гг. Конечно, это не то направление, которое хотят видеть индустрии, но сейчас трудно сказать, откуда могут прийти изменения к лучшему в ближайшее время». Контакты: Ольга Зуева, координатор Комитета автопроизводителей АЕБ, olga.zueva@aebrus.ru, тел. +7 (495) 234 27 64 Юлия Щеглова, менеджер проектов по исследованию рынка и статистики АЕБ, yuliya.sheglova@aebrus.ru , тел. +7 (495) 234 27 64 -------------------------------------------------------------- Приложения: 1. Продажи новых легковых и легких коммерческих автомобилей в России за октябрь 2019/2018 и январь-октябрь 2019/2018 2. Продажи новых легковых и легких коммерческих автомобилей по группам за октябрь 2019/2018 и январь-октябрь 2019/2018 3. 25 наиболее продаваемых моделей легковых автомобилей в России за октябрь 2019/2018 и январь-октябрь 2019/2018",2019-11-07,"г. Автомобильный рынок в октябре 2019 года сократился на 5,2%  Продажи новых легковых и легких коммерческих автомобилей в России в октябре 2019 года снизились на 5,2% • Все десять моделей, лидеров продаж новых легковых автомобилей, местного производства. Октябрь 2019 года ознаменовался снижением уровня продаж на 5,2 % или на 8 368 штук по сравнению с октябрем 2018 года, и составил 152 057 автомобилей (данные Комитета автопроизводителей АЕБ).",в октябре 2019,
RUS Car Sales in September 2019.pdf,https://aebrus.ru/upload/iblock/bf6/rus-car-sales-in-september-2019.pdf,https://aebrus.ru/ru/media/press-releases/sales-of-cars-and-light-commercial-vehicles.php?SHOWALL_1=1#search,aeb_rus_sales_data\pdf\rus-car-sales-in-september-2019.pdf,aeb_rus_sales_data\text\rus-car-sales-in-september-2019.txt,6,"AEB SPONSORS 2019 – СПОНСОРЫ АЕБ 2019 • Allianz IC OJSC • Atos • Bank Credit Suisse (Moscow) • BP • BSH Bytowyje Pribory OOO • Cargill Enterprises Inc. • CHEP Rus LLC • Clifford Chance • Continental Tires RUS LLC • Creon Capital S.a.r.l • Deloitte CIS • DuPont Science & Technologies • Enel Russia • ENGIE • Eni S.p.A • Equinor Russia AS • EY • FAURECIA Automotive Development LLC • GE (General Electric International (Benelux) B.V.) • HeidelbergCement • ING Wholesale Banking in Russia • John Deere Rus, LLC • KPMG • ManpowerGroup • Mercedes-Benz Russia • Merck LLC • Messe Frankfurt Rus Ltd • MetLife • METRO AG • Michelin • Novartis Group Russia • OBI Russia • Oriflame • Porsche Russland • Procter & Gamble • PwC • Raiffeisenbank AO • ROCA • Shell Exploration & Production Services (RF) B.V. • Signify • SOGAZ Insurance Group • Total E&P Russie • Unipro PJSC • VimpelCom PJSC (Beeline) • YIT Association of European Businesses Butyrsky Val str. 68/70, bld. 1 127055 Moscow, Russia Phone: +7 (495) 234 27 64 Fax: +7 (495) 234 28 07 E-mail: info@aebrus.ru www.aebrus.ru Пресс-релиз 4 октября 2019 г. Автомобильный рынок в сентябре 2019 года сократился на 0,2%  Продажи новых легковых и легких коммерческих автомобилей в России в сентябре 2019 года снизились на 0,2% • Все десять моделей, лидеров продаж новых легковых автомобилей, местного производства. Сентябрь 2019 года ознаменовался снижением уровня продаж на 0,2 % или на 242 штуки по сравнению с сентябрем 2018 года, и составил 157 129 автомобилей (данные Комитета автопроизводителей АЕБ). Комментирует Йорг Шрайбер, Председатель Комитета автопроизводителей АЕБ: «Продажи сентября были на уровне того же месяца прошлого года, что является неплохим результатом, принимая во внимание отрицательную динамику последних месяцев. Кумулятивные продажи за период с января по сентябрь год к году - все же минус 2%. С учетом оставшихся 3 месяцев в текущем году АМС ожидает годового результата 1,76 млн. шт., что проецирует тот же слабо негативный тренд на конец года. Здесь присутствует элемент неопределённости – возможность еще одного существенного увеличения утилизационного сбора в 2020 году, что, по сведениям, обсуждается в правительстве. Если такое решение будет принято на самом деле, то это поставит вопрос о долгосрочной перспективе российского автомобильного рынка в целом. Однако краткосрочно продажи импортных автомобилей могут получить искусственное ускорение, конечно, за счет продаж в последующий период». Контакты: Ольга Зуева, координатор Комитета автопроизводителей АЕБ, olga.zueva@aebrus.ru, тел. +7 (495) 234 27 64 Юлия Щеглова, менеджер проектов по исследованию рынка и статистики АЕБ, yuliya.sheglova@aebrus.ru , тел. +7 (495) 234 27 64 -------------------------------------------------------------- Приложения: 1. Продажи новых легковых и легких коммерческих автомобилей в России за сентябрь 2019/2018 и январь-сентябрь 2019/2018 2. Продажи новых легковых и легких коммерческих автомобилей по группам за сентябрь 2019/2018 и январь-сентябрь 2019/2018 3. 25 наиболее продаваемых моделей легковых автомобилей в России за сентябрь 2019/2018 и январь-сентябрь 2019/2018",2019-10-04,"г. Автомобильный рынок в сентябре 2019 года сократился на 0,2%  Продажи новых легковых и легких коммерческих автомобилей в России в сентябре 2019 года снизились на 0,2% • Все десять моделей, лидеров продаж новых легковых автомобилей, местного производства. Сентябрь 2019 года ознаменовался снижением уровня продаж на 0,2 % или на 242 штуки по сравнению с сентябрем 2018 года, и составил 157 129 автомобилей (данные Комитета автопроизводителей АЕБ).",в сентябре 2019,
RUS Car Sales in August 2019.pdf,https://aebrus.ru/upload/iblock/dc7/rus-car-sales-in-august-2019.pdf,https://aebrus.ru/ru/media/press-releases/sales-of-cars-and-light-commercial-vehicles.php?SHOWALL_1=1#search,aeb_rus_sales_data\pdf\rus-car-sales-in-august-2019.pdf,aeb_rus_sales_data\text\rus-car-sales-in-august-2019.txt,6,"AEB SPONSORS 2019 – СПОНСОРЫ АЕБ 2019 • Allianz IC OJSC • Atos • Bank Credit Suisse (Moscow) • BP • BSH Bytowyje Pribory OOO • Cargill Enterprises Inc. • CHEP Rus LLC • Clifford Chance • Continental Tires RUS LLC • Creon Capital S.a.r.l • Deloitte CIS • DuPont Science & Technologies • Enel Russia • ENGIE • Eni S.p.A • Equinor Russia AS • EY • FAURECIA Automotive Development LLC • GE (General Electric International (Benelux) B.V.) • HeidelbergCement • ING Wholesale Banking in Russia • John Deere Rus, LLC • KPMG • ManpowerGroup • Mercedes-Benz Russia • Merck LLC • Messe Frankfurt Rus Ltd • MetLife • METRO AG • Michelin • Novartis Group Russia • OBI Russia • Oriflame • Porsche Russland • Procter & Gamble • PwC • Raiffeisenbank AO • ROCA • Shell Exploration & Production Services (RF) B.V. • Signify • SOGAZ Insurance Group • Total E&P Russie • Unipro PJSC • VimpelCom PJSC (Beeline) • YIT Association of European Businesses Butyrsky Val str. 68/70, bld. 1 127055 Moscow, Russia Phone: +7 (495) 234 27 64 Fax: +7 (495) 234 28 07 E-mail: info@aebrus.ru www.aebrus.ru Пресс-релиз 6 сентября 2019 г. Автомобильный рынок в августе 2019 года сократился на 1,3%  Продажи новых легковых и легких коммерческих автомобилей в России в августе 2019 года снизились на 1,3% • Все десять моделей, лидеров продаж новых легковых автомобилей, местного производства. Август 2019 года ознаменовался снижением уровня продаж на 1,3 % или на 1 843 штуки по сравнению с августом 2018 года, и составил 145 545 автомобилей (данные Комитета автопроизводителей АЕБ). Комментирует Йорг Шрайбер, Председатель Комитета автопроизводителей АЕБ: «В августе не произошло существенных изменений в ситуации на рынке, так как продажи были по-прежнему ниже того добротного уровня, который был достигнут годом ранее». Контакты: Ольга Зуева, координатор Комитета автопроизводителей АЕБ, olga.zueva@aebrus.ru, тел. +7 (495) 234 27 64 Юлия Щеглова, менеджер проектов по исследованию рынка и статистики АЕБ, yuliya.sheglova@aebrus.ru , тел. +7 (495) 234 27 64 -------------------------------------------------------------- Приложения: 1. Продажи новых легковых и легких коммерческих автомобилей в России за август 2019/2018 и январь-август 2019/2018 2. Продажи новых легковых и легких коммерческих автомобилей по группам за август 2019/2018 и январь-август 2019/2018 3. 25 наиболее продаваемых моделей легковых автомобилей в России за август 2019/2018 и январь-август 2019/2018",2019-09-06,"г. Автомобильный рынок в августе 2019 года сократился на 1,3%  Продажи новых легковых и легких коммерческих автомобилей в России в августе 2019 года снизились на 1,3% • Все десять моделей, лидеров продаж новых легковых автомобилей, местного производства. Август 2019 года ознаменовался снижением уровня продаж на 1,3 % или на 1 843 штуки по сравнению с августом 2018 года, и составил 145 545 автомобилей (данные Комитета автопроизводителей АЕБ).",в августе 2019,
RUS Car Sales in July 2019.pdf,https://aebrus.ru/upload/iblock/c90/rus-car-sales-in-july-2019.pdf,https://aebrus.ru/ru/media/press-releases/sales-of-cars-and-light-commercial-vehicles.php?SHOWALL_1=1#search,aeb_rus_sales_data\pdf\rus-car-sales-in-july-2019.pdf,aeb_rus_sales_data\text\rus-car-sales-in-july-2019.txt,6,"AEB SPONSORS 2019 – СПОНСОРЫ АЕБ 2019 • Allianz IC OJSC • Atos • Bank Credit Suisse (Moscow) • BP • BSH Bytowyje Pribory OOO • Cargill Enterprises Inc. • CHEP Rus LLC • Clifford Chance • Continental Tires RUS LLC • Creon Capital S.a.r.l • Deloitte CIS • DuPont Science & Technologies • Enel Russia • ENGIE • Eni S.p.A • Equinor Russia AS • EY • FAURECIA Automotive Development LLC • GE (General Electric International (Benelux) B.V.) • HeidelbergCement • ING Wholesale Banking in Russia • John Deere Rus, LLC • KPMG • ManpowerGroup • Mercedes-Benz Russia • Merck LLC • Messe Frankfurt Rus Ltd • MetLife • METRO AG • Michelin • Novartis Group Russia • OBI Russia • Oriflame • Porsche Russland • Procter & Gamble • PwC • Raiffeisenbank AO • ROCA • Shell Exploration & Production Services (RF) B.V. • Signify • SOGAZ Insurance Group • Total E&P Russie • Unipro PJSC • VimpelCom PJSC (Beeline) • YIT Association of European Businesses Butyrsky Val str. 68/70, bld. 1 127055 Moscow, Russia Phone: +7 (495) 234 27 64 Fax: +7 (495) 234 28 07 E-mail: info@aebrus.ru www.aebrus.ru Пресс-релиз 6 августа 2019 г. Автомобильный рынок в июле 2019 года сократился на 2,4%  Продажи новых легковых и легких коммерческих автомобилей в России в июле 2019 года снизились на 2,4% • Все десять моделей, лидеров продаж новых легковых автомобилей, местного производства. Июль 2019 г. ознаменовался снижением уровня продаж на 2,4 % или на 3 484 штуки по сравнению с июлем 2018 года, и составил 139 968 автомобилей (данные Комитета автопроизводителей АЕБ). Комментирует Ларс Химмер, Заместитель председателя Комитета автопроизводителей АЕБ: «За семь месяцев 2019 года мы наблюдаем рынок, который сократился на 2,4 % по сравнению с прошлым годом, как в ежемесячном, так и в годовом исчислении. В целом рыночные ожидания до конца года не улучшатся». Контакты: Ольга Зуева, координатор Комитета автопроизводителей АЕБ, olga.zueva@aebrus.ru, тел. +7 (495) 234 27 64 Юлия Щеглова, менеджер проектов по исследованию рынка и статистики АЕБ, yuliya.sheglova@aebrus.ru , тел. +7 (495) 234 27 64 -------------------------------------------------------------- Приложения: 1. Продажи новых легковых и легких коммерческих автомобилей в России за июль 2019/2018 и январь-июль 2019/2018 2. Продажи новых легковых и легких коммерческих автомобилей по группам за июль 2019/2018 и январь-июль 2019/2018 3. 25 наиболее продаваемых моделей легковых автомобилей в России за июль 2019/2018 и январь-июль 2019/2018",2019-08-06,"г. Автомобильный рынок в июле 2019 года сократился на 2,4%  Продажи новых легковых и легких коммерческих автомобилей в России в июле 2019 года снизились на 2,4% • Все десять моделей, лидеров продаж новых легковых автомобилей, местного производства. Июль 2019 г. ознаменовался снижением уровня продаж на 2,4 % или на 3 484 штуки по сравнению с июлем 2018 года, и составил 139 968 автомобилей (данные Комитета автопроизводителей АЕБ).",в июле 2019,
RUS Car Sales in June 2019.pdf,https://aebrus.ru/upload/iblock/687/rus-car-sales-in-june-2019.pdf,https://aebrus.ru/ru/media/press-releases/sales-of-cars-and-light-commercial-vehicles.php?SHOWALL_1=1#search,aeb_rus_sales_data\pdf\rus-car-sales-in-june-2019.pdf,aeb_rus_sales_data\text\rus-car-sales-in-june-2019.txt,6,"AEB SPONSORS 2019 – СПОНСОРЫ АЕБ 2019 • Allianz IC OJSC • Atos • Bank Credit Suisse (Moscow) • BP • BSH Bytowyje Pribory OOO • Cargill Enterprises Inc. • CHEP Rus LLC • Clifford Chance • Continental Tires RUS LLC • Creon Capital S.a.r.l • Deloitte CIS • DuPont Science & Technologies • Enel Russia • ENGIE • Eni S.p.A • Equinor Russia AS • EY • FAURECIA Automotive Development LLC • GE (General Electric International (Benelux) B.V.) • HeidelbergCement • ING Wholesale Banking in Russia • John Deere Rus, LLC • KPMG • ManpowerGroup • Mercedes-Benz Russia • Merck LLC • Messe Frankfurt Rus Ltd • MetLife • METRO AG • Michelin • Novartis Group Russia • OBI Russia • Oriflame • Porsche Russland • Procter & Gamble • PwC • Raiffeisenbank AO • ROCA • Shell Exploration & Production Services (RF) B.V. • Signify • SOGAZ Insurance Group • Total E&P Russie • Unipro PJSC • VimpelCom PJSC (Beeline) • YIT Association of European Businesses Butyrsky Val str. 68/70, bld. 1 127055 Moscow, Russia Phone: +7 (495) 234 27 64 Fax: +7 (495) 234 28 07 E-mail: info@aebrus.ru www.aebrus.ru Пресс-релиз 4 июля 2019 г. Автомобильный рынок в июне 2019 года сократился на 3,3%  Продажи новых легковых и легких коммерческих автомобилей в России в июне 2019 года снизились на 3,3% • Все десять моделей, лидеров продаж новых легковых автомобилей, местного производства. Июнь 2019 г. ознаменовался снижением уровня продаж на 3,3 % или на 5 171 штуку по сравнению с июнем 2018 года, и составил 151 180 автомобилей (данные Комитета автопроизводителей АЕБ). Комментирует Йорг Шрайбер, Председатель Комитета автопроизводителей АЕБ: «После 6 месяцев 2019 мы видим рынок, который уменьшился на 2,4 % по сравнению с прошлым годом, а второй квартал стал более трудным, чем первый. Ожидания на рынке в отношении второй половины года не лучше. Ясно, что рост рынка в 2019, - уже больше нереалистичный сценарий. Даже при некотором положительном тренде во второй половине года, самое лучшее, на что можно было бы надеяться, - повторение результата продаж прошлого года». Контакты: Ольга Зуева, координатор Комитета автопроизводителей АЕБ, olga.zueva@aebrus.ru, тел. +7 (495) 234 27 64 Юлия Щеглова, менеджер проектов по исследованию рынка и статистики АЕБ, yuliya.sheglova@aebrus.ru , тел. +7 (495) 234 27 64 -------------------------------------------------------------- Приложения: 1. Продажи новых легковых и легких коммерческих автомобилей в России за июнь 2019/2018 и январь-июнь 2019/2018 2. Продажи новых легковых и легких коммерческих автомобилей по группам за июнь 2019/2018 и январь-июнь 2019/2018 3. 25 наиболее продаваемых моделей легковых автомобилей в России за июнь 2019/2018 и январь-июнь 2019/2018",2019-07-04,"г. Автомобильный рынок в июне 2019 года сократился на 3,3%  Продажи новых легковых и легких коммерческих автомобилей в России в июне 2019 года снизились на 3,3% • Все десять моделей, лидеров продаж новых легковых автомобилей, местного производства. Июнь 2019 г. ознаменовался снижением уровня продаж на 3,3 % или на 5 171 штуку по сравнению с июнем 2018 года, и составил 151 180 автомобилей (данные Комитета автопроизводителей АЕБ).",в июне 2019,
RUS Car Sales in May 2019.pdf,https://aebrus.ru/upload/iblock/ad8/rus-car-sales-in-may-2019.pdf,https://aebrus.ru/ru/media/press-releases/sales-of-cars-and-light-commercial-vehicles.php?SHOWALL_1=1#search,aeb_rus_sales_data\pdf\rus-car-sales-in-may-2019.pdf,aeb_rus_sales_data\text\rus-car-sales-in-may-2019.txt,6,"AEB SPONSORS 2019 – СПОНСОРЫ АЕБ 2019 • Allianz IC OJSC • Atos • Bank Credit Suisse (Moscow) • BP • BSH Bytowyje Pribory OOO • Cargill Enterprises Inc. • CHEP Rus LLC • Clifford Chance • Continental Tires RUS LLC • Creon Capital S.a.r.l • Deloitte CIS • DuPont Science & Technologies • Enel Russia • ENGIE • Eni S.p.A • Equinor Russia AS • EY • FAURECIA Automotive Development LLC • GE (General Electric International (Benelux) B.V.) • HeidelbergCement • ING Wholesale Banking in Russia • John Deere Rus, LLC • KPMG • ManpowerGroup • Mercedes-Benz Russia • Merck LLC • Messe Frankfurt Rus Ltd • MetLife • METRO AG • Michelin • Novartis Group Russia • OBI Russia • Oriflame • Porsche Russland • Procter & Gamble • PwC • Raiffeisenbank AO • ROCA • Shell Exploration & Production Services (RF) B.V. • Signify • SOGAZ Insurance Group • Total E&P Russie • Unipro PJSC • VimpelCom PJSC (Beeline) • YIT Ассоциация европейского бизнеса Россия, 127055 Москва, Ул. Бутырский Вал 68/70, стр. 1 Тел.: +7 (495) 234 27 64 Факс: +7 (495) 234 28 07 E-mail: info@aebrus.ru www.aebrus.ru Пресс-релиз 06 июня 2019 г. Автомобильный рынок в мае 2019 года сократился на 6,7%  Продажи новых легковых и легких коммерческих автомобилей в России в мае 2019 года снизились на 6,7% • Все десять моделей, лидеров продаж новых легковых автомобилей, местного производства. Май 2019 г. ознаменовался падением уровня продаж на 6,7 % или на 9 901 штук по сравнению с маем 2018 года, и составил 137 624 автомобиля (данные Комитета автопроизводителей АЕБ). Комментирует Йорг Шрайбер, Председатель Комитета автопроизводителей АЕБ: «Нет хороших новостей на автомобильном рынке в мае, а вместо этого почти 7% падение продаж – самое значительное падение за 2 года. Конечно, можно было бы сказать, что удивительно тёплая для этого времени года погода не помогает продажам, так как много людей проводят больше, чем обычно времени вне больших городов и торговых центров. Однако главной причиной текущего тренда остается слабый спрос, обусловленный макроэкономическими факторами такими, как растущие расходы домохозяйств после повышения НДС в начале года. Особенно это касается автомобильного сектора, где мы имеем рынок, который до сих пор адаптируется к существенному понижению правительственных субсидий, стимулировавших розничные продажи в прошлом. Мы должны посмотреть, как эти факторы скажутся в будущем, но сейчас мы наблюдаем довольно непростую картину». Контакты: Ольга Зуева, координатор Комитета автопроизводителей АЕБ, olga.zueva@aebrus.ru, тел. +7 (495) 234 27 64 Юлия Щеглова, менеджер проектов по исследованию рынка и статистики АЕБ, yuliya.sheglova@aebrus.ru, тел. +7 (495) 234 27 64 -------------------------------------------------------------- Приложения: 1. Продажи новых легковых и легких коммерческих автомобилей в России за май 2019/2018 и январь-май 2019/2018 2. Продажи новых легковых и легких коммерческих автомобилей по группам за май 2019/2018 и январь-май 2019/2018 3. 25 наиболее продаваемых моделей легковых автомобилей в России за май 2019/2018 и январь-май 2019/2018",2019-06-06,"г. Автомобильный рынок в мае 2019 года сократился на 6,7%  Продажи новых легковых и легких коммерческих автомобилей в России в мае 2019 года снизились на 6,7% • Все десять моделей, лидеров продаж новых легковых автомобилей, местного производства. Май 2019 г. ознаменовался падением уровня продаж на 6,7 % или на 9 901 штук по сравнению с маем 2018 года, и составил 137 624 автомобиля (данные Комитета автопроизводителей АЕБ).",в мае 2019,
RUS Car Sales in April 2019.pdf,https://aebrus.ru/upload/iblock/603/rus-car-sales-in-april-2019.pdf,https://aebrus.ru/ru/media/press-releases/sales-of-cars-and-light-commercial-vehicles.php?SHOWALL_1=1#search,aeb_rus_sales_data\pdf\rus-car-sales-in-april-2019.pdf,aeb_rus_sales_data\text\rus-car-sales-in-april-2019.txt,6,"AEB SPONSORS 2019 – СПОНСОРЫ АЕБ 2019 • Allianz IC OJSC • Atos • Bank Credit Suisse (Moscow) • BP • BSH Bytowyje Pribory OOO • Cargill Enterprises Inc. • CHEP Rus LLC • Clifford Chance • Continental Tires RUS LLC • Creon Capital S.a.r.l • Deloitte CIS • DuPont Science & Technologies • Enel Russia • ENGIE • Eni S.p.A • Equinor Russia AS • EY • FAURECIA Automotive Development LLC • GE (General Electric International (Benelux) B.V.) • HeidelbergCement • ING Wholesale Banking in Russia • John Deere Rus, LLC • KPMG • ManpowerGroup • Mercedes-Benz Russia • Merck LLC • Messe Frankfurt Rus Ltd • MetLife • METRO AG • Michelin • Novartis Group Russia • OBI Russia • Oriflame • Porsche Russland • Procter & Gamble • PwC • Raiffeisenbank AO • ROCA • Shell Exploration & Production Services (RF) B.V. • Signify • SOGAZ Insurance Group • Total E&P Russie • Unipro PJSC • VimpelCom PJSC (Beeline) • YIT Association of European Businesses Butyrsky Val str. 68/70, bld. 1 127055 Moscow, Russia Phone: +7 (495) 234 27 64 Fax: +7 (495) 234 28 07 E-mail: info@aebrus.ru www.aebrus.ru Пресс-релиз 13 мая 2019 г. Автомобильный рынок в апреле 2019 года сократился на 2,7%  Продажи новых легковых и легких коммерческих автомобилей в России в апреле 2019 года снизились на 2,7% • Все десять моделей, лидеров продаж новых легковых автомобилей, местного производства. Апрель 2019 г. ознаменовался падением уровня продаж на 2,7 % или на 4 129 штук по сравнению с апрелем 2018 года, и составил 148 296 автомобилей (данные Комитета автопроизводителей АЕБ). Комментирует Йорг Шрайбер, Председатель Комитета автопроизводителей АЕБ: «В апреле продажи снова шли не тем темпом, который позволил бы достичь высоких прошлогодних результатов. Ясно, что рынок не в той форме, которую мы наблюдали всего лишь 12 месяцев назад, когда рынком демонстрировался последовательный двузначный рост». Контакты: Ольга Зуева, координатор Комитета автопроизводителей АЕБ, olga.zueva@aebrus.ru, тел. +7 (495) 234 27 64 Юлия Щеглова, менеджер проектов по исследованию рынка и статистики АЕБ, yuliya.sheglova@aebrus.ru , тел. +7 (495) 234 27 64 -------------------------------------------------------------- Приложения: 1. Продажи новых легковых и легких коммерческих автомобилей в России за апрель 2019/2018 и январь-апрель 2019/2018 2. Продажи новых легковых и легких коммерческих автомобилей по группам за апрель 2019/2018 и январь-апрель 2019/2018 3. 25 наиболее продаваемых моделей легковых автомобилей в России за апрель 2019/2018 и январь-апрель 2019/2018",2019-05-13,"г. Автомобильный рынок в апреле 2019 года сократился на 2,7%  Продажи новых легковых и легких коммерческих автомобилей в России в апреле 2019 года снизились на 2,7% • Все десять моделей, лидеров продаж новых легковых автомобилей, местного производства. Апрель 2019 г. ознаменовался падением уровня продаж на 2,7 % или на 4 129 штук по сравнению с апрелем 2018 года, и составил 148 296 автомобилей (данные Комитета автопроизводителей АЕБ).",в апреле 2019,
RUS Car Sales in March 2019.pdf,https://aebrus.ru/upload/iblock/462/rus-car-sales-in-march-2019.pdf,https://aebrus.ru/ru/media/press-releases/sales-of-cars-and-light-commercial-vehicles.php?SHOWALL_1=1#search,aeb_rus_sales_data\pdf\rus-car-sales-in-march-2019.pdf,aeb_rus_sales_data\text\rus-car-sales-in-march-2019.txt,6,"AEB SPONSORS 2019 – СПОНСОРЫ АЕБ 2019 • Allianz IC OJSC • Atos • Bank Credit Suisse (Moscow) • BP • BSH Bytowyje Pribory OOO • Cargill Enterprises Inc. • CHEP Rus LLC • Clifford Chance • Continental Tires RUS LLC • Creon Capital S.a.r.l • Deloitte CIS • DuPont Science & Technologies • Enel Russia • ENGIE • Eni S.p.A • Equinor Russia AS • EY • FAURECIA Automotive Development LLC • GE (General Electric International (Benelux) B.V.) • HeidelbergCement • ING Wholesale Banking in Russia • John Deere Rus, LLC • KPMG • ManpowerGroup • Mercedes-Benz Russia • Merck LLC • Messe Frankfurt Rus Ltd • MetLife • METRO AG • Michelin • Novartis Group Russia • OBI Russia • Oriflame • Porsche Russland • Procter & Gamble • PwC • Raiffeisenbank AO • ROCA • Shell Exploration & Production Services (RF) B.V. • Signify • SOGAZ Insurance Group • Total E&P Russie • Unipro PJSC • VimpelCom PJSC (Beeline) • YIT Association of European Businesses Butyrsky Val str. 68/70, bld. 1 127055 Moscow, Russia Phone: +7 (495) 234 27 64 Fax: +7 (495) 234 28 07 E-mail: info@aebrus.ru www.aebrus.ru Пресс-релиз 04 апреля 2019 г. Автомобильный рынок в марте 2019 года увеличился на 1,8%  Продажи новых легковых и легких коммерческих автомобилей в России в марте 2019 года выросли на 1,8% • Все десять моделей, лидеров продаж новых легковых автомобилей, местного производства. Март 2019 г. ознаменовался ростом уровня продаж на 1,8 % или на 2 901 штуку по сравнению с мартом 2018 года, и составил 160 180 автомобилей (данные Комитета автопроизводителей АЕБ). Комментирует Йорг Шрайбер, Председатель Комитета автопроизводителей АЕБ: «Небольшой плюс в мартовских продажах, следующий за схожим маленьким минусом в феврале, предполагает, что рынок еще выбирает направление движения в этом году. Кумулятивные продажи в первом квартале были почти на уровне прошлого года, но достигнуты значительно большим усилием участников рынка, так как покупательский спрос пока отстает от темпа, заданного год назад. Государственные субсидии для бюджетных автомобилей, доступные с марта, очевидно, также помогли в целом улучшить картину рынка за прошедший месяц.» Контакты: Ольга Зуева, координатор Комитета автопроизводителей АЕБ, olga.zueva@aebrus.ru , тел. +7 (495) 234 27 64 Юлия Щеглова, менеджер проектов по исследованию рынка и статистики АЕБ, yuliya.sheglova@aebrus.ru , тел. +7 (495) 234 27 64 -------------------------------------------------------------- Приложения: 1. Продажи новых легковых и легких коммерческих автомобилей в России за март 2019/2018 и январь-март 2019/2018 2. Продажи новых легковых и легких коммерческих автомобилей по группам за март 2019/2018 и январь-март 2019/2018 3. 25 наиболее продаваемых моделей легковых автомобилей в России за март 2019/2018 и январь-март 2019/2018",2019-04-04,"г. Автомобильный рынок в марте 2019 года увеличился на 1,8%  Продажи новых легковых и легких коммерческих автомобилей в России в марте 2019 года выросли на 1,8% • Все десять моделей, лидеров продаж новых легковых автомобилей, местного производства. Март 2019 г. ознаменовался ростом уровня продаж на 1,8 % или на 2 901 штуку по сравнению с мартом 2018 года, и составил 160 180 автомобилей (данные Комитета автопроизводителей АЕБ).",в марте 2019,
RUS Car Sales in February 2019.pdf,https://aebrus.ru/upload/iblock/424/rus-car-sales-in-february-2019.pdf,https://aebrus.ru/ru/media/press-releases/sales-of-cars-and-light-commercial-vehicles.php?SHOWALL_1=1#search,aeb_rus_sales_data\pdf\rus-car-sales-in-february-2019.pdf,aeb_rus_sales_data\text\rus-car-sales-in-february-2019.txt,6,"AEB SPONSORS 2019 – СПОНСОРЫ АЕБ 2019 • Allianz IC OJSC • Atos • Bank Credit Suisse (Moscow) • BP • BSH Bytowyje Pribory OOO • Cargill Enterprises Inc. • CHEP Rus LLC • Clifford Chance • Continental Tires RUS LLC • Creon Capital S.a.r.l • Deloitte CIS • DuPont Science & Technologies • Enel Russia • ENGIE • Eni S.p.A • Equinor Russia AS • EY • FAURECIA Automotive Development LLC • GE (General Electric International (Benelux) B.V.) • HeidelbergCement • ING Wholesale Banking in Russia • John Deere Rus, LLC • KPMG • ManpowerGroup • Mercedes-Benz Russia • Merck LLC • Messe Frankfurt Rus Ltd • MetLife • METRO AG • Michelin • Novartis Group Russia • OBI Russia • Oriflame • Porsche Russland • Procter & Gamble • PwC • Raiffeisenbank AO • ROCA • Shell Exploration & Production Services (RF) B.V. • Signify • SOGAZ Insurance Group • Total E&P Russie • Unipro PJSC • VimpelCom PJSC (Beeline) • YIT Association of European Businesses Butyrsky Val str. 68/70, bld. 1 127055 Moscow, Russia Phone: +7 (495) 234 27 64 Fax: +7 (495) 234 28 07 E-mail: info@aebrus.ru www.aebrus.ru Пресс-релиз 06 марта 2019 г. Автомобильный рынок в феврале 2019 года сократился на 3,6%  Продажи новых легковых и легких коммерческих автомобилей в России в феврале 2019 года упали на 3,6% • Все десять моделей, лидеров продаж новых легковых автомобилей, местного производства. Февраль 2019 г. ознаменовался падением уровня продаж на 3,6 % или на 4 771 штуку по сравнению с февралем 2018 года, и составил 128 406 автомобилей (данные Комитета автопроизводителей АЕБ). Комментирует Йорг Шрайбер, Председатель Комитета автопроизводителей АЕБ: «Первый раз почти за 2 года продажи в феврале показали хотя и маленькое, но снижение по сравнению с предыдущим годом. Потребительская уверенность снижается уже несколько месяцев, поэтому переход в область отрицательных значений не является полностью неожиданным. Ключевой вопрос – в каком направлении пойдет рынок в ближайшие несколько месяцев: обратно к стабильности и росту или в противоположном направлении. В настоящее время перспектива не выглядит слишком обнадеживающей. В том числе и потому, что недавно анонсированные правительством меры поддержки продаж автомобилей, например для молодых семей, слишком ограничены в объеме, чтобы произвести фундаментальные изменения». Контакты: Ольга Зуева, координатор Комитета автопроизводителей АЕБ, olga.zueva@aebrus.ru , тел. +7 (495) 234 27 64 Юлия Щеглова, менеджер проектов по исследованию рынка и статистики АЕБ, yuliya.sheglova@aebrus.ru , тел. +7 (495) 234 27 64 -------------------------------------------------------------- Приложения: 1. Продажи новых легковых и легких коммерческих автомобилей в России за февраль 2019/2018 и январь-февраль 2019/2018 2. Продажи новых легковых и легких коммерческих автомобилей по группам за февраль 2019/2018 и январь-февраль 2019/2018 3. 25 наиболее продаваемых моделей легковых автомобилей в России за февраль 2019/2018 и январь-февраль 2019/2018",2019-03-06,"г. Автомобильный рынок в феврале 2019 года сократился на 3,6%  Продажи новых легковых и легких коммерческих автомобилей в России в феврале 2019 года упали на 3,6% • Все десять моделей, лидеров продаж новых легковых автомобилей, местного производства. Февраль 2019 г. ознаменовался падением уровня продаж на 3,6 % или на 4 771 штуку по сравнению с февралем 2018 года, и составил 128 406 автомобилей (данные Комитета автопроизводителей АЕБ).",в феврале 2019,
RUS Car Sales in January 2019.pdf,https://aebrus.ru/upload/iblock/2e8/rus-car-sales-in-january-2019.pdf,https://aebrus.ru/ru/media/press-releases/sales-of-cars-and-light-commercial-vehicles.php?SHOWALL_1=1#search,aeb_rus_sales_data\pdf\rus-car-sales-in-january-2019.pdf,aeb_rus_sales_data\text\rus-car-sales-in-january-2019.txt,6,"AEB SPONSORS 2019 – СПОНСОРЫ АЕБ 2019 • Allianz IC OJSC • Atos • Bank Credit Suisse (Moscow) • BP • BSH Bytowyje Pribory OOO • Cargill Enterprises Inc. • CHEP Rus LLC • Clifford Chance • Continental Tires RUS LLC • Creon Capital S.a.r.l • Deloitte CIS • DuPont Science & Technologies • Enel Russia • ENGIE • Eni S.p.A • Equinor Russia AS • EY • FAURECIA Automotive Development LLC • GE (General Electric International (Benelux) B.V.) • HeidelbergCement • ING Wholesale Banking in Russia • John Deere Rus, LLC • KPMG • ManpowerGroup • Mercedes-Benz Russia • Merck LLC • Messe Frankfurt Rus Ltd • MetLife • METRO AG • Michelin • Novartis Group Russia • OBI Russia • Oriflame • Porsche Russland • Procter & Gamble • PwC • Raiffeisenbank AO • ROCA • Shell Exploration & Production Services (RF) B.V. • Signify • SOGAZ Insurance Group • Total E&P Russie • Unipro PJSC • VimpelCom PJSC (Beeline) • YIT Association of European Businesses Butyrsky Val str. 68/70, bld. 1 127055 Moscow, Russia Phone: +7 (495) 234 27 64 Fax: +7 (495) 234 28 07 E-mail: info@aebrus.ru www.aebrus.ru Пресс-релиз 06 февраля 2019 г. Автомобильный рынок в январе 2019 года вырос на 0,6%  Продажи новых легковых и легких коммерческих автомобилей в России в январе 2019 года выросли на 0,6% • Все десять моделей, лидеров продаж новых легковых автомобилей, местного производства. Январь 2019 г. ознаменовался увеличением уровня продаж на 0,6 % или на 600 штук по сравнению с январем 2018 года, и составил 103 064 автомобиля (данные Комитета автопроизводителей АЕБ). Комментирует Йорг Шрайбер, Председатель Комитета автопроизводителей АЕБ: «В январе автомобильный рынок остался выше 100 000 единиц, продемонстрировав небольшой рост на 0,6% по сравнению с аналогичным месяцем прошлого года. Это положительный результат, особенно учитывая повышение ставки НДС на 2% с 1 января». Контакты: Ольга Зуева, координатор Комитета автопроизводителей АЕБ, olga.zueva@aebrus.ru , тел. +7 (495) 234 27 64 Юлия Щеглова, менеджер проектов по исследованию рынка и статистики АЕБ, yuliya.sheglova@aebrus.ru , тел. +7 (495) 234 27 64 -------------------------------------------------------------- Приложения: 1. Продажи новых легковых и легких коммерческих автомобилей в России за январь 2019/2018 2. Продажи новых легковых и легких коммерческих автомобилей по группам за январь 2019/2018 3. 25 наиболее продаваемых моделей легковых автомобилей в России за январь 2019/2018",2019-02-06,"г. Автомобильный рынок в январе 2019 года вырос на 0,6%  Продажи новых легковых и легких коммерческих автомобилей в России в январе 2019 года выросли на 0,6% • Все десять моделей, лидеров продаж новых легковых автомобилей, местного производства. Январь 2019 г. ознаменовался увеличением уровня продаж на 0,6 % или на 600 штук по сравнению с январем 2018 года, и составил 103 064 автомобиля (данные Комитета автопроизводителей АЕБ).",в январе 2019,
RUS Car Sales in December 2018.pdf,https://aebrus.ru/upload/iblock/b9a/rus-car-sales-in-december-2018.pdf,https://aebrus.ru/ru/media/press-releases/sales-of-cars-and-light-commercial-vehicles.php?SHOWALL_1=1#search,aeb_rus_sales_data\pdf\rus-car-sales-in-december-2018.pdf,aeb_rus_sales_data\text\rus-car-sales-in-december-2018.txt,6,"AEB SPONSORS 2018-2019 – СПОНСОРЫ АЕБ 2018-2019 • Allianz IC OJSC • Atos • Bank Credit Suisse (Moscow) • BP • BSH Russia • Cargill Enterprises Inc. • CHEP Rus • Clifford Chance • Continental Tires RUS LLC • Crocus International • Deloitte • DuPont Science & Technologies • Enel Russia OJSC • ENGIE • Eni S.p.A • EY • FAURECIA Automotive Development LLC • GE (General Electric International (Benelux) B.V.) • HeidelbergCement • ING Wholesale Banking in Russia • John Deere Rus, LLC • KPMG • ManpowerGroup • Mercedes-Benz Russia • Merck LLC • Messe Frankfurt Rus • MetLife • METRO AG • Michelin • MOL Plc • Novartis Group • OBI Russia • Oriflame • Philips Lighting • Porsche Russland • Procter & Gamble • PwC • Raiffeisenbank AO • ROCA • Shell Exploration & Production Services (RF) B.V. • SOGAZ Insurance Group • Soglasie Insurance Company LLC • Statoil Russia AS • Total E&P Russie • Unipro PJSC • VimpelCom PJSC (Beeline) • Volkswagen Group Rus OOO • YIT• YOKOHAMA RUSSIA LLC Ассоциация европейского бизнеса Россия, 127055 Москва, Ул. Бутырский Вал 68/70, стр. 1 Тел.: +7 (495) 234 27 64 Факс: +7 (495) 234 28 07 E-mail: info@aebrus.ru www.aebrus.ru Пресс-релиз 14 января 2019 года Автомобильный рынок в 2018 году вырос на 12,8%  Продажи новых легковых и легких коммерческих автомобилей в России в декабре 2018 года выросли на 5,6 %.  Все десять моделей, лидеров продаж новых легковых автомобилей, местного производства. Декабрь 2018 г. ознаменовался увеличением уровня продаж на 5,6%, или на 9 227 штук по сравнению с декабрем 2017 года, и составил 175 240 автомобилей. В 2018 году автомобильный рынок вырос на 12,8% или на 204 854 штуки проданных новых автомобилей по сравнению с 2017 годом. В 2018 году в январе – декабре было продано 1 800 591 автомобиль (данные Комитета автопроизводителей АЕБ). Комментирует Йорг Шрайбер, Председатель Комитета автопроизводителей АЕБ: «Декабрь, с продажами на 5,6% лучше по сравнению с прошлым декабрем, подвел итог года, отмеченного 12 месячным периодом непрерывного роста. Таким образом, суммарно рынок в 2018 году достиг уровня 1,801 миллиона единиц, что составило плюс 12,8% по сравнению с предыдущим годом. Перспектива на 2019 год не столь ясна. Увеличение НДС и возможное ужесточение санкций США создают существенные риски и неопределенности на рынке, в особенности в первом квартале. Однако, основываясь на предположении о неизменности правительственной политики и неизменности поддержки автомобильного сектора, участники рынка ожидают, что фундаментально спрос будет достаточно устойчив для удержания уровня продаж и выхода на рост в течение года. С учетом этого наш прогноз на 2019 год по рынку пассажирских и легких коммерческих автомобилей в России составлен с небольшим улучшением, а именно 1,87 миллиона единиц, что на 3,6 % больше, чем в прошлом году». Контакты: Ольга Зуева, координатор Комитета автопроизводителей АЕБ, olga.zueva@aebrus.ru , тел. +7 (495) 234 27 64 Юлия Щеглова, менеджер проектов по исследованию рынка и статистики АЕБ, yuliya.sheglova@aebrus.ru , тел. +7 (495) 234 27 64 -------------------------------------------------------------- Приложения: 1. Продажи новых легковых и легких коммерческих автомобилей в России за декабрь 2018/2017 и январь-декабрь 2018/2017 2. Продажи новых легковых и легких коммерческих автомобилей по группам за декабрь 2018/2017 и январь-декабрь 2018/2017 3. 25 наиболее продаваемых моделей легковых автомобилей в России за декабрь 2018/2017 и январь-декабрь 2018/2017",2019-01-14,"года Автомобильный рынок в 2018 году вырос на 12,8%  Продажи новых легковых и легких коммерческих автомобилей в России в декабре 2018 года выросли на 5,6 %.  Все десять моделей, лидеров продаж новых легковых автомобилей, местного производства. Декабрь 2018 г. ознаменовался увеличением уровня продаж на 5,6%, или на 9 227 штук по сравнению с декабрем 2017 года, и составил 175 240 автомобилей. В 2018 году автомобильный рынок вырос на 12,8% или на 204 854 штуки проданных новых автомобилей по сравнению с 2017 годом. В 2018 году в январе – декабре было продано 1 800 591 автомобиль (данные Комитета автопроизводителей АЕБ).",в 2018 году,
RUS Car Sales in November 2018.pdf,https://aebrus.ru/upload/iblock/2bd/rus-car-sales-in-november-2018.pdf,https://aebrus.ru/ru/media/press-releases/sales-of-cars-and-light-commercial-vehicles.php?SHOWALL_1=1#search,aeb_rus_sales_data\pdf\rus-car-sales-in-november-2018.pdf,aeb_rus_sales_data\text\rus-car-sales-in-november-2018.txt,6,"AEB SPONSORS 2018 – СПОНСОРЫ АЕБ 2018 • Allianz IC OJSC • Atos • Bank Credit Suisse (Moscow) • BP • BSH Russia • Cargill Enterprises Inc. • CHEP Rus • Clifford Chance • Continental Tires RUS LLC • Crocus International • Deloitte • DuPont Science & Technologies • Enel Russia OJSC • ENGIE • Eni S.p.A • EY • FAURECIA Automotive Development LLC • GE (General Electric International (Benelux) B.V.) • HeidelbergCement • ING Wholesale Banking in Russia • John Deere Rus, LLC • KPMG • ManpowerGroup • Mercedes-Benz Russia • Merck LLC • Messe Frankfurt Rus • MetLife • METRO AG • Michelin • MOL Plc • Novartis Group • OBI Russia • Oriflame • Philips Lighting • Porsche Russland • Procter & Gamble • PwC • Raiffeisenbank AO • ROCA • Shell Exploration & Production Services (RF) B.V. • SOGAZ Insurance Group • Soglasie Insurance Company LLC • Statoil Russia AS • Total E&P Russie • Unipro PJSC • VimpelCom PJSC (Beeline) • Volkswagen Group Rus OOO • YIT• YOKOHAMA RUSSIA LLC Ассоциация европейского бизнеса Россия, 127055 Москва, Ул. Бутырский Вал 68/70, стр. 1 Тел.: +7 (495) 234 27 64 Факс: +7 (495) 234 28 07 E-mail: info@aebrus.ru www.aebrus.ru Пресс-релиз 06 декабря 2018 Автомобильный рынок в ноябре 2018 года вырос на 10,1%  Продажи новых легковых и легких коммерческих автомобилей в России в ноябре 2018 года выросли на 10,1% • Все десять моделей, лидеров продаж новых легковых автомобилей, местного производства. Ноябрь 2018 г. ознаменовался увеличением уровня продаж на 10,1% или на 15 326 штук по сравнению с ноябрем 2017 года, и составил 167 494 автомобиля (данные Комитета автопроизводителей АЕБ). В 2018 году в январе – ноябре было продано 1 625 351 автомобиль (данные Комитета автопроизводителей АЕБ). Комментирует Йорг Шрайбер, Председатель Комитета автопроизводителей АЕБ: «В ноябре продажи на автомобильном рынке продолжили демонстрировать уверенный рост. Как говорилось об этом ранее, мы можем ожидать похожий по темпу рост в декабре, так как покупатели будут спешить использовать преимущества предновогодних ценовых предложений, включая старую ставку НДС». Контакты: Ольга Зуева, координатор Комитета автопроизводителей АЕБ, olga.zueva@aebrus.ru , тел. +7 (495) 234 27 64 Юлия Щеглова, менеджер проектов по исследованию рынка и статистики АЕБ, yuliya.sheglova@aebrus.ru , тел. +7 (495) 234 27 64 -------------------------------------------------------------- Приложения: 1. Продажи новых легковых и легких коммерческих автомобилей в России за ноябрь 2018/2017 и январь-ноябрь 2018/2017 2. Продажи новых легковых и легких коммерческих автомобилей по группам за ноябрь 2018/2017 и январь-ноябрь 2018/2017 3. 25 наиболее продаваемых моделей легковых автомобилей в России за ноябрь 2018/2017 и январь-ноябрь 2018/2017",2018-12-06,"Автомобильный рынок в ноябре 2018 года вырос на 10,1%  Продажи новых легковых и легких коммерческих автомобилей в России в ноябре 2018 года выросли на 10,1% • Все десять моделей, лидеров продаж новых легковых автомобилей, местного производства. Ноябрь 2018 г. ознаменовался увеличением уровня продаж на 10,1% или на 15 326 штук по сравнению с ноябрем 2017 года, и составил 167 494 автомобиля (данные Комитета автопроизводителей АЕБ). В 2018 году в январе – ноябре было продано 1 625 351 автомобиль (данные Комитета автопроизводителей АЕБ).",в ноябре 2018,
RUS Car Sales in October 2018.pdf,https://aebrus.ru/upload/iblock/c8d/rus-car-sales-in-october-2018.pdf,https://aebrus.ru/ru/media/press-releases/sales-of-cars-and-light-commercial-vehicles.php?SHOWALL_1=1#search,aeb_rus_sales_data\pdf\rus-car-sales-in-october-2018.pdf,aeb_rus_sales_data\text\rus-car-sales-in-october-2018.txt,6,"AEB SPONSORS 2018 – СПОНСОРЫ АЕБ 2018 • Allianz IC OJSC • Atos • Bank Credit Suisse (Moscow) • BP • BSH Russia • Cargill Enterprises Inc. • CHEP Rus • Clifford Chance • Continental Tires RUS LLC • Crocus International • Deloitte • DuPont Science & Technologies • Enel Russia OJSC • ENGIE • Eni S.p.A • EY • FAURECIA Automotive Development LLC • GE (General Electric International (Benelux) B.V.) • HeidelbergCement • ING Wholesale Banking in Russia • John Deere Rus, LLC • KPMG • ManpowerGroup • Mercedes-Benz Russia • Merck LLC • Messe Frankfurt Rus • MetLife • METRO AG • Michelin • MOL Plc • Novartis Group • OBI Russia • Oriflame • Philips Lighting • Porsche Russland • Procter & Gamble • PwC • Raiffeisenbank AO • ROCA • Shell Exploration & Production Services (RF) B.V. • SOGAZ Insurance Group • Soglasie Insurance Company LLC • Statoil Russia AS • Total E&P Russie • Unipro PJSC • VimpelCom PJSC (Beeline) • Volkswagen Group Rus OOO • YIT• YOKOHAMA RUSSIA LLC Ассоциация европейского бизнеса Россия, 127055 Москва, Ул. Бутырский Вал 68/70, стр. 1 Тел.: +7 (495) 234 27 64 Факс: +7 (495) 234 28 07 E-mail: info@aebrus.ru www.aebrus.ru Пресс-релиз 07 ноября 2018 Автомобильный рынок в октябре 2018 года вырос на 8,2%  Продажи новых легковых и легких коммерческих автомобилей в России в октябре 2018 года выросли на 8,2% • Все десять моделей, лидеров продаж новых легковых автомобилей, местного производства. Октябрь 2018 г. ознаменовался увеличением уровня продаж на 8,2% или на 12 097 штук по сравнению с октябрем 2017 года, и составил 160 425 автомобилей (данные Комитета автопроизводителей АЕБ). В 2018 году в январе – октябре было продано 1 457 857 автомобилей (данные Комитета автопроизводителей АЕБ). Комментирует Йорг Шрайбер, Председатель Комитета автопроизводителей АЕБ: «На пороге последнего квартала года, российский автомобильный рынок продолжил демонстрировать уверенный рост. Однако этот приятный факт не стал сюрпризом, с учетом попутного ветра в парусах всего розничного сектора, отсчитывающего время до изменения НДС. Несмотря на то, что сейчас с продажами все в порядке, среди участников рынка растет опасение в отношении устойчивости спроса в рознице, начиная с января 2019 года». Контакты: Ольга Зуева, координатор Комитета автопроизводителей АЕБ, olga.zueva@aebrus.ru , тел. +7 (495) 234 27 64 Юлия Щеглова, менеджер проектов по исследованию рынка и статистики АЕБ, yuliya.sheglova@aebrus.ru , тел. +7 (495) 234 27 64 -------------------------------------------------------------- Приложения: 1. Продажи новых легковых и легких коммерческих автомобилей в России за октябрь 2018/2017 и январь-октябрь 2018/2017 2. Продажи новых легковых и легких коммерческих автомобилей по группам за октябрь 2018/2017 и январь-октябрь 2018/2017 3. 25 наиболее продаваемых моделей легковых автомобилей в России за октябрь 2018/2017 и январь-октябрь 2018/2017",2018-11-07,"Автомобильный рынок в октябре 2018 года вырос на 8,2%  Продажи новых легковых и легких коммерческих автомобилей в России в октябре 2018 года выросли на 8,2% • Все десять моделей, лидеров продаж новых легковых автомобилей, местного производства. Октябрь 2018 г. ознаменовался увеличением уровня продаж на 8,2% или на 12 097 штук по сравнению с октябрем 2017 года, и составил 160 425 автомобилей (данные Комитета автопроизводителей АЕБ). В 2018 году в январе – октябре было продано 1 457 857 автомобилей (данные Комитета автопроизводителей АЕБ).",в октябре 2018,
RUS Car Sales in September 2018.pdf,https://aebrus.ru/upload/iblock/3f8/rus-car-sales-in-september-2018.pdf,https://aebrus.ru/ru/media/press-releases/sales-of-cars-and-light-commercial-vehicles.php?SHOWALL_1=1#search,aeb_rus_sales_data\pdf\rus-car-sales-in-september-2018.pdf,aeb_rus_sales_data\text\rus-car-sales-in-september-2018.txt,6,"AEB SPONSORS 2018 – СПОНСОРЫ АЕБ 2018 • Allianz IC OJSC • Atos • Bank Credit Suisse (Moscow) • BP • BSH Russia • Cargill Enterprises Inc. • CHEP Rus • Clifford Chance • Continental Tires RUS LLC • Crocus International • Deloitte • DuPont Science & Technologies • Enel Russia OJSC • ENGIE • Eni S.p.A • EY • FAURECIA Automotive Development LLC • GE (General Electric International (Benelux) B.V.) • HeidelbergCement • ING Wholesale Banking in Russia • John Deere Rus, LLC • KPMG • ManpowerGroup • Mercedes-Benz Russia • Merck LLC • Messe Frankfurt Rus • MetLife • METRO AG • Michelin • MOL Plc • Novartis Group • OBI Russia • Oriflame • Philips Lighting • Porsche Russland • Procter & Gamble • PwC • Raiffeisenbank AO • ROCA • Shell Exploration & Production Services (RF) B.V. • SOGAZ Insurance Group • Soglasie Insurance Company LLC • Statoil Russia AS • Total E&P Russie • Unipro PJSC • VimpelCom PJSC (Beeline) • Volkswagen Group Rus OOO • YIT• YOKOHAMA RUSSIA LLC Ассоциация европейского бизнеса Россия, 127055 Москва, Ул. Бутырский Вал 68/70, стр. 1 Тел.: +7 (495) 234 27 64 Факс: +7 (495) 234 28 07 E-mail: info@aebrus.ru www.aebrus.ru Пресс-релиз 04 октября 2018 Автомобильный рынок в сентябре 2018 года вырос на 6,2%  Продажи новых легковых и легких коммерческих автомобилей в России в сентябре 2018 года выросли на 6,2% • Все десять моделей, лидеров продаж новых легковых автомобилей, местного производства. Сентябрь 2018 г. ознаменовался увеличением уровня продаж на 6,2% или на 9 162 штуки по сравнению с сентябрем 2017 года, и составил 157 371 автомобиль (данные Комитета автопроизводителей АЕБ). В 2018 году в январе – сентябре было продано 1 297 432 автомобиля (данные Комитета автопроизводителей АЕБ). Комментирует Йорг Шрайбер, Председатель Комитета автопроизводителей АЕБ: «В сентябре рынок продолжил демонстрировать положительную динамику, несмотря на высокую базу прошлого года. В свете текущего состояния рынка и ожидаемого увеличения НДС с января будущего года АЕБ обновил прогноз на год следующим образом: Ожидается, что в 2018 продажи легковых и легких коммерческих автомобилей превысят 1,8 млн. единиц, что означает 13% рост по сравнению с прошлым годом». Контакты: Ольга Зуева, координатор Комитета автопроизводителей АЕБ, olga.zueva@aebrus.ru , тел. +7 (495) 234 27 64 Юлия Щеглова, менеджер проектов по исследованию рынка и статистики АЕБ, yuliya.sheglova@aebrus.ru , тел. +7 (495) 234 27 64 -------------------------------------------------------------- Приложения: 1. Продажи новых легковых и легких коммерческих автомобилей в России за сентябрь 2018/2017 и январь-сентябрь 2018/2017 2. Продажи новых легковых и легких коммерческих автомобилей по группам за сентябрь 2018/2017 и январь-сентябрь 2018/2017 3. 25 наиболее продаваемых моделей легковых автомобилей в России за сентябрь 2018/2017 и январь-сентябрь 2018/2017",2018-10-04,"Автомобильный рынок в сентябре 2018 года вырос на 6,2%  Продажи новых легковых и легких коммерческих автомобилей в России в сентябре 2018 года выросли на 6,2% • Все десять моделей, лидеров продаж новых легковых автомобилей, местного производства. Сентябрь 2018 г. ознаменовался увеличением уровня продаж на 6,2% или на 9 162 штуки по сравнению с сентябрем 2017 года, и составил 157 371 автомобиль (данные Комитета автопроизводителей АЕБ). В 2018 году в январе – сентябре было продано 1 297 432 автомобиля (данные Комитета автопроизводителей АЕБ).",в сентябре 2018,
RUS Car Sales in August 2018.pdf,https://aebrus.ru/upload/iblock/d89/rus-car-sales-in-august-2018.pdf,https://aebrus.ru/ru/media/press-releases/sales-of-cars-and-light-commercial-vehicles.php?SHOWALL_1=1#search,aeb_rus_sales_data\pdf\rus-car-sales-in-august-2018.pdf,aeb_rus_sales_data\text\rus-car-sales-in-august-2018.txt,6,"AEB SPONSORS 2018 – СПОНСОРЫ АЕБ 2018 • Allianz IC OJSC • Atos • Bank Credit Suisse (Moscow) • BP • BSH Russia • Cargill Enterprises Inc. • CHEP Rus • Clifford Chance • Continental Tires RUS LLC • Crocus International • Deloitte • DuPont Science & Technologies • Enel Russia OJSC • ENGIE • Eni S.p.A • EY • FAURECIA Automotive Development LLC • GE (General Electric International (Benelux) B.V.) • HeidelbergCement • ING Wholesale Banking in Russia • John Deere Rus, LLC • KPMG • ManpowerGroup • Mercedes-Benz Russia • Merck LLC • Messe Frankfurt Rus • MetLife • METRO AG • Michelin • MOL Plc • Novartis Group • OBI Russia • Oriflame • Philips Lighting • Porsche Russland • Procter & Gamble • PwC • Raiffeisenbank AO • ROCA • Shell Exploration & Production Services (RF) B.V. • SOGAZ Insurance Group • Soglasie Insurance Company LLC • Statoil Russia AS • Total E&P Russie • Unipro PJSC • VimpelCom PJSC (Beeline) • Volkswagen Group Rus OOO • YIT• YOKOHAMA RUSSIA LLC Ассоциация европейского бизнеса Россия, 127055 Москва, Ул. Бутырский Вал 68/70, стр. 1 Тел.: +7 (495) 234 27 64 Факс: +7 (495) 234 28 07 E-mail: info@aebrus.ru www.aebrus.ru Пресс-релиз 06 сентября 2018 Автомобильный рынок в августе 2018 года вырос на 11,0%  Продажи новых легковых и легких коммерческих автомобилей в России в августе 2018 года выросли на 11,0% • Все десять моделей, лидеров продаж новых легковых автомобилей, местного производства. Август 2018 г. ознаменовался увеличением уровня продаж на 11,0% или на 14 644 штуки по сравнению с августом 2017 года, и составил 147 388 автомобилей (данные Комитета автопроизводителей АЕБ). В 2018 году в январе – августе был продан 1 140 061 автомобиль (данные Комитета автопроизводителей АЕБ). Комментирует Йорг Шрайбер, Председатель Комитета автопроизводителей АЕБ: «С начала этого года восстановление рынка шло хорошими темпами с достижением 18% роста год к году к концу июля. В августе этот тренд продолжился, поддерживаемый пиком спонтанных покупок, связанных с недавним ослаблением рубля. В ближайшие месяцы рост, вероятно, продолжится, так как планируемое с января 2019 года повышение НДС в любом случае обеспечит высокий уровень спроса до конца текущего года». Контакты: Ольга Зуева, координатор Комитета автопроизводителей АЕБ, olga.zueva@aebrus.ru , тел. +7 (495) 234 27 64 Юлия Щеглова, менеджер проектов по исследованию рынка и статистики АЕБ, yuliya.sheglova@aebrus.ru , тел. +7 (495) 234 27 64 -------------------------------------------------------------- Приложения: 1. Продажи новых легковых и легких коммерческих автомобилей в России за август 2018/2017 и январь-август 2018/2017 2. Продажи новых легковых и легких коммерческих автомобилей по группам за август 2018/2017 и январь-август 2018/2017 3. 25 наиболее продаваемых моделей легковых автомобилей в России за август 2018/2017 и январь-август 2018/2017",2018-09-06,"Автомобильный рынок в августе 2018 года вырос на 11,0%  Продажи новых легковых и легких коммерческих автомобилей в России в августе 2018 года выросли на 11,0% • Все десять моделей, лидеров продаж новых легковых автомобилей, местного производства. Август 2018 г. ознаменовался увеличением уровня продаж на 11,0% или на 14 644 штуки по сравнению с августом 2017 года, и составил 147 388 автомобилей (данные Комитета автопроизводителей АЕБ). В 2018 году в январе – августе был продан 1 140 061 автомобиль (данные Комитета автопроизводителей АЕБ).",в августе 2018,
RUS Car Sales in July 2018.pdf,https://aebrus.ru/upload/iblock/a7b/rus-car-sales-in-july-2018.pdf,https://aebrus.ru/ru/media/press-releases/sales-of-cars-and-light-commercial-vehicles.php?SHOWALL_1=1#search,aeb_rus_sales_data\pdf\rus-car-sales-in-july-2018.pdf,aeb_rus_sales_data\text\rus-car-sales-in-july-2018.txt,6,"AEB SPONSORS 2018 – СПОНСОРЫ АЕБ 2018 • Allianz IC OJSC • Atos • Bank Credit Suisse (Moscow) • BP • BSH Russia • Cargill Enterprises Inc. • CHEP Rus • Clifford Chance • Continental Tires RUS LLC • Crocus International • Deloitte • DuPont Science & Technologies • Enel Russia OJSC • ENGIE • Eni S.p.A • EY • FAURECIA Automotive Development LLC • GE (General Electric International (Benelux) B.V.) • HeidelbergCement • ING Wholesale Banking in Russia • John Deere Rus, LLC • KPMG • ManpowerGroup • Mercedes-Benz Russia • Merck LLC • Messe Frankfurt Rus • MetLife • METRO AG • Michelin • MOL Plc • Novartis Group • OBI Russia • Oriflame • Philips Lighting • Porsche Russland • Procter & Gamble • PwC • Raiffeisenbank AO • ROCA • Shell Exploration & Production Services (RF) B.V. • SOGAZ Insurance Group • Soglasie Insurance Company LLC • Statoil Russia AS • Total E&P Russie • Unipro PJSC • VimpelCom PJSC (Beeline) • Volkswagen Group Rus OOO • YIT• YOKOHAMA RUSSIA LLC Ассоциация европейского бизнеса Россия, 127055 Москва, Ул. Бутырский Вал 68/70, стр. 1 Тел.: +7 (495) 234 27 64 Факс: +7 (495) 234 28 07 E-mail: info@aebrus.ru www.aebrus.ru Пресс-релиз 06 августа 2018 Автомобильный рынок в июля 2018 года вырос на 10,6%  Продажи новых легковых и легких коммерческих автомобилей в России в июле 2018 года выросли на 10,6% • Все десять моделей, лидеров продаж новых легковых автомобилей, местного производства. Июль 2018 г. ознаменовался увеличением уровня продаж на 10,6% или на 13 796 штук по сравнению с июлем 2017 года, и составил 143 452 автомобиля (данные Комитета автопроизводителей АЕБ). В 2018 году в январе – июле было продано 992 673 автомобиля (данные Комитета автопроизводителей АЕБ). Комментирует Йорг Шрайбер, Председатель Комитета автопроизводителей АЕБ: «Июль не принёс фундаментальных изменений. Рынок продаж продолжил восстановление с комфортным для себя двузначным показателем уже 15-й месяц подряд. Основным драйвером роста остается позитивная тенденция в росте доверия потребителя, подталкивающая его, наконец, сменить свой старый автомобиль на новый». Контакты: Ольга Зуева, координатор Комитета автопроизводителей АЕБ, olga.zueva@aebrus.ru , тел. +7 (495) 234 27 64 Юлия Щеглова, менеджер проектов по исследованию рынка и статистики АЕБ, yuliya.sheglova@aebrus.ru , тел. +7 (495) 234 27 64 -------------------------------------------------------------- Приложения: 1. Продажи новых легковых и легких коммерческих автомобилей в России за июль 2018/2017 и январь-июль 2018/2017 2. Продажи новых легковых и легких коммерческих автомобилей по группам за июль 2018/2017 и январь-июль 2018/2017 3. 25 наиболее продаваемых моделей легковых автомобилей в России за июль 2018/2017 и январь-июль 2018/2017",2018-08-06,"Автомобильный рынок в июля 2018 года вырос на 10,6%  Продажи новых легковых и легких коммерческих автомобилей в России в июле 2018 года выросли на 10,6% • Все десять моделей, лидеров продаж новых легковых автомобилей, местного производства. Июль 2018 г. ознаменовался увеличением уровня продаж на 10,6% или на 13 796 штук по сравнению с июлем 2017 года, и составил 143 452 автомобиля (данные Комитета автопроизводителей АЕБ). В 2018 году в январе – июле было продано 992 673 автомобиля (данные Комитета автопроизводителей АЕБ).",в июля 2018,
RUS Car Sales in June 2018.pdf,https://aebrus.ru/upload/iblock/936/rus-car-sales-in-june-2018.pdf,https://aebrus.ru/ru/media/press-releases/sales-of-cars-and-light-commercial-vehicles.php?SHOWALL_1=1#search,aeb_rus_sales_data\pdf\rus-car-sales-in-june-2018.pdf,aeb_rus_sales_data\text\rus-car-sales-in-june-2018.txt,6,"AEB SPONSORS 2018 – СПОНСОРЫ АЕБ 2018 • Allianz IC OJSC • Atos • Bank Credit Suisse (Moscow) • BP • BSH Russia • Cargill Enterprises Inc. • CHEP Rus • Clifford Chance • Continental Tires RUS LLC • Crocus International • Deloitte • DuPont Science & Technologies • Enel Russia OJSC • ENGIE • Eni S.p.A • EY • FAURECIA Automotive Development LLC • GE (General Electric International (Benelux) B.V.) • HeidelbergCement • ING Wholesale Banking in Russia • John Deere Rus, LLC • KPMG • ManpowerGroup • Mercedes-Benz Russia • Merck LLC • Messe Frankfurt Rus • MetLife • METRO AG • Michelin • MOL Plc • Novartis Group • OBI Russia • Oriflame • Philips Lighting • Porsche Russland • Procter & Gamble • PwC • Raiffeisenbank AO • ROCA • Shell Exploration & Production Services (RF) B.V. • SOGAZ Insurance Group • Soglasie Insurance Company LLC • Statoil Russia AS • Total E&P Russie • Unipro PJSC • VimpelCom PJSC (Beeline) • Volkswagen Group Rus OOO • YIT• YOKOHAMA RUSSIA LLC Ассоциация европейского бизнеса Россия, 127055 Москва, Ул. Бутырский Вал 68/70, стр. 1 Тел.: +7 (495) 234 27 64 Факс: +7 (495) 234 28 07 E-mail: info@aebrus.ru www.aebrus.ru Пресс-релиз 05 июля 2018 Автомобильный рынок в июне 2018 года вырос на 10,8%  Продажи новых легковых и легких коммерческих автомобилей в России в июне 2018 года выросли на 10,8% • Все десять моделей, лидеров продаж новых легковых автомобилей, местного производства. Июнь 2018 г. ознаменовался увеличением уровня продаж на 10,8% или на 15 261 штуку по сравнению с июнем 2017 года, и составил 156 351 автомобиль (данные Комитета автопроизводителей АЕБ). В 2018 году в январе – июне было продано 849 221 автомобилей (данные Комитета автопроизводителей АЕБ). Комментирует Йорг Шрайбер, Председатель Комитета автопроизводителей АЕБ: «Темп восстановления рынка в июне чуть замедлился по сравнению с тем, что мы видели до этого в текущем году. Тем не менее, почти 11%-ное улучшение по отношению к июню прошлого года – это очень приличный результат, особенно в свете проходящего в России Чемпионата мира по футболу. Кроме того, из-за активных продаж в предыдущие месяцы складские запасы существенно снизились во всей индустрии, что, хотя и временно, сказалось на росте продаж. В целом первая половина 2018 года была успешной для российского автомобильного рынка, и имеются все причины верить, что позитивное развитие продолжится в ближайшие месяцы». Контакты: Ольга Зуева, координатор Комитета автопроизводителей АЕБ, olga.zueva@aebrus.ru , тел. +7 (495) 234 27 64 Юлия Щеглова, менеджер проектов по исследованию рынка и статистики АЕБ, yuliya.sheglova@aebrus.ru , тел. +7 (495) 234 27 64 -------------------------------------------------------------- Приложения: 1. Продажи новых легковых и легких коммерческих автомобилей в России за июнь 2018/2017 и январь-июнь 2018/2017 2. Продажи новых легковых и легких коммерческих автомобилей по группам за июнь 2018/2017 и январь-июнь 2018/2017 3. 25 наиболее продаваемых моделей легковых автомобилей в России за июнь 2018/2017 и январь-июнь 2018/2017",2018-07-05,"Автомобильный рынок в июне 2018 года вырос на 10,8%  Продажи новых легковых и легких коммерческих автомобилей в России в июне 2018 года выросли на 10,8% • Все десять моделей, лидеров продаж новых легковых автомобилей, местного производства. Июнь 2018 г. ознаменовался увеличением уровня продаж на 10,8% или на 15 261 штуку по сравнению с июнем 2017 года, и составил 156 351 автомобиль (данные Комитета автопроизводителей АЕБ). В 2018 году в январе – июне было продано 849 221 автомобилей (данные Комитета автопроизводителей АЕБ).",в июне 2018,
RUS Car Sales in May 2018.pdf,https://aebrus.ru/upload/iblock/a18/rus-car-sales-in-may-2018.pdf,https://aebrus.ru/ru/media/press-releases/sales-of-cars-and-light-commercial-vehicles.php?SHOWALL_1=1#search,aeb_rus_sales_data\pdf\rus-car-sales-in-may-2018.pdf,aeb_rus_sales_data\text\rus-car-sales-in-may-2018.txt,6,"AEB SPONSORS 2018 – СПОНСОРЫ АЕБ 2018 • Allianz IC OJSC • Atos • Bank Credit Suisse (Moscow) • BP • BSH Russia • Cargill Enterprises Inc. • CHEP Rus • Clifford Chance • Continental Tires RUS LLC • Crocus International • Deloitte • DuPont Science & Technologies • Enel Russia OJSC • ENGIE • Eni S.p.A • EY • FAURECIA Automotive Development LLC • GE (General Electric International (Benelux) B.V.) • HeidelbergCement • ING Wholesale Banking in Russia • John Deere Rus, LLC • KPMG • ManpowerGroup • Mercedes-Benz Russia • Merck LLC • Messe Frankfurt Rus • MetLife • METRO AG • Michelin • MOL Plc • Novartis Group • OBI Russia • Oriflame • Philips Lighting • Porsche Russland • Procter & Gamble • PwC • Raiffeisenbank AO • ROCA • Shell Exploration & Production Services (RF) B.V. • SOGAZ Insurance Group • Soglasie Insurance Company LLC • Statoil Russia AS • Total E&P Russie • Unipro PJSC • VimpelCom PJSC (Beeline) • Volkswagen Group Rus OOO • YIT• YOKOHAMA RUSSIA LLC Ассоциация европейского бизнеса Россия, 127055 Москва, Ул. Бутырский Вал 68/70, стр. 1 Тел.: +7 (495) 234 27 64 Факс: +7 (495) 234 28 07 E-mail: info@aebrus.ru www.aebrus.ru Пресс-релиз 06 июня 2018 Автомобильный рынок в мае 2018 года вырос на 18%  Продажи новых легковых и легких коммерческих автомобилей в России в мае 2018 года выросли на 18% • Все десять моделей, лидеров продаж новых легковых автомобилей, местного производства. Май 2018 г. ознаменовался увеличением уровня продаж на 18% или на 22 524 штуки по сравнению с маем 2017 года, и составил 147 525 автомобилей (данные Комитета автопроизводителей АЕБ). В 2018 году в январе – мае было продано 692 870 автомобилей (данные Комитета автопроизводителей АЕБ). Комментирует Йорг Шрайбер, Председатель Комитета автопроизводителей АЕБ: «В мае российский автомобильный рынок продолжил свое уверенное восстановление с улучшением на 18% по сравнению с тем же месяцем прошлого года. Суммарный прирост объема продаж в первые пять месяцев текущего года находится у отметки в 20% - существенный шаг вперед по сравнению с 5% ростом, показанным в 2017 году. Этот обнадеживающий тренд отражает позитивную динамику в ритейле в целом, и сопровождается устойчивым ростом потребительской уверенности. В последние недели продажи автомобилей в особенности выиграли от более слабого рубля, подсказывающего покупателям не откладывать приобретение автомобиля. Остается выяснить, окажет ли этот фактор обратный эффект на будущее поведение розничных продаж, и до какой степени». Контакты: Ольга Зуева, координатор Комитета автопроизводителей АЕБ, olga.zueva@aebrus.ru , тел. +7 (495) 234 27 64 Юлия Щеглова, менеджер проектов по исследованию рынка и статистики АЕБ, yuliya.sheglova@aebrus.ru , тел. +7 (495) 234 27 64 -------------------------------------------------------------- Приложения: 1. Продажи новых легковых и легких коммерческих автомобилей в России за май 2018/2017 и январь-май 2018/2017 2. Продажи новых легковых и легких коммерческих автомобилей по группам за май 2018/2017 и январь-май 2018/2017 3. 25 наиболее продаваемых моделей легковых автомобилей в России за май 2018/2017 и январь-май 2018/2017",2018-06-06,"Автомобильный рынок в мае 2018 года вырос на 18%  Продажи новых легковых и легких коммерческих автомобилей в России в мае 2018 года выросли на 18% • Все десять моделей, лидеров продаж новых легковых автомобилей, местного производства. Май 2018 г. ознаменовался увеличением уровня продаж на 18% или на 22 524 штуки по сравнению с маем 2017 года, и составил 147 525 автомобилей (данные Комитета автопроизводителей АЕБ). В 2018 году в январе – мае было продано 692 870 автомобилей (данные Комитета автопроизводителей АЕБ).",в мае 2018,
RUS Car Sales in April 2018.pdf,https://aebrus.ru/upload/iblock/0d9/rus-car-sales-in-april-2018.pdf,https://aebrus.ru/ru/media/press-releases/sales-of-cars-and-light-commercial-vehicles.php?SHOWALL_1=1#search,aeb_rus_sales_data\pdf\rus-car-sales-in-april-2018.pdf,aeb_rus_sales_data\text\rus-car-sales-in-april-2018.txt,6,"AEB SPONSORS 2018 – СПОНСОРЫ АЕБ 2018 • Allianz IC OJSC • Atos • Bank Credit Suisse (Moscow) • BP • BSH Russia • Cargill Enterprises Inc. • CHEP Rus • Clifford Chance • Continental Tires RUS LLC • Crocus International • Deloitte • DuPont Science & Technologies • Enel Russia OJSC • ENGIE • Eni S.p.A • EY • FAURECIA Automotive Development LLC • GE (General Electric International (Benelux) B.V.) • HeidelbergCement • ING Wholesale Banking in Russia • John Deere Rus, LLC • KPMG • ManpowerGroup • Mercedes-Benz Russia • Merck LLC • Messe Frankfurt Rus • MetLife • METRO AG • Michelin • MOL Plc • Novartis Group • OBI Russia • Oriflame • Philips Lighting • Porsche Russland • Procter & Gamble • PwC • Raiffeisenbank AO • ROCA • Shell Exploration & Production Services (RF) B.V. • SOGAZ Insurance Group • Soglasie Insurance Company LLC • Statoil Russia AS • Total E&P Russie • Unipro PJSC • VimpelCom PJSC (Beeline) • Volkswagen Group Rus OOO • YIT• YOKOHAMA RUSSIA LLC Ассоциация европейского бизнеса Россия, 127055 Москва, Ул. Бутырский Вал 68/70, стр. 1 Тел.: +7 (495) 234 27 64 Факс: +7 (495) 234 28 07 E-mail: info@aebrus.ru www.aebrus.ru Press-release 08 мая 2018 Автомобильный рынок в апреле 2018 года вырос на 17,6%  Продажи новых легковых и легких коммерческих автомобилей в России в апреле 2018 года выросли на 17,6% • Все десять моделей, лидеров продаж новых легковых автомобилей, местного производства. Апрель 2018 г. ознаменовался увеличением уровня продаж на 17,6% или на 22 796 штуки по сравнению с апрелем 2017 года, и составил 152 425 автомобилей (данные Комитета автопроизводителей АЕБ). В 2018 году в январе – апреле было продано 545 345 автомобилей (данные Комитета автопроизводителей АЕБ). Комментирует Йорг Шрайбер, Председатель Комитета автопроизводителей АЕБ: «Успешный месяц для российского автомобильного рынка, повторяющий двузначный рост объема продаж, характерный для прошлого года. Аппетит покупателей не утихает, что поддерживается растущим выбором новых моделей, предложенных по привлекательным ценам. Заметное ослабление рубля в последние недели стало непредвиденным фактором, мотивирующим покупателей ускорить приобретение нового автомобиля в ожидании потенциального повышения цен. В результате резко выросло число заказов на новые автомобили, что является отличной новостью для статистики продаж в краткосрочной перспективе». Контакты: Ольга Зуева, координатор Комитета автопроизводителей АЕБ, olga.zueva@aebrus.ru , тел. +7 (495) 234 27 64 Юлия Щеглова, менеджер проектов по исследованию рынка и статистики АЕБ, yuliya.sheglova@aebrus.ru , тел. +7 (495) 234 27 64 -------------------------------------------------------------- Приложения: 1. Продажи новых легковых и легких коммерческих автомобилей в России за апрель 2018/2017 и январь-апрель 2018/2017 2. Продажи новых легковых и легких коммерческих автомобилей по группам за апрель 2018/2017 и январь-апрель 2018/2017 3. 25 наиболее продаваемых моделей легковых автомобилей в России за апрель 2018/2017 и январь-апрель 2018/2017",2018-05-08,,,
RUS Car Sales in March 2018.pdf,https://aebrus.ru/upload/iblock/3a2/rus-car-sales-in-march-2018.pdf,https://aebrus.ru/ru/media/press-releases/sales-of-cars-and-light-commercial-vehicles.php?SHOWALL_1=1#search,aeb_rus_sales_data\pdf\rus-car-sales-in-march-2018.pdf,aeb_rus_sales_data\text\rus-car-sales-in-march-2018.txt,6,"AEB SPONSORS 2018 – СПОНСОРЫ АЕБ 2018 • Allianz IC OJSC • Atos • Bank Credit Suisse (Moscow) • BP • BSH Russia • Cargill Enterprises Inc. • CHEP Rus • Clifford Chance • Continental Tires RUS LLC • Crocus International • Deloitte • DuPont Science & Technologies • Enel Russia OJSC • ENGIE • Eni S.p.A • EY • FAURECIA Automotive Development LLC • GE (General Electric International (Benelux) B.V.) • HeidelbergCement • ING Wholesale Banking in Russia • John Deere Rus, LLC • KPMG • ManpowerGroup • Mercedes-Benz Russia • Merck LLC • Messe Frankfurt Rus • MetLife • METRO AG • Michelin • MOL Plc • Novartis Group • OBI Russia • Oriflame • Philips Lighting • Porsche Russland • Procter & Gamble • PwC • Raiffeisenbank AO • ROCA • Shell Exploration & Production Services (RF) B.V. • SOGAZ Insurance Group • Soglasie Insurance Company LLC • Statoil Russia AS • Total E&P Russie • Unipro PJSC • VimpelCom PJSC (Beeline) • Volkswagen Group Rus OOO • YIT• YOKOHAMA RUSSIA LLC Ассоциация европейского бизнеса Россия, 127055 Москва, Ул. Бутырский Вал 68/70, стр. 1 Тел.: +7 (495) 234 27 64 Факс: +7 (495) 234 28 07 E-mail: info@aebrus.ru www.aebrus.ru Press-release 05 апреля 2018 Автомобильный рынок в марте 2018 года вырос на 13,9%  Продажи новых легковых и легких коммерческих автомобилей в России в марте 2018 года выросли на 13,9% • Все десять моделей, лидеров продаж новых легковых автомобилей, местного производства. Март 2018 г. ознаменовался увеличением уровня продаж на 13,9% или на 19 219 штуки по сравнению с мартом 2017 года, и составил 157 279 автомобилей (данные Комитета автопроизводителей АЕБ). В 2018 году в январе – марте было продано 392 920 автомобилей (данные Комитета автопроизводителей АЕБ). Комментирует Йорг Шрайбер, Председатель Комитета автопроизводителей АЕБ: «Март, в котором уверенным темпом продолжился рост рынка, стал 12 месяцем в периоде непрерывного восстановления год к году. С этого момента будет значительно труднее, хотя с другой стороны гораздо более ценно для рынка, достичь существенного роста на постоянной основе. Участники рынка согласны, что дальнейший рост - наиболее вероятный сценарий на 2018 год. Прогноз членов АЕБ - улучшение общих продаж примерно на 10% по сравнению с 2017 годом до уровня 1,75 млн. штук». Контакты: Ольга Зуева, координатор Комитета автопроизводителей АЕБ, olga.zueva@aebrus.ru , тел. +7 (495) 234 27 64 Юлия Щеглова, менеджер проектов по исследованию рынка и статистики АЕБ, yuliya.sheglova@aebrus.ru , тел. +7 (495) 234 27 64 -------------------------------------------------------------- Приложения: 1. Продажи новых легковых и легких коммерческих автомобилей в России за март 2018/2017 и январь-март 2018/2017 2. Продажи новых легковых и легких коммерческих автомобилей по группам за март 2018/2017 и январь-март 2018/2017 3. 25 наиболее продаваемых моделей легковых автомобилей в России за март 2018/2017 и январь-март 2018/2017",2018-04-05,,,
RUS Car Sales in February 2018.pdf,https://aebrus.ru/upload/iblock/34c/rus-car-sales-in-february-2018.pdf,https://aebrus.ru/ru/media/press-releases/sales-of-cars-and-light-commercial-vehicles.php?SHOWALL_1=1#search,aeb_rus_sales_data\pdf\rus-car-sales-in-february-2018.pdf,aeb_rus_sales_data\text\rus-car-sales-in-february-2018.txt,6,"AEB SPONSORS 2018 – СПОНСОРЫ АЕБ 2018 • Allianz IC OJSC • Atos • Bank Credit Suisse (Moscow) • BP • BSH Russia • Cargill Enterprises Inc. • CHEP Rus • Clifford Chance • Continental Tires RUS LLC • Crocus International • Deloitte • DuPont Science & Technologies • Enel Russia OJSC • ENGIE • Eni S.p.A • EY • FAURECIA Automotive Development LLC • GE (General Electric International (Benelux) B.V.) • HeidelbergCement • ING Wholesale Banking in Russia • John Deere Rus, LLC • KPMG • ManpowerGroup • Mercedes-Benz Russia • Merck LLC • Messe Frankfurt Rus • MetLife • METRO AG • Michelin • MOL Plc • Novartis Group • OBI Russia • Oriflame • Philips Lighting • Porsche Russland • Procter & Gamble • PwC • Raiffeisenbank AO • ROCA • Shell Exploration & Production Services (RF) B.V. • SOGAZ Insurance Group • Soglasie Insurance Company LLC • Statoil Russia AS • Total E&P Russie • Unipro PJSC • VimpelCom PJSC (Beeline) • Volkswagen Group Rus OOO • YIT• YOKOHAMA RUSSIA LLC Ассоциация европейского бизнеса Россия, 127055 Москва, Ул. Бутырский Вал 68/70, стр. 1 Тел.: +7 (495) 234 27 64 Факс: +7 (495) 234 28 07 E-mail: info@aebrus.ru www.aebrus.ru Press-release 06 марта 2018 Автомобильный рынок в феврале 2018 года вырос на 24,7%  Продажи новых легковых и легких коммерческих автомобилей в России в феврале 2018 года выросли на 24,7% • Все десять моделей, лидеров продаж новых легковых автомобилей, местного производства. Февраль 2018 г. ознаменовался увеличением уровня продаж на 24,7%или на 26 393 штуки по сравнению с февралем 2017 года, и составил 133 177 автомобилей (данные Комитета автопроизводителей АЕБ). В 2018 году в январе – феврале было продано 235 641 автомобиль (данные Комитета автопроизводителей АЕБ). Комментирует Йорг Шрайбер, Председатель Комитета автопроизводителей АЕБ: «В феврале российский автомобильный рынок продолжил демонстрировать здоровое развитие, раздвигая непрерывный ряд роста года к году до солидных 12 месяцев. Более чем 27% улучшение в первые 2 месяца – впечатляющий момент для рынка, уставшего от плохих новостей, поступавших еще год назад. Двигаясь вперед, надо сказать, что прогноз рынка остается положительным, но разумно ожидать, что восстановление при сравнении результатов год к году будет замедляться за счет роста базы, который начался в мартe прошлого года». Контакты: Ольга Зуева, координатор Комитета автопроизводителей АЕБ, olga.zueva@aebrus.ru , тел. +7 (495) 234 27 64 Юлия Щеглова, менеджер проектов по исследованию рынка и статистики АЕБ, yuliya.sheglova@aebrus.ru , тел. +7 (495) 234 27 64 -------------------------------------------------------------- Приложения: 1. Продажи новых легковых и легких коммерческих автомобилей в России за февраль 2018/2017 и январь-февраль 2018/2017 2. Продажи новых легковых и легких коммерческих автомобилей по группам за февраль 2018/2017 и январь-февраль 2018/2017 3. 25 наиболее продаваемых моделей легковых автомобилей в России за февраль 2018/2017 и январь-февраль 2018/2017",2018-03-06,,,
RUS Car Sales in January 2018.pdf,https://aebrus.ru/upload/iblock/70a/rus-car-sales-in-january-2018.pdf,https://aebrus.ru/ru/media/press-releases/sales-of-cars-and-light-commercial-vehicles.php?SHOWALL_1=1#search,aeb_rus_sales_data\pdf\rus-car-sales-in-january-2018.pdf,aeb_rus_sales_data\text\rus-car-sales-in-january-2018.txt,6,"AEB SPONSORS 2018 – СПОНСОРЫ АЕБ 2018 • Allianz IC OJSC • Atos • Bank Credit Suisse (Moscow) • BP • BSH Russia • Cargill Enterprises Inc. • CHEP Rus • Clifford Chance • Continental Tires RUS LLC • Crocus International • Deloitte • DuPont Science & Technologies • Enel Russia OJSC • ENGIE • Eni S.p.A • EY • FAURECIA Automotive Development LLC • GE (General Electric International (Benelux) B.V.) • HeidelbergCement • ING Wholesale Banking in Russia • John Deere Rus, LLC • KPMG • ManpowerGroup • Mercedes-Benz Russia • Merck LLC • Messe Frankfurt Rus • MetLife • METRO AG • Michelin • MOL Plc • Novartis Group • OBI Russia • Oriflame • Porsche Russland • Procter & Gamble • PwC • Raiffeisenbank AO • ROCA • Shell Exploration & Production Services (RF) B.V. • SOGAZ Insurance Group • Soglasie Insurance Company LLC • Statoil Russia AS • Total E&P Russie • Unipro PJSC • VimpelCom PJSC (Beeline) • Volkswagen Group Rus OOO • YIT• YOKOHAMA RUSSIA LLC Association of European Businesses Butyrsky Val str. 68/70, bld. 1 127055 Moscow, Russia Phone: +7 (495) 234 27 64 Fax: +7 (495) 234 28 07 E-mail: info@aebrus.ru www.aebrus.ru Press-release 06 February 2018 Автомобильный рынок в январе 2018 года вырос на 31,3%  Продажи новых легковых и легких коммерческих автомобилей в России в январе 2018 года выросли на 31,3% • Все десять моделей, лидеров продаж новых легковых автомобилей, местного производства. Январь 2018 г. ознаменовался увеличением уровня продаж на 31,3 % или на 24 428 штук по сравнению с январем 2017 года, и составил 102 464 автомобиля (данные Комитета автопроизводителей АЕБ). Комментирует Йорг Шрайбер, Председатель Комитета автопроизводителей АЕБ: «Мощный старт российского автомобильного рынка в 2018 году. 31% рост, частично вызванный низкой базой прошлого года, примечателен в том смысле, что является наибольшим месячным увеличением год к году, начиная с 2011 года. Можно ожидать позитивной динамики продаж в короткой перспективе, хотя, вероятно, с меньшим размахом. Покупатели хорошо реагируют на текущие предложения на рынке, понимая, что специальные условия на автомобили 2017 года производства ограничены по той причине, что распродажа соответствующих дилерских стоков происходит быстрее, чем в прошлые годы». Контакты: Ольга Зуева, координатор Комитета автопроизводителей АЕБ, olga.zueva@aebrus.ru , тел. +7 (495) 234 27 64 Юлия Щеглова, менеджер проектов по исследованию рынка и статистики АЕБ, yuliya.sheglova@aebrus.ru , тел. +7 (495) 234 27 64 -------------------------------------------------------------- Приложения: 1. Продажи новых легковых и легких коммерческих автомобилей в России за январь 2018/2017 2. Продажи новых легковых и легких коммерческих автомобилей по группам за январь 2018/2017 3. 25 наиболее продаваемых моделей легковых автомобилей в России за январь 2018/2017",,,,
Sales_in_December_2012_Rus_final_file_releases_2013_01_15_13_09_00.pdf,https://aebrus.ru/upload/iblock/2fb/2fbd04c19e169eb1f76d57475ade91f5.pdf,https://aebrus.ru/ru/media/press-releases/sales-of-cars-and-light-commercial-vehicles.php?SHOWALL_1=1#search,aeb_rus_sales_data\pdf\2fbd04c19e169eb1f76d57475ade91f5.pdf,aeb_rus_sales_data\text\2fbd04c19e169eb1f76d57475ade91f5.txt,5,"AEB SPONSORS 2012-2013 1C:BIT Allianz IC OJSC Alstom Aon Hewitt Atos Bank Credit Suisse (Moscow) Bank WestLB Vostok ZAO BP BSH Group Cargill Enterprises Inc. Clifford Chance CMS, Russia Continental Tires RUS LLC Deloitte DHL DuPont Science & Technologies E.ON Ruhrgas AG Enel OGK 5 Eni S.p.A Ernst & Young GDF SUEZ Gestamp Russia HeidelbergCement In2Matrix, LLC ING Commercial Banking INVESTMENT COMPANY IC RUSS-INVEST John Deere Agricultural Holdings, Inc. KPMG LEROY MERLIN Russia MAN Truck & Bus AG MasterCard Mazars Mercedes-Benz Russia Messe Frankfurt Rus, O.O.O METRO Group Michelin MOL Plc Novartis Group OBI Russia Oranta Peugeot Citroen Rus Pirelli Tyre Russia PwC Procter & Gamble Raiffeisenbank ZAO ROCA SERVIER Shell Exploration & Production Services (RF) B.V. Statoil ASA Strana Detey Telenor Russia AS TMF Russia Total E&P Russie Volkswagen Group Rus OOO Volvo Cars LLC VSK YIT Rakennus Representative Office YOKOHAMA RUSSIA LLC Zurich Insurance Company Москва, 15 января 2013 Пресс-релиз В 2013 году рынок останется на уровне 2012 года.  Продажи новых легковых и легких коммерческих автомобилей в России выросли на 11% в 2012 году и только на 1% в декабре 2012 года.  В десятке лидеров по моделям среди новых легковых автомобильных марок по итогам года все модели местного производства  По прогнозу Комитета автопроизводителей АЕБ, в 2013 году продажи составят 2.95 млн. автомобилей В 2012 г. российский автомобильный рынок вырос на 11% или на 281.308 штук проданных новых легковых и легких коммерческих автомобилей по сравнению с 2011 годом (данные Комитета автопроизводителей АЕБ). Рост в декабре 2012 г. составил всего лишь 1 % или всего на 1.467 штук проданных новых легковых и легких коммерческих автомобилей больше по сравнению с тем же периодом в 2011 году. Всего в декабре продано 253.158 автомобилей. Комментирует Йорг Шрайбер, Председатель Комитета автопроизводителей АЕБ: «Декабрь 2012 года ознаменовался незначительным ростом продаж относительно аналогичного периода предшествующего года. Это позволило достичь планки в 2,935 млн. проданных автомобилей по итогам 2012 года и 11% роста по сравнению с 2011 годом. Данный результат устанавливает новый рекорд для российского рынка, превосходя пик 2008 года в 2,918 млн. автомобилей на едва заметную величину. Взгляд на перспективы рынка в 2013 году не позволяет надеяться на быстрый возврат к росту рынка, выраженному в десятках процентов. Опрос членов АМС выявил, что оценки лежат в диапазоне +/- 5% вокруг медианы в 2,95 млн. продаж легковых и легких коммерческих автомобилей в 2013 году. Это означает, что рынок останется на том же уровне, который был достигнут в прошедшем году. Результаты последних месяцев подтверждают данное предположение.» Контакты: Ольга Зуева, координатор Комитета автопроизводителей АЕБ olga.zueva@aebrus.ru , тел. (+7 495) 234 27 64 Юлия Щеглова, Руководитель проекта по исследованию рынка и статистики АЕБ yuliya.sheglova@aebrus.ru , тел. (+7 495) 234 27 64 -------------------------------------------------------------- Приложения: 1. Продажи новых легковых и легких коммерческих автомобилей в России за периоды январь-декабрь 2012/2011 гг. и декабрь 2012/ 2011 гг. 2. Продажи новых легковых и легких коммерческих автомобилей по группам за периоды январь-декабрь 2012/2011 гг. и декабрь 2012/ 2011 гг. 3. 25 наиболее продаваемых моделей легковых автомобилей в России за периоды январь-декабрь 2012/2011 гг. и декабрь 2012/ 2011 гг. ASSOCIATION OF EUROPEAN BUSINESSES RUSSIAN FEDERATION Ulitsa Krasnoproletarskaya 16, bld. 3, Moscow, 127473 Tel +7 495 234 2764 Fax +7 495 234 2807 info@aebrus.ru http://www.aebrus.ru АССОЦИАЦИЯ ЕВРОПЕЙСКОГО БИЗНЕСА РОССИЙСКАЯ ФЕДЕРАЦИЯ, 127473 Москва ул. Краснопролетарская, д. 16 стр. 3 Тел. +7 495 234 2764 Факс +7 495 234 2807 info@aebrus.ru http://www.aebrus.ru",2013-01-15,,,
Sales in August_Rus_final.pdf,https://aebrus.ru/upload/iblock/75f/75f00c7153e9d43691a001a5c82dd64a.pdf,https://aebrus.ru/ru/media/press-releases/sales-of-cars-and-light-commercial-vehicles.php?SHOWALL_1=1#search,aeb_rus_sales_data\pdf\75f00c7153e9d43691a001a5c82dd64a.pdf,aeb_rus_sales_data\text\75f00c7153e9d43691a001a5c82dd64a.txt,5,"AEB SPONSORS 2013  Allianz IC OJSC  Alstom  Aon Hewitt  Atos  Awara Group  Bank Credit Suisse (Moscow)  BNP Paribas  BP  BSH Group  Cargill Enterprises Inc.  Clifford Chance  CMS, Russia  Continental Tires RUS LLC  Deloitte  DHL  DuPont Science & Technologies  E.ON Global Commodities SE  Enel OGK 5  Eni S.p.A  Ernst & Young  GDF SUEZ  Gestamp Russia  HeidelbergCement  ING Commercial Banking  INVESTMENT COMPANY IC RUSS-INVEST  John Deere Agricultural Holdings, Inc.  KPMG  LEROY MERLIN Russia  MAN Truck & Bus AG  Mercedes-Benz Russia  Messe Frankfurt Rus, O.O.O  METRO Group  Michelin  MOL Plc  Novartis Group  OBI Russia  Oranta  Pepeliaev Group, LLC  Pirelli Tyre Russia  PwC  Procter & Gamble  Raiffeisenbank ZAO  ROCA  SERVIER  Shell Exploration & Production Services (RF) B.V.  Statoil ASA  Stanton Chase International  Telenor Russia AS  TMF Russia  Total E&P Russie  Volkswagen Group Rus OOO  Volvo Cars LLC  VSK  YIT Rakennus Representative Office  YOKOHAMA RUSSIA LLC  Zurich Insurance Company Москва, 9 сентября 2013 г. Пресс-релиз Негативная тенденция развития рынка сохраняется в августе 2013  Продажи новых легковых и легких коммерческих автомобилей в России в августе 2013 года снизились на 10%.  В десятке лидеров по моделям среди новых марок легковых автомобилей десять моделей местного производства. В августе 2013 г. объем продаж на российском автомобильном рынке снизился на 10% (т.е. 231.915 штук), что на 27.136 штук проданных новых легковых и легких коммерческих автомобилей меньше по сравнению с тем же периодом 2012 года (данные Комитета автопроизводителей АЕБ). За период январь-август 2013 г. российский автомобильный рынок также показал падение (-7%), по сравнению с тем же периодом 2012 года. Комментирует Йорг Шрайбер, Председатель Комитета автопроизводителей АЕБ: «Изначально ожидания в отношении августа были весьма умеренными. В этом смысле результат, который был достигнут, не выглядит разочаровывающим. Август с 232 тыс. проданных автомобилей оказался немного (на 1%) слабее июля, что является довольно типичным сезонным распределением спроса. Несомненно, разница с августом прошлого года, когда были проданы рекордные 259 тыс. автомобилей, более очевидна. Однако, при таком сравнении необходимо учитывать однократный эффект введения утилизационного сбора год назад. Заглядывая вперед, мы не теряем надежды на то, что рынок имеет хорошие шансы стабилизироваться к концу этого года». Контакты: Ольга Зуева, координатор Комитета автопроизводителей АЕБ olga.zueva@aebrus.ru , тел. (+7 495) 234 27 64 Юлия Щеглова, менеджер проектов по исследованию рынка и статистики АЕБ yuliya.sheglova@aebrus.ru , тел. (+7 495) 234 27 64 -------------------------------------------------------------- Приложения: 1. Продажи новых легковых и легких коммерческих автомобилей в России за периоды январь-август 2013/2012 г. и август 2013/2012 г. 2. Продажи новых легковых и легких коммерческих автомобилей по группам за периоды январь-август 2013/2012 г. и август 2013/2012 г. 3. 25 наиболее продаваемых моделей легковых автомобилей в России за периоды август 2013 г. и август 2012 г. ASSOCIATION OF EUROPEAN BUSINESSES RUSSIAN FEDERATION Ulitsa Krasnoproletarskaya 16, bld. 3, Moscow, 127473 Tel +7 495 234 2764 Fax +7 495 234 2807 info@aebrus.ru http://www.aebrus.ru АССОЦИАЦИЯ ЕВРОПЕЙСКОГО БИЗНЕСА РОССИЙСКАЯ ФЕДЕРАЦИЯ, 127473 Москва ул. Краснопролетарская, д. 16 стр. 3 Тел. +7 495 234 2764 Факс +7 495 234 2807 info@aebrus.ru http://www.aebrus.ru",2013-09-09,,,
RUS Car Sales In December 2017.pdf,https://aebrus.ru/upload/iblock/b83/rus-car-sales-in-december-2017.pdf,https://aebrus.ru/ru/media/press-releases/sales-of-cars-and-light-commercial-vehicles.php?PAGEN_1=6#search,aeb_rus_sales_data\pdf\rus-car-sales-in-december-2017.pdf,aeb_rus_sales_data\text\rus-car-sales-in-december-2017.txt,6,"AEB SPONSORS 2018 – СПОНСОРЫ АЕБ 2018 • Allianz IC OJSC • Atos • Bank Credit Suisse (Moscow) • BP • BSH Russia • Cargill Enterprises Inc. • CHEP Rus • Clifford Chance • Continental Tires RUS LLC • Crocus International • Deloitte • DuPont Science & Technologies • Enel Russia OJSC • ENGIE • Eni S.p.A • EY • FAURECIA Automotive Development LLC • GE (General Electric International (Benelux) B.V.) • HeidelbergCement • ING Wholesale Banking in Russia • John Deere Rus, LLC • KPMG • ManpowerGroup • Mercedes-Benz Russia • Merck LLC • Messe Frankfurt Rus • MetLife • METRO AG • Michelin • MOL Plc • Novartis Group • OBI Russia • Oriflame • Porsche Russland • Procter & Gamble • PwC • Raiffeisenbank AO • ROCA • Shell Exploration & Production Services (RF) B.V. • Soglasie Insurance Company LLC • Statoil Russia AS • Total E&P Russie • Unipro PJSC • VimpelCom PJSC (Beeline) • Volkswagen Group Rus OOO • YIT • YOKOHAMA RUSSIA LLC Association of European Businesses Butyrsky Val str. 68/70, bld. 1 127055 Moscow, Russia Phone: +7 (495) 234 27 64 Fax: +7 (495) 234 28 07 E-mail: info@aebrus.ru www.aebrus.ru Пресс-релиз 12 января 2018 года Автомобильный рынок в 2017 году вырос на 11,9%  Продажи новых легковых и легких коммерческих автомобилей в России в декабре 2017 года выросли на 14 %.  Все десять моделей, лидеров продаж новых легковых автомобилей, местного производства. Декабрь 2017 г. ознаменовался увеличением уровня продаж на 14%, или на 20 348 штук по сравнению с декабрем 2016 года, и составил 166 013 автомобилей. В 2017 году автомобильный рынок вырос на 11,9% или на 169 946 штук проданных новых автомобилей по сравнению с 2016 годом. В 2017 году в январе – декабре было продано 1 595 737 автомобилей (данные Комитета автопроизводителей АЕБ). Комментирует Йорг Шрайбер, Председатель Комитета автопроизводителей АЕБ: «Динамика декабрьских продаж осталась в гармонии с предыдущими месяцами: продажи улучшились в процентах на двузначную величину по сравнению с тем же месяцем прошлого года. Таким образом, несмотря на слабый старт в январе и феврале, за весь год продажи пассажирских и легких коммерческих автомобилей в России выросли на 11,9% год к году до уровня 1 596 млн. штук. Рынку предстоит долгий путь возвращения к его прежнему размеру, но первый и очень важный шаг в правильном направлении сделан». Контакты: Ольга Зуева, координатор Комитета автопроизводителей АЕБ, olga.zueva@aebrus.ru , тел. +7 (495) 234 27 64 Юлия Щеглова, менеджер проектов по исследованию рынка и статистики АЕБ, yuliya.sheglova@aebrus.ru , тел. +7 (495) 234 27 64 -------------------------------------------------------------- Приложения: 1. Продажи новых легковых и легких коммерческих автомобилей в России за декабрь 2017/2016 и январь — декабрь 2017/2016 2. Продажи новых легковых и легких коммерческих автомобилей по группам за декабрь 2017/2016 и январь — декабрь 2017/2016 3. 25 наиболее продаваемых моделей легковых автомобилей в России за декабрь 2017/2016 и январь — декабрь 2017/2016",2018-01-12,"года Автомобильный рынок в 2017 году вырос на 11,9%  Продажи новых легковых и легких коммерческих автомобилей в России в декабре 2017 года выросли на 14 %.  Все десять моделей, лидеров продаж новых легковых автомобилей, местного производства. Декабрь 2017 г. ознаменовался увеличением уровня продаж на 14%, или на 20 348 штук по сравнению с декабрем 2016 года, и составил 166 013 автомобилей. В 2017 году автомобильный рынок вырос на 11,9% или на 169 946 штук проданных новых автомобилей по сравнению с 2016 годом. В 2017 году в январе – декабре было продано 1 595 737 автомобилей (данные Комитета автопроизводителей АЕБ).",в 2017 году,
RUS Car Sales in November 2017 pdf.pdf,https://aebrus.ru/upload/iblock/688/rus-car-sales-in-november-2017-pdf.pdf,https://aebrus.ru/ru/media/press-releases/sales-of-cars-and-light-commercial-vehicles.php?PAGEN_1=6#search,aeb_rus_sales_data\pdf\rus-car-sales-in-november-2017-pdf.pdf,aeb_rus_sales_data\text\rus-car-sales-in-november-2017-pdf.txt,6,"AEB SPONSORS 2017 – СПОНСОРЫ АЕБ 2017 • Allianz IC OJSC • Atos • Bank Credit Suisse (Moscow) • BP • BSH Russia • Cargill Enterprises Inc. • CHEP Rus • Clifford Chance • Continental Tires RUS LLC • Crocus International • Deloitte • DuPont Science & Technologies • Enel Russia OJSC • ENGIE • Eni S.p.A • EY • GE (General Electric International (Benelux) B.V.) • HeidelbergCement • ING Wholesale Banking in Russia • John Deere Rus, LLC • KPMG • ManpowerGroup • Mercedes-Benz Russia • Merck LLC • Messe Frankfurt Rus • MetLife • METRO AG • Michelin • MOL Plc • Novartis Group • OBI Russia • Oriflame • Porsche Russland • Procter & Gamble • PwC • Raiffeisenbank AO • ROCA • Shell Exploration & Production Services (RF) B.V. • Soglasie Insurance Company LLC • Statoil Russia AS • Total E&P Russie • Unipro PJSC • VimpelCom PJSC (Beeline) • Volkswagen Group Rus OOO • YIT • YOKOHAMA RUSSIA LLC Association of European Businesses Butyrsky Val str. 68/70, bld. 1 127055 Moscow, Russia Phone: +7 (495) 234 27 64 Fax: +7 (495) 234 28 07 E-mail: info@aebrus.ru www.aebrus.ru Пресс-релиз 8 декабря 2017 года Автомобильный рынок в ноябре 2017 года вырос на 15 %  Продажи новых легковых и легких коммерческих автомобилей в России в ноябре 2017 года выросли на 15 %.  Все десять моделей, лидеров продаж новых легковых автомобилей, местного производства. Ноябрь 2017 г. ознаменовался увеличением уровня продаж на 15%, или на 19 913 штук по сравнению с ноябрем 2016 года, и составил 152 259 автомобилей. В 2017 году в январе – ноябре было продано 1 430 197 автомобилей (данные Комитета автопроизводителей АЕБ). Комментирует Йорг Шрайбер, Председатель Комитета автопроизводителей АЕБ: “Продажи ноября с 15% роста относительно прошлого года – еще одна веха на пути восстановления российского рынка. Кумулятивные продажи за последние 11 месяцев приплюсовали 12% относительно такого же периода 2016 года. Было бы уместно вспомнить, что ровно год назад мы все еще имели кумулятивные минус 12%. Это достаточно ощутимый прогресс за короткое время. Остался один месяц до того момента, когда мы узнаем, насколько в конечном итоге хорош был прошедший год, и где находится стартовая линия 2018 года”. Внимание: Ежегодная пресс-конференция Комитета автопроизводителей АЕБ: «Итоги 2017» состоится 12 января 2018 г. Контакты: Ольга Зуева, координатор Комитета автопроизводителей АЕБ, olga.zueva@aebrus.ru , тел. +7 (495) 234 27 64 Юлия Щеглова, менеджер проектов по исследованию рынка и статистики АЕБ, yuliya.sheglova@aebrus.ru , тел. +7 (495) 234 27 64 -------------------------------------------------------------- Приложения: 1. Продажи новых легковых и легких коммерческих автомобилей в России за ноябрь 2017/2016 и январь —ноябрь 2017/2016 2. Продажи новых легковых и легких коммерческих автомобилей по группам за ноябрь 2017/2016 и январь — ноябрь 2017/2016 3. 25 наиболее продаваемых моделей легковых автомобилей в России за ноябрь 2017/2016 и январь — ноябрь 2017/2016",2017-12-08,"года Автомобильный рынок в ноябре 2017 года вырос на 15 %  Продажи новых легковых и легких коммерческих автомобилей в России в ноябре 2017 года выросли на 15 %.  Все десять моделей, лидеров продаж новых легковых автомобилей, местного производства. Ноябрь 2017 г. ознаменовался увеличением уровня продаж на 15%, или на 19 913 штук по сравнению с ноябрем 2016 года, и составил 152 259 автомобилей. В 2017 году в январе – ноябре было продано 1 430 197 автомобилей (данные Комитета автопроизводителей АЕБ).",в ноябре 2017,
RUS_Car Sales in October 2017.pdf,https://aebrus.ru/upload/iblock/3df/rus_car-sales-in-october-2017.pdf,https://aebrus.ru/ru/media/press-releases/sales-of-cars-and-light-commercial-vehicles.php?PAGEN_1=6#search,aeb_rus_sales_data\pdf\rus_car-sales-in-october-2017.pdf,aeb_rus_sales_data\text\rus_car-sales-in-october-2017.txt,6,"AEB SPONSORS 2017 – СПОНСОРЫ АЕБ 2017 • Allianz IC OJSC • Atos • Bank Credit Suisse (Moscow) • BP • BSH Russia • Cargill Enterprises Inc. • CHEP Rus • Clifford Chance • Continental Tires RUS LLC • Crocus International • Deloitte • DuPont Science & Technologies • Enel Russia OJSC • ENGIE • Eni S.p.A • EY • GE (General Electric International (Benelux) B.V.) • HeidelbergCement • ING Wholesale Banking in Russia • John Deere Rus, LLC • KPMG • ManpowerGroup • Mercedes-Benz Russia • Merck LLC • Messe Frankfurt Rus • MetLife • METRO AG • Michelin • MOL Plc • Novartis Group • OBI Russia • Oriflame • Porsche Russland • Procter & Gamble • PwC • Raiffeisenbank AO • ROCA • Shell Exploration & Production Services (RF) B.V. • Soglasie Insurance Company LLC • Statoil Russia AS • Total E&P Russie • Unipro PJSC • VimpelCom PJSC (Beeline) • Volkswagen Group Rus OOO • YIT • YOKOHAMA RUSSIA LLC Ассоциация европейского бизнеса Россия, 127473 Москва, Ул. Краснопролетарская 16, стр. 3 Тел.: +7 (495) 234 27 64 Факс: +7 (495) 234 28 07 E-mail: info@aebrus.ru www.aebrus.ru Пресс-релиз 9 ноября 2017 года Автомобильный рынок в октября 2017 года вырос на 17,3 %  Продажи новых легковых и легких коммерческих автомобилей в России в октябре 2017 года выросли на 17,3 %.  Все десять моделей, лидеров продаж новых легковых автомобилей, местного производства. Октябрь 2017 г. ознаменовался увеличением уровня продаж на 17,3%, или на 21 892 штуки по сравнению с октябрём 2016 года, и составил 148 597 автомобилей. В 2017 году в январе – октябре было продано 1 277 938 автомобилей (данные Комитета автопроизводителей АЕБ). Комментирует Йорг Шрайбер, Председатель Комитета автопроизводителей АЕБ: «Восстановление российского автомобильного рынка продолжилось в октябре с результатом, превышающим прошлогодний на солидные 17%. Это уже восьмой месяц положительной динамики подряд, что является самым продолжительным периодом непрерывного роста рынка пассажирских и легких коммерческих автомобилей с 2012 года. Конечно, размер сегодняшнего рынка далек от рекорда, достигнутого в том году. Однако радует то, что при текущих темпах восстановления годовые продажи в 2017 имеют хороший шанс достичь уровня, на котором был рынок в 2015 году». Контакты: Ольга Зуева, координатор Комитета автопроизводителей АЕБ, olga.zueva@aebrus.ru , тел. +7 (495) 234 27 64 Юлия Щеглова, менеджер проектов по исследованию рынка и статистики АЕБ, yuliya.sheglova@aebrus.ru , тел. +7 (495) 234 27 64 -------------------------------------------------------------- Приложения: 1. Продажи новых легковых и легких коммерческих автомобилей в России за октябрь 2017/2016 и январь — октябрь 2017/2016 2. Продажи новых легковых и легких коммерческих автомобилей по группам за октябрь 2017/2016 и январь — октябрь 2017/2016 3. 25 наиболее продаваемых моделей легковых автомобилей в России за октябрь 2017/2016 и январь — октябрь 2017/2016",2017-11-09,"года Автомобильный рынок в октября 2017 года вырос на 17,3 %  Продажи новых легковых и легких коммерческих автомобилей в России в октябре 2017 года выросли на 17,3 %.  Все десять моделей, лидеров продаж новых легковых автомобилей, местного производства. Октябрь 2017 г. ознаменовался увеличением уровня продаж на 17,3%, или на 21 892 штуки по сравнению с октябрём 2016 года, и составил 148 597 автомобилей. В 2017 году в январе – октябре было продано 1 277 938 автомобилей (данные Комитета автопроизводителей АЕБ).",в октября 2017,
RUS_Car Sales in September 2017.pdf,https://aebrus.ru/upload/iblock/788/rus_car-sales-in-september-2017.pdf,https://aebrus.ru/ru/media/press-releases/sales-of-cars-and-light-commercial-vehicles.php?PAGEN_1=6#search,aeb_rus_sales_data\pdf\rus_car-sales-in-september-2017.pdf,aeb_rus_sales_data\text\rus_car-sales-in-september-2017.txt,6,"AEB SPONSORS 2017 – СПОНСОРЫ АЕБ 2017 • Allianz IC OJSC • Atos • Bank Credit Suisse (Moscow) • BP • BSH Russia • Cargill Enterprises Inc. • CHEP Rus • Clifford Chance • Continental Tires RUS LLC • Crocus International • Deloitte • DuPont Science & Technologies • Enel Russia OJSC • ENGIE • Eni S.p.A • EY • GE (General Electric International (Benelux) B.V.) • HeidelbergCement • ING Wholesale Banking in Russia • John Deere Rus, LLC • KPMG • ManpowerGroup • Mercedes-Benz Russia • Merck LLC • Messe Frankfurt Rus • MetLife • METRO AG • Michelin • MOL Plc • Novartis Group • OBI Russia • Oriflame • Porsche Russland • Procter & Gamble • PwC • Raiffeisenbank AO • ROCA • Shell Exploration & Production Services (RF) B.V. • Soglasie Insurance Company LLC • Statoil Russia AS • Total E&P Russie • Unipro PJSC • VimpelCom PJSC (Beeline) • Volkswagen Group Rus OOO • YIT • YOKOHAMA RUSSIA LLC Ассоциация европейского бизнеса Россия, 127473 Москва, Ул. Краснопролетарская 16, стр. 3 Тел.: +7 (495) 234 27 64 Факс: +7 (495) 234 28 07 E-mail: info@aebrus.ru www.aebrus.ru Пресс-релиз 9 октября 2017 года Автомобильный рынок в сентябре 2017 года вырос на 17,9 %  Продажи новых легковых и легких коммерческих автомобилей в России в сентябре 2017 года выросли на 17,9 %.  Все десять моделей, лидеров продаж новых легковых автомобилей, местного производства. Сентябрь 2017 г. ознаменовался увеличением уровня продаж на 17,9%, или на 22 524 штуки по сравнению с сентябрем 2016 года, и составил 148 371 автомобилей. В 2017 году в январе – сентябре было продано 1 129 374 автомобилей (данные Комитета автопроизводителей АЕБ). Комментирует Йорг Шрайбер, Председатель Комитета автопроизводителей АЕБ: «Сентябрь доказал, что является еще одним месяцем на пути восстановления российского рынка. По сравнению с прошлым годом квартальные продажи с июля по сентябрь выросли на существенные 17.7% и в абсолютных цифрах (410 тыс. автомобилей) достигли показателей того же квартала 2 года назад. На рынке царит настроение, что позитивный тренд продолжится и в предстоящие месяцы. Соответственно, прогноз АЕБ на 2017 календарный год был изменен в сторону увеличения и равен сейчас 1,58 млн. автомобилей или +10,8% по сравнению с 2016 годом». Контакты: Ольга Зуева, координатор Комитета автопроизводителей АЕБ, olga.zueva@aebrus.ru , тел. +7 (495) 234 27 64 Юлия Щеглова, менеджер проектов по исследованию рынка и статистики АЕБ, yuliya.sheglova@aebrus.ru , тел. +7 (495) 234 27 64 -------------------------------------------------------------- Приложения: 1. Продажи новых легковых и легких коммерческих автомобилей в России за сентябрь 2017/2016 и январь — сентябрь 2017/2016 2. Продажи новых легковых и легких коммерческих автомобилей по группам за сентябрь 2017/2016 и январь — сентябрь 2017/2016 3. 25 наиболее продаваемых моделей легковых автомобилей в России за сентябрь 2017/2016 и январь — сентябрь 2017/2016",2017-10-09,"года Автомобильный рынок в сентябре 2017 года вырос на 17,9 %  Продажи новых легковых и легких коммерческих автомобилей в России в сентябре 2017 года выросли на 17,9 %.  Все десять моделей, лидеров продаж новых легковых автомобилей, местного производства. Сентябрь 2017 г. ознаменовался увеличением уровня продаж на 17,9%, или на 22 524 штуки по сравнению с сентябрем 2016 года, и составил 148 371 автомобилей. В 2017 году в январе – сентябре было продано 1 129 374 автомобилей (данные Комитета автопроизводителей АЕБ).",в сентябре 2017,
rus_car-sales-in-august-2017.pdf,https://aebrus.ru/upload/iblock/519/rus_car_sales_in_august_2017.pdf,https://aebrus.ru/ru/media/press-releases/sales-of-cars-and-light-commercial-vehicles.php?PAGEN_1=6#search,aeb_rus_sales_data\pdf\rus_car_sales_in_august_2017.pdf,aeb_rus_sales_data\text\rus_car_sales_in_august_2017.txt,6,"AEB SPONSORS 2017 – СПОНСОРЫ АЕБ 2017 • Allianz IC OJSC • Atos • Bank Credit Suisse (Moscow) • BP • BSH Russia • Cargill Enterprises Inc. • CHEP Rus • Clifford Chance • Continental Tires RUS LLC • Crocus International • Deloitte • DuPont Science & Technologies • Enel Russia OJSC • ENGIE • Eni S.p.A • EY • GE (General Electric International (Benelux) B.V.) • HeidelbergCement • ING Wholesale Banking in Russia • John Deere Rus, LLC • KPMG • ManpowerGroup • Mercedes-Benz Russia • Merck LLC • Messe Frankfurt Rus • MetLife • METRO AG • Michelin • MOL Plc • Novartis Group • OBI Russia • Oriflame • Porsche Russland • Procter & Gamble • PwC • Raiffeisenbank AO • ROCA • Shell Exploration & Production Services (RF) B.V. • Soglasie Insurance Company LLC • Statoil Russia AS • Total E&P Russie • Unipro PJSC • VimpelCom PJSC (Beeline) • Volkswagen Group Rus OOO • YIT • YOKOHAMA RUSSIA LLC Ассоциация европейского бизнеса Россия, 127473 Москва, Ул. Краснопролетарская 16, стр. 3 Тел.: +7 (495) 234 27 64 Факс: +7 (495) 234 28 07 E-mail: info@aebrus.ru www.aebrus.ru Пресс-релиз 8 сентябрь 2017 года Автомобильный рынок в августе 2017 года вырос на 16,7%  Продажи новых легковых и легких коммерческих автомобилей в России в августе 2017 года выросли на 16,7%.  Все десять моделей, лидеров продаж новых легковых автомобилей, местного производства. Август 2017 г. ознаменовался увеличением уровня продаж на 16,7%, или на 18 961 штуку по сравнению с августом 2016 года, и составил 132 742 автомобиля. В 2017 году в январе – августе было продано 980 921 автомобиль (данные Комитета автопроизводителей АЕБ). Комментирует Йорг Шрайбер, Председатель Комитета автопроизводителей АЕБ: «В августе восстановление российского рынка продолжалось высокими темпами. Суммарные продажи 8 месяцев текущего года приблизились к одному миллиону, что еще достаточно скромно в историческом сравнении. Но это факт, что восстановление происходит, - уверенным шагом и на протяжении 6 месяцев подряд, - это сейчас наиболее важно. В целом на рынке настроение однозначно приподнятое, такие же ожидания на остаток года. АЕБ обновит прогноз на 2017 год в следующем месяце, когда будут доступны результаты сентября». Контакты: Ольга Зуева, координатор Комитета автопроизводителей АЕБ, olga.zueva@aebrus.ru , тел. +7 (495) 234 27 64 Юлия Щеглова, менеджер проектов по исследованию рынка и статистики АЕБ, yuliya.sheglova@aebrus.ru , тел. +7 (495) 234 27 64 -------------------------------------------------------------- Приложения: 1. Продажи новых легковых и легких коммерческих автомобилей в России за август 2017/2016 и январь — август 2017/2016 2. Продажи новых легковых и легких коммерческих автомобилей по группам за август 2017/2016 и январь — август 2017/2016 3. 25 наиболее продаваемых моделей легковых автомобилей в России за август 2017/2016 и январь — август 2017/2016",,"года Автомобильный рынок в августе 2017 года вырос на 16,7%  Продажи новых легковых и легких коммерческих автомобилей в России в августе 2017 года выросли на 16,7%.  Все десять моделей, лидеров продаж новых легковых автомобилей, местного производства. Август 2017 г. ознаменовался увеличением уровня продаж на 16,7%, или на 18 961 штуку по сравнению с августом 2016 года, и составил 132 742 автомобиля. В 2017 году в январе – августе было продано 980 921 автомобиль (данные Комитета автопроизводителей АЕБ).",в августе 2017,
RUS_Car Sales in July 2017.pdf,https://aebrus.ru/upload/iblock/8c9/rus_car-sales-in-july-2017.pdf,https://aebrus.ru/ru/media/press-releases/sales-of-cars-and-light-commercial-vehicles.php?PAGEN_1=6#search,aeb_rus_sales_data\pdf\rus_car-sales-in-july-2017.pdf,aeb_rus_sales_data\text\rus_car-sales-in-july-2017.txt,6,"AEB SPONSORS 2017 – СПОНСОРЫ АЕБ 2017 • Allianz IC OJSC • Atos • Bank Credit Suisse (Moscow) • BP • BSH Russia • Cargill Enterprises Inc. • CHEP Rus • Clifford Chance • Continental Tires RUS LLC • Crocus International • Deloitte • DuPont Science & Technologies • Enel Russia OJSC • ENGIE • Eni S.p.A • EY • GE (General Electric International (Benelux) B.V.) • HeidelbergCement • ING Wholesale Banking in Russia • John Deere Rus, LLC • KPMG • ManpowerGroup • Mercedes-Benz Russia • Merck LLC • Messe Frankfurt Rus • MetLife • METRO AG • Michelin • MOL Plc • Novartis Group • OBI Russia • Oriflame • Porsche Russland • Procter & Gamble • PwC • Raiffeisenbank AO • ROCA • Shell Exploration & Production Services (RF) B.V. • Soglasie Insurance Company LLC • Statoil Russia AS • Total E&P Russie • Unipro PJSC • VimpelCom PJSC (Beeline) • Volkswagen Group Rus OOO • YIT • YOKOHAMA RUSSIA LLC Ассоциация европейского бизнеса Россия, 127473 Москва, Ул. Краснопролетарская 16, стр. 3 Тел.: +7 (495) 234 27 64 Факс: +7 (495) 234 28 07 E-mail: info@aebrus.ru www.aebrus.ru Пресс-релиз 8 августа 2017 года Автомобильный рынок в июле 2017 года вырос на 18,6%  Продажи новых легковых и легких коммерческих автомобилей в России в июле 2017 года выросли на 18,6%.  Все десять моделей, лидеров продаж новых легковых автомобилей, местного производства. Июль 2017 г. ознаменовался увеличением уровня продаж на 18,6%, или на 20 293 штуки по сравнению с июлем 2016 года, и составил 129 685 автомобилей. В 2017 году в январе – июле было продано 848 214 автомобилей (данные Комитета автопроизводителей АЕБ). Комментирует Йорг Шрайбер, Председатель Комитета автопроизводителей АЕБ: «Рост российского рынка, выраженный двузначными числами, продолжается третий месяц подряд. Он не ослабел даже с наступлением пика сезона отпусков. Кажется, наконец, проснулись покупатели из среднего класса, ободренные оптимистичными экономическими прогнозами и оценившие пакет государственной поддержки продаж. Текущий тренд в продажах - отличная новость. Она питает надежду на то, что 2017 год станет поворотным годом для индустрии». Контакты: Ольга Зуева, координатор Комитета автопроизводителей АЕБ, olga.zueva@aebrus.ru , тел. +7 (495) 234 27 64 Юлия Щеглова, менеджер проектов по исследованию рынка и статистики АЕБ, yuliya.sheglova@aebrus.ru , тел. +7 (495) 234 27 64 -------------------------------------------------------------- Приложения: 1. Продажи новых легковых и легких коммерческих автомобилей в России за июль 2017/2016 и январь — июль 2017/2016 2. Продажи новых легковых и легких коммерческих автомобилей по группам за июль 2017/2016 и январь — июль 2017/2016 3. 25 наиболее продаваемых моделей легковых автомобилей в России за июль 2017/2016 и январь — июль 2017/2016",2017-08-08,"года Автомобильный рынок в июле 2017 года вырос на 18,6%  Продажи новых легковых и легких коммерческих автомобилей в России в июле 2017 года выросли на 18,6%.  Все десять моделей, лидеров продаж новых легковых автомобилей, местного производства. Июль 2017 г. ознаменовался увеличением уровня продаж на 18,6%, или на 20 293 штуки по сравнению с июлем 2016 года, и составил 129 685 автомобилей. В 2017 году в январе – июле было продано 848 214 автомобилей (данные Комитета автопроизводителей АЕБ).",в июле 2017,
RUS_Car Sales in June 2017.pdf,https://aebrus.ru/upload/iblock/0b7/rus_car-sales-in-june-2017.pdf,https://aebrus.ru/ru/media/press-releases/sales-of-cars-and-light-commercial-vehicles.php?PAGEN_1=6#search,aeb_rus_sales_data\pdf\rus_car-sales-in-june-2017.pdf,aeb_rus_sales_data\text\rus_car-sales-in-june-2017.txt,6,"AEB SPONSORS 2017 – СПОНСОРЫ АЕБ 2017 • Allianz IC OJSC • Atos • Bank Credit Suisse (Moscow) • BP • BSH Russia • Cargill Enterprises Inc. • CHEP Rus • Clifford Chance • Continental Tires RUS LLC • Crocus International • Deloitte • DuPont Science & Technologies • Enel Russia OJSC • ENGIE • Eni S.p.A • EY • GE (General Electric International (Benelux) B.V.) • HeidelbergCement • ING Wholesale Banking in Russia • John Deere Rus, LLC • KPMG • ManpowerGroup • Mercedes-Benz Russia • Merck LLC • Messe Frankfurt Rus • MetLife • METRO AG • Michelin • MOL Plc • Novartis Group • OBI Russia • Oriflame • Porsche Russland • Procter & Gamble • PwC • Raiffeisenbank AO • ROCA • Shell Exploration & Production Services (RF) B.V. • Soglasie Insurance Company LLC • Statoil Russia AS • Total E&P Russie • Unipro PJSC • VimpelCom PJSC (Beeline) • Volkswagen Group Rus OOO • YIT • YOKOHAMA RUSSIA LLC Ассоциация европейского бизнеса Россия, 127473 Москва, Ул. Краснопролетарская 16, стр. 3 Тел.: +7 (495) 234 27 64 Факс: +7 (495) 234 28 07 E-mail: info@aebrus.ru www.aebrus.ru Пресс-релиз 7 июля 2017 года Автомобильный рынок в июне 2017 года вырос на 15%  Продажи новых легковых и легких коммерческих автомобилей в России в июне 2017 года выросли на 15%.  Все десять моделей, лидеров продаж новых легковых автомобилей, местного производства. Июнь 2017 г. ознаменовался увеличением уровня продаж на 15%, или на 18 405 штук по сравнению с июнем 2016 года, и составил 141 084 автомобилей. В 2017 году в январе – июне было продано 718 529 автомобилей (данные Комитета автопроизводителей АЕБ). Комментирует Йорг Шрайбер, Председатель Комитета автопроизводителей АЕБ: «Российский автомобильный рынок продолжает восстанавливаться устойчивыми темпами. 15% рост в июне и 12% рост по итогам второго квартала почти заставляют нас забыть о медленном старте в начале года. Общие продажи за период с января по июнь увеличились на 6%, что очень близко к нашему первоначальному прогнозу на 2017 год, которого мы продолжаем придерживаться до сих пор.» Контакты: Ольга Зуева, координатор Комитета автопроизводителей АЕБ, olga.zueva@aebrus.ru , тел. +7 (495) 234 27 64 Юлия Щеглова, менеджер проектов по исследованию рынка и статистики АЕБ, yuliya.sheglova@aebrus.ru , тел. +7 (495) 234 27 64 -------------------------------------------------------------- Приложения: 1. Продажи новых легковых и легких коммерческих автомобилей в России за июнь 2017/2016 и январь — июнь 2017/2016 2. Продажи новых легковых и легких коммерческих автомобилей по группам за июнь 2017/2016 и январь — июнь 2017/2016 3. 25 наиболее продаваемых моделей легковых автомобилей в России за июнь 2017/2016 и январь — июнь 2017/2016",2017-07-07,"года Автомобильный рынок в июне 2017 года вырос на 15%  Продажи новых легковых и легких коммерческих автомобилей в России в июне 2017 года выросли на 15%.  Все десять моделей, лидеров продаж новых легковых автомобилей, местного производства. Июнь 2017 г. ознаменовался увеличением уровня продаж на 15%, или на 18 405 штук по сравнению с июнем 2016 года, и составил 141 084 автомобилей. В 2017 году в январе – июне было продано 718 529 автомобилей (данные Комитета автопроизводителей АЕБ).",в июне 2017,
RUS_Car Sales in May 2017.pdf,https://aebrus.ru/upload/iblock/a46/rus_car-sales-in-may-2017.pdf,https://aebrus.ru/ru/media/press-releases/sales-of-cars-and-light-commercial-vehicles.php?PAGEN_1=6#search,aeb_rus_sales_data\pdf\rus_car-sales-in-may-2017.pdf,aeb_rus_sales_data\text\rus_car-sales-in-may-2017.txt,6,"AEB SPONSORS 2017 – СПОНСОРЫ АЕБ 2017 • Allianz IC OJSC • Atos • Bank Credit Suisse (Moscow) • BP • BSH Russia • Cargill Enterprises Inc. • CHEP Rus • Clifford Chance • Continental Tires RUS LLC • Crocus International • Deloitte • DuPont Science & Technologies • Enel Russia OJSC • ENGIE • Eni S.p.A • EY • GE (General Electric International (Benelux) B.V.) • HeidelbergCement • ING Wholesale Banking in Russia • John Deere Rus, LLC • KPMG • ManpowerGroup • Mercedes-Benz Russia • Merck LLC • Messe Frankfurt Rus • MetLife • METRO AG • Michelin • MOL Plc • Novartis Group • OBI Russia • Oriflame • Porsche Russland • Procter & Gamble • PwC • Raiffeisenbank AO • ROCA • Shell Exploration & Production Services (RF) B.V. • Soglasie Insurance Company LLC • Statoil Russia AS • Total E&P Russie • Unipro PJSC • VimpelCom PJSC (Beeline) • Volkswagen Group Rus OOO • YIT • YOKOHAMA RUSSIA LLC Ассоциация европейского бизнеса Россия, 127473 Москва, Ул. Краснопролетарская 16, стр. 3 Тел.: +7 (495) 234 27 64 Факс: +7 (495) 234 28 07 E-mail: info@aebrus.ru www.aebrus.ru Пресс-релиз 8 июня 2017 года Автомобильный рынок в мае 2017 года вырос на 14,7 %  Продажи новых легковых и легких коммерческих автомобилей в России в мае 2017 года выросли на 14,7%.  Все десять моделей, лидеров продаж новых легковых автомобилей, местного производства. Май 2017 г. ознаменовался увеличением уровня продаж на 14,7%, или на 15 991 штуки по сравнению с маем 2016 года, и составил 124 990 автомобилей. В 2017 году в январе – мае было продано 577 449 автомобилей (данные Комитета автопроизводителей АЕБ). Комментирует Йорг Шрайбер, Председатель Комитета автопроизводителей АЕБ: «По отношению к прошлому году российский автомобильный рынок в мае в третий раз подряд продемонстрировал солидный рост, выраженный двузначной цифрой впервые за много лет. Заслуживает внимания тот факт, что положительная динамика наблюдается для большинства игроков на рынке. По нашему мнению, это является важным фактором для того, чтобы процесс восстановления рынка получил дальнейшее развитие и, что наиболее важно, превратился в долговременный тренд». Контакты: Ольга Зуева, координатор Комитета автопроизводителей АЕБ, olga.zueva@aebrus.ru , тел. +7 (495) 234 27 64 Юлия Щеглова, менеджер проектов по исследованию рынка и статистики АЕБ, yuliya.sheglova@aebrus.ru , тел. +7 (495) 234 27 64 -------------------------------------------------------------- Приложения: 1. Продажи новых легковых и легких коммерческих автомобилей в России за май 2017/2016 и январь — май 2017/2016 2. Продажи новых легковых и легких коммерческих автомобилей по группам за май 2017/2016 и январь — май 2017/2016 3. 25 наиболее продаваемых моделей легковых автомобилей в России за май 2017/2016 и январь — май 2017/2016",2017-06-08,"года Автомобильный рынок в мае 2017 года вырос на 14,7 %  Продажи новых легковых и легких коммерческих автомобилей в России в мае 2017 года выросли на 14,7%.  Все десять моделей, лидеров продаж новых легковых автомобилей, местного производства. Май 2017 г. ознаменовался увеличением уровня продаж на 14,7%, или на 15 991 штуки по сравнению с маем 2016 года, и составил 124 990 автомобилей. В 2017 году в январе – мае было продано 577 449 автомобилей (данные Комитета автопроизводителей АЕБ).",в мае 2017,
RUS_Car Sales in April 2017.pdf,https://aebrus.ru/upload/iblock/4d2/rus_car-sales-in-april-2017.pdf,https://aebrus.ru/ru/media/press-releases/sales-of-cars-and-light-commercial-vehicles.php?PAGEN_1=6#search,aeb_rus_sales_data\pdf\rus_car-sales-in-april-2017.pdf,aeb_rus_sales_data\text\rus_car-sales-in-april-2017.txt,6,"AEB SPONSORS 2017 – СПОНСОРЫ АЕБ 2017 • Allianz IC OJSC • Atos • Bank Credit Suisse (Moscow) • BP • BSH Russia • Cargill Enterprises Inc. • CHEP Rus • Clifford Chance • Continental Tires RUS LLC • Crocus International • Deloitte • DuPont Science & Technologies • Enel Russia OJSC • ENGIE • Eni S.p.A • EY • GE (General Electric International (Benelux) B.V.) • HeidelbergCement • ING Wholesale Banking in Russia • John Deere Rus, LLC • KPMG • ManpowerGroup • Mercedes-Benz Russia • Merck LLC • Messe Frankfurt Rus • MetLife • METRO AG • Michelin • MOL Plc • Novartis Group • OBI Russia • Oriflame • Porsche Russland • Procter & Gamble • PwC • Raiffeisenbank AO • ROCA • Shell Exploration & Production Services (RF) B.V. • Soglasie Insurance Company LLC • Statoil Russia AS • Total E&P Russie • Unipro PJSC • VimpelCom PJSC (Beeline) • Volkswagen Group Rus OOO • YIT • YOKOHAMA RUSSIA LLC Ассоциация европейского бизнеса Россия, 127473 Москва, Ул. Краснопролетарская 16, стр. 3 Тел.: +7 (495) 234 27 64 Факс: +7 (495) 234 28 07 E-mail: info@aebrus.ru www.aebrus.ru Пресс-релиз 11 мая 2017 года Автомобильный рынок в апреле 2017 года вырос на 6,9%  Продажи новых легковых и легких коммерческих автомобилей в России в апреле 2017 года выросли на 6,9%.  Все десять моделей, лидеров продаж новых легковых автомобилей, местного производства. Апрель 2017 г. ознаменовался увеличением уровня продаж на 6,9%, или на 8 324 штуки по сравнению с апрелем 2016 года, и составил 129 476 автомобилей. В 2017 году в январе – апреле было продано 451 945 автомобилей (данные Комитета автопроизводителей АЕБ). Комментирует Йорг Шрайбер, Председатель Комитета автопроизводителей АЕБ: «Продажи в апреле увеличились по сравнению с прошлым годом, но в то же время немного не достигли результата марта. Пока мы еще не видим установившейся сезонности здорового рынка, что напоминает нам каким хрупким является текущее осторожное восстановление. Тем не менее, результат продаж апреля – очередной шаг в правильном направлении». Контакты: Ольга Зуева, координатор Комитета автопроизводителей АЕБ, olga.zueva@aebrus.ru , тел. +7 (495) 234 27 64 Юлия Щеглова, менеджер проектов по исследованию рынка и статистики АЕБ, yuliya.sheglova@aebrus.ru , тел. +7 (495) 234 27 64 -------------------------------------------------------------- Приложения: 1. Продажи новых легковых и легких коммерческих автомобилей в России за апрель 2017/2016 и январь — апрель 2017/2016 2. Продажи новых легковых и легких коммерческих автомобилей по группам за апрель 2017/2016 и январь — апрель 2017/2016 3. 25 наиболее продаваемых моделей легковых автомобилей в России за апрель 2017/2016 и январь — апрель 2017/2016",2017-05-11,"года Автомобильный рынок в апреле 2017 года вырос на 6,9%  Продажи новых легковых и легких коммерческих автомобилей в России в апреле 2017 года выросли на 6,9%.  Все десять моделей, лидеров продаж новых легковых автомобилей, местного производства. Апрель 2017 г. ознаменовался увеличением уровня продаж на 6,9%, или на 8 324 штуки по сравнению с апрелем 2016 года, и составил 129 476 автомобилей. В 2017 году в январе – апреле было продано 451 945 автомобилей (данные Комитета автопроизводителей АЕБ).",в апреле 2017,
RUS_Car Sales in March 2017.pdf,https://aebrus.ru/upload/iblock/ea5/rus_car-sales-in-march-2017.pdf,https://aebrus.ru/ru/media/press-releases/sales-of-cars-and-light-commercial-vehicles.php?PAGEN_1=6#search,aeb_rus_sales_data\pdf\rus_car-sales-in-march-2017.pdf,aeb_rus_sales_data\text\rus_car-sales-in-march-2017.txt,6,"AEB SPONSORS 2017 – СПОНСОРЫ АЕБ 2017 • Allianz IC OJSC • Atos • Bank Credit Suisse (Moscow) • BP • BSH Russia • Cargill Enterprises Inc. • CHEP Rus • Clifford Chance • Continental Tires RUS LLC • Crocus International • Deloitte • DuPont Science & Technologies • Enel Russia OJSC • ENGIE • Eni S.p.A • EY • GE (General Electric International (Benelux) B.V.) • HeidelbergCement • ING Wholesale Banking in Russia • John Deere Rus, LLC • KPMG • ManpowerGroup • Mercedes-Benz Russia • Merck LLC • Messe Frankfurt Rus • MetLife • METRO AG • Michelin • MOL Plc • Novartis Group • OBI Russia • Oriflame • Porsche Russland • Procter & Gamble • PwC • Raiffeisenbank AO • ROCA • Shell Exploration & Production Services (RF) B.V. • Soglasie Insurance Company LLC • Statoil Russia AS • Total E&P Russie • Unipro PJSC • VimpelCom PJSC (Beeline) • Volkswagen Group Rus OOO • YIT • YOKOHAMA RUSSIA LLC Ассоциация европейского бизнеса Россия, 127473 Москва, Ул. Краснопролетарская 16, стр. 3 Тел.: +7 (495) 234 27 64 Факс: +7 (495) 234 28 07 E-mail: info@aebrus.ru www.aebrus.ru Пресс-релиз 10 апреля 2017 года Автомобильный рынок вырос на 9,4% в марте 2017 года  Продажи новых легковых и легких коммерческих автомобилей в России в марте 2017 года выросли на 9,4%.  Все десять моделей, лидеров продаж новых легковых автомобилей, местного производства. Март 2017 г. ознаменовался увеличением уровня продаж на 9,4%, или на 11 900 штук по сравнению с мартом 2016 года, и составил 137 894 автомобилей. В 2017 году в январе – марте было продано 322 464 автомобиля (данные Комитета автопроизводителей АЕБ). Комментирует Йорг Шрайбер, Председатель Комитета автопроизводителей АЕБ: «Наконец, тренд продаж на российском авторынке движется в правильном направлении. 9% рост год к году в марте оказался достаточным, чтобы компенсировать потери меньшего масштаба в январе и феврале, превращая суммарный результат продаж в первом квартале в небольшой плюс. Это хорошая новость для нашего рынка, который не видел позитивного результат за квартал более 4-х лет. Однако, как говорится, одна ласточка весны не делает. Нужно иметь больше месяцев с положительным результатом, прежде чем мы сможем назвать это прочным трендом». Контакты: Ольга Зуева, координатор Комитета автопроизводителей АЕБ, olga.zueva@aebrus.ru , тел. +7 (495) 234 27 64 Юлия Щеглова, менеджер проектов по исследованию рынка и статистики АЕБ, yuliya.sheglova@aebrus.ru , тел. +7 (495) 234 27 64 -------------------------------------------------------------- Приложения: 1. Продажи новых легковых и легких коммерческих автомобилей в России за март 2017/2016 и январь — март 2017/2016 2. Продажи новых легковых и легких коммерческих автомобилей по группам за март 2017/2016 и январь — март 2017/2016 3. 25 наиболее продаваемых моделей легковых автомобилей в России за март 2017/2016 и январь — март 2017/2016",2017-04-10,"года Автомобильный рынок вырос на 9,4% в марте 2017 года  Продажи новых легковых и легких коммерческих автомобилей в России в марте 2017 года выросли на 9,4%.  Все десять моделей, лидеров продаж новых легковых автомобилей, местного производства. Март 2017 г. ознаменовался увеличением уровня продаж на 9,4%, или на 11 900 штук по сравнению с мартом 2016 года, и составил 137 894 автомобилей. В 2017 году в январе – марте было продано 322 464 автомобиля (данные Комитета автопроизводителей АЕБ).",в марте 2017,
RUS_Car Sales in February 2017.pdf,https://aebrus.ru/upload/iblock/4d7/rus_car-sales-in-february-2017.pdf,https://aebrus.ru/ru/media/press-releases/sales-of-cars-and-light-commercial-vehicles.php?PAGEN_1=6#search,aeb_rus_sales_data\pdf\rus_car-sales-in-february-2017.pdf,aeb_rus_sales_data\text\rus_car-sales-in-february-2017.txt,6,"AEB SPONSORS 2017 – СПОНСОРЫ АЕБ 2017 • Allianz IC OJSC • Alstom • Atos • Bank Credit Suisse (Moscow) • BP • BSH Russia • Cargill Enterprises Inc. • CHEP Rus • Clifford Chance • Continental Tires RUS LLC • Crocus International • Deloitte • DuPont Science & Technologies • Enel Russia OJSC • ENGIE • Eni S.p.A • EY • GE (General Electric International (Benelux) B.V.) • HeidelbergCement • ING Wholesale Banking in Russia • John Deere Rus, LLC • KPMG • ManpowerGroup • Mercedes-Benz Russia • Merck LLC • Messe Frankfurt Rus • MetLife • METRO AG • Michelin • MOL Plc • Novartis Group • OBI Russia • Oriflame • Philips Lighting Eurasia LLC • Porsche Russland • Procter & Gamble • PwC • Raiffeisenbank AO • ROCA • Shell Exploration & Production Services (RF) B.V. • Soglasie Insurance Company LLC • Statoil Russia AS • Total E&P Russie • Unipro PJSC • VimpelCom PJSC (Beeline) • Volkswagen Group Rus OOO • YIT • YOKOHAMA RUSSIA LLC Association of European Businesses Krasnoproletarskaya str. 16, bld. 3 127473 Moscow, Russia Phone: +7 (495) 234 27 64 Fax: +7 (495) 234 28 07 E-mail: info@aebrus.ru www.aebrus.ru Пресс-релиз 9 марта 2017 года Автомобильный рынок сократился на 4,1% в феврале 2017 года  Продажи новых легковых и легких коммерческих автомобилей в России в феврале 2017 года сократились на 4,1%.  Все десять моделей, лидеров продаж новых легковых автомобилей, местного производства. Февраль 2017 г. ознаменовался падением уровня продаж на 4,1%, или на 4 574 штук по сравнению с февралём 2016 года, и составил 106 658 автомобилей. В 2017 году в январе – феврале было продано 184 574 автомобиля (данные Комитета автопроизводителей АЕБ). Комментирует Йорг Шрайбер, Председатель Комитета автопроизводителей АЕБ: «В этом месяце мы наблюдаем очень разнонаправленную динамику продаж от бренда к бренду, что в итоге оказалось недостаточным для того, чтобы вывести рынок в плюс, так как некоторые традиционные лидеры сделали меньший вклад, чем в аналогичный период прошлого года. Возможные причины для этого разнообразны, но можно предположить, что они временные. Это предположение улучшает перспективы рынка на предстоящие месяцы». Контакты: Ольга Зуева, координатор Комитета автопроизводителей АЕБ, olga.zueva@aebrus.ru , тел. (+7 495) 234 27 64 Юлия Щеглова, менеджер проектов по исследованию рынка и статистики АЕБ, yuliya.sheglova@aebrus.ru , тел. +7 (495) 234 27 64 -------------------------------------------------------------- Приложения: 1. Продажи новых легковых и легких коммерческих автомобилей в России за февраль 2017/2016 и январь — февраль 2017/2016 2. Продажи новых легковых и легких коммерческих автомобилей по группам за февраль 2017/2016 и январь — февраль 2017/2016 3. 25 наиболее продаваемых моделей легковых автомобилей в России за февраль 2017/2016 и январь — февраль 2017/2016",2017-03-09,"года Автомобильный рынок сократился на 4,1% в феврале 2017 года  Продажи новых легковых и легких коммерческих автомобилей в России в феврале 2017 года сократились на 4,1%.  Все десять моделей, лидеров продаж новых легковых автомобилей, местного производства. Февраль 2017 г. ознаменовался падением уровня продаж на 4,1%, или на 4 574 штук по сравнению с февралём 2016 года, и составил 106 658 автомобилей. В 2017 году в январе – феврале было продано 184 574 автомобиля (данные Комитета автопроизводителей АЕБ).",в феврале 2017,
RUS_Car Sales in January 2017.pdf,https://aebrus.ru/upload/iblock/804/rus_car-sales-in-january-2017.pdf,https://aebrus.ru/ru/media/press-releases/sales-of-cars-and-light-commercial-vehicles.php?PAGEN_1=6#search,aeb_rus_sales_data\pdf\rus_car-sales-in-january-2017.pdf,aeb_rus_sales_data\text\rus_car-sales-in-january-2017.txt,6,"AEB SPONSORS 2017 – СПОНСОРЫ АЕБ 2017 • Allianz IC OJSC • Alstom • Atos • Bank Credit Suisse (Moscow) • BP • BSH Russia • Cargill Enterprises Inc. • CHEP Rus • Clifford Chance • Continental Tires RUS LLC • Crocus International • Deloitte • DuPont Science & Technologies • Enel Russia OJSC • ENGIE • Eni S.p.A • EY • GE (General Electric International (Benelux) B.V.) • HeidelbergCement • ING Wholesale Banking in Russia • John Deere Rus, LLC • KPMG • ManpowerGroup • Mercedes-Benz Russia • Merck LLC • Messe Frankfurt Rus • MetLife • METRO AG • Michelin • MOL Plc • Novartis Group • OBI Russia • Oriflame • Philips Lighting Eurasia LLC • Procter & Gamble • PwC • Raiffeisenbank AO • ROCA • Shell Exploration & Production Services (RF) B.V. • Statoil Russia AS • Total E&P Russie • Unipro PJSC • Volkswagen Group Rus OOO • YIT • YOKOHAMA RUSSIA LLC Association of European Businesses Krasnoproletarskaya str. 16, bld. 3 127473 Moscow, Russia Phone: +7 (495) 234 27 64 Fax: +7 (495) 234 28 07 E-mail: info@aebrus.ru www.aebrus.ru Пресс-релиз 8 февраля 2017 года Автомобильный рынок сократился на 5% в январе 2017 года  Продажи новых легковых и легких коммерческих автомобилей в России в январе 2017 года сократились на 5%.  Все десять моделей, лидеров продаж новых легковых автомобилей, местного производства. Январь 2017 г. ознаменовался падением уровня продаж на 5%, или на 4 078 штук по сравнению с январём 2016 года, и составил 77 916 автомобилей. Комментирует Йорг Шрайбер, Председатель Комитета автопроизводителей АЕБ: «Если рынок и собирается вырасти в этом году, то январь не показал никакой спешки в этом намерении. После очень медленных первых двух недель покупательская активность заметно и последовательно увеличивалась, начиная с середины месяца. Это предполагает, что покупатели приняли продуктовые предложения и цены 2017 года и смирились с новой реальностью. Это является солидной базой, чтобы стартовать в начале весеннего сезона, и с продолжением текущего тренда это должно быть только вопросом времени, когда мы увидим рост по сравнению с предыдущим годом». Контакты: Ольга Зуева, координатор Комитета автопроизводителей АЕБ, olga.zueva@aebrus.ru , тел. (+7 495) 234 27 64 Юлия Щеглова, менеджер проектов по исследованию рынка и статистики АЕБ, yuliya.sheglova@aebrus.ru , тел. +7 (495) 234 27 64 -------------------------------------------------------------- Приложения: 1. Продажи новых легковых и легких коммерческих автомобилей в России за январь 2017/2016 2. Продажи новых легковых и легких коммерческих автомобилей по группам за январь 2017/2016 3. 25 наиболее продаваемых моделей легковых автомобилей в России за январь 2017/2016",2017-02-08,"года Автомобильный рынок сократился на 5% в январе 2017 года  Продажи новых легковых и легких коммерческих автомобилей в России в январе 2017 года сократились на 5%.  Все десять моделей, лидеров продаж новых легковых автомобилей, местного производства. Январь 2017 г. ознаменовался падением уровня продаж на 5%, или на 4 078 штук по сравнению с январём 2016 года, и составил 77 916 автомобилей.",в январе 2017,
RUS_Car Sales in December 2016.pdf,https://aebrus.ru/upload/iblock/927/rus_car-sales-in-december-2016.pdf,https://aebrus.ru/ru/media/press-releases/sales-of-cars-and-light-commercial-vehicles.php?PAGEN_1=6#search,aeb_rus_sales_data\pdf\rus_car-sales-in-december-2016.pdf,aeb_rus_sales_data\text\rus_car-sales-in-december-2016.txt,6,"AEB SPONSORS 2017 – СПОНСОРЫ АЕБ 2017 • Allianz IC OJSC • Alstom • Atos • Bank Credit Suisse (Moscow) • BP • BSH Russia • Cargill Enterprises Inc. • CHEP Rus • Clifford Chance • Continental Tires RUS LLC • Crocus International • Deloitte • DuPont Science & Technologies • Enel Russia OJSC • ENGIE • Eni S.p.A • EY • GE (General Electric International (Benelux) B.V.) • HeidelbergCement • ING Wholesale Banking in Russia • John Deere Rus, LLC • KPMG • ManpowerGroup • Mercedes-Benz Russia • Merck LLC • Messe Frankfurt Rus • MetLife • METRO AG • Michelin • MOL Plc • Novartis Group • OBI Russia • Oriflame • Philips Lighting Eurasia LLC • Procter & Gamble • PwC • Raiffeisenbank AO • ROCA • Shell Exploration & Production Services (RF) B.V. • Statoil Russia AS • Total E&P Russie • Unipro PJSC • Volkswagen Group Rus OOO • YIT • YOKOHAMA RUSSIA LLC Association of European Businesses Krasnoproletarskaya str. 16, bld. 3 127473 Moscow, Russia Phone: +7 (495) 234 27 64 Fax: +7 (495) 234 28 07 E-mail: info@aebrus.ru www.aebrus.ru Пресс-релиз 12 января 2017 года Автомобильный рынок сократился на 11% в 2016 году  Продажи новых легковых и легких коммерческих автомобилей в России в декабре 2016 года упали на 1%.  Девять моделей из десятки лидеров продаж новых легковых автомобилей местного производства. Декабрь 2016 г. ознаменовался падением уровня продаж на 1%, или на 1 526 штук по сравнению с декабрём 2015 года, что составило 145 668 автомобилей. В 2016 г. российский автомобильный рынок снизился на 11%, или на 176 319 штук проданных новых легковых и легких коммерческих автомобилей по сравнению с аналогичным периодом 2015 года (данные Комитета автопроизводителей АЕБ). В 2016 году был продан всего 1 425 791 автомобиль. Комментирует Йорг Шрайбер, Председатель Комитета автопроизводителей АЕБ: «Почти достигнутый баланс в продажах декабря к декабрю предыдущего года подводит черту под похожий баланс в рамках 4 квартала (-0.9% против аналогичного периода прошлого года). Сравнивая с двузначными цифрами падения в первые 9 месяцев года, - это хороший результат. Рынок в целом по- прежнему нуждается в положительном развороте, но, очевидно, находится в процесс финального поиска дна. Продажи пассажирских и легких коммерческих автомобилей в 2016 календарном году достигли 1,42 млн шт., что на 11% ниже 2015 года с результатом 1,60 млн шт. АЕБ надеется, что в 2017 г. у рынка есть потенциал закончить 4-летний период падения и вернуться к умеренному росту. Ожидается, что общий размер рынка будет равен 1,48 млн автомобилей или, иными словами, на 4% больше, чем в 2016 году». Контакты: Ольга Зуева, координатор Комитета автопроизводителей АЕБ, olga.zueva@aebrus.ru , тел. (+7 495) 234 27 64 Юлия Щеглова, менеджер проектов по исследованию рынка и статистики АЕБ, yuliya.sheglova@aebrus.ru , тел. +7 (495) 234 27 64 -------------------------------------------------------------- Приложения: 1. Продажи новых легковых и легких коммерческих автомобилей в России за периоды декабрь 2016/2015 и январь – декабрь 2016/2015 гг. 2. Продажи новых легковых и легких коммерческих автомобилей по группам за периоды декабрь 2016/2015 и январь – декабрь 2016/2015 гг. 3. 25 наиболее продаваемых моделей легковых автомобилей в России за периоды декабрь 2016/2015 и январь – декабрь 2016/2015 гг",2017-01-12,"года Автомобильный рынок сократился на 11% в 2016 году  Продажи новых легковых и легких коммерческих автомобилей в России в декабре 2016 года упали на 1%.  Девять моделей из десятки лидеров продаж новых легковых автомобилей местного производства. Декабрь 2016 г. ознаменовался падением уровня продаж на 1%, или на 1 526 штук по сравнению с декабрём 2015 года, что составило 145 668 автомобилей. В 2016 г. российский автомобильный рынок снизился на 11%, или на 176 319 штук проданных новых легковых и легких коммерческих автомобилей по сравнению с аналогичным периодом 2015 года (данные Комитета автопроизводителей АЕБ). В 2016 году был продан всего 1 425 791 автомобиль.",в 2016 году,
RUS_Car Sales in November 2016.pdf,https://aebrus.ru/upload/iblock/064/rus_car-sales-in-november-2016.pdf,https://aebrus.ru/ru/media/press-releases/sales-of-cars-and-light-commercial-vehicles.php?PAGEN_1=6#search,aeb_rus_sales_data\pdf\rus_car-sales-in-november-2016.pdf,aeb_rus_sales_data\text\rus_car-sales-in-november-2016.txt,6,"• Allianz IC OJSC • Alstom • Atos • Bank Credit Suisse (Moscow) • BP • BSH Russia • Cargill Enterprises Inc. • CHEP Rus • Clifford Chance • Continental Tires RUS LLC • Crocus International • Deloitte • DuPont Science & Technologies • Enel Russia OJSC • ENGIE • Eni S.p.A • EY • Finexpertiza • GE (General Electric International (Benelux) B.V.) • HeidelbergCement • ING Wholesale Banking in Russia • John Deere Rus, LLC • KPMG • ManpowerGroup • Mercedes-Benz Russia • Merck LLC • Messe Frankfurt Rus • MetLife • METRO AG • Michelin • MOL Plc • Novartis Group • OBI Russia • Oriflame • Philips Lighting Eurasia LLC • Procter & Gamble • PwC • Raiffeisenbank AO • ROCA • Shell Exploration & Production Services (RF) B.V. • Statoil Russia AS • Telenor Russia AS • TMF Group • Total E&P Russie • Unipro PJSC • Volkswagen Group Rus OOO • YIT • YOKOHAMA RUSSIA LLC Association of European Businesses Krasnoproletarskaya str. 16, bld. 3 127473 Moscow, Russia Phone: +7 (495) 234 27 64 Fax: +7 (495) 234 28 07 E-mail: info@aebrus.ru www.aebrus.ru Пресс-релиз 8 декабря 2016 года Автомобильный рынок вырос на 0,6% в ноябре 2016 года  Продажи новых легковых и легких коммерческих автомобилей в России в ноябре 2016 года выросли на 0,6%.  Девять моделей из десятки лидеров продаж новых легковых автомобилей, местного производства. В ноябре 2016 г. уровень продаж увеличился на 0,6%, или на 727 штук по сравнению с ноябрём 2015 года, и составил 132 346 автомобилей. В 2016 году в январе – ноябре было продано 1 279 987 автомобилей. Комментирует Йорг Шрайбер, Председатель Комитета автопроизводителей АЕБ: «Ноябрьские продажи сделали этот месяц первым за последние почти 2 года (с декабря 2014), когда была достигнута положительная динамика от года к году. Хорошо, что, в конце концов, есть повод сказать об этом, но слишком рано делать выводы о смене тренда. Сейчас все внимание приковано к декабрю, у которого есть потенциал продемонстрировать, что рынок продолжает двигаться в правильном направлении». Контакты: Ольга Зуева, координатор Комитета автопроизводителей АЕБ, olga.zueva@aebrus.ru, тел. +7 (495) 234 27 64 Юлия Щеглова, менеджер проектов по исследованию рынка и статистики АЕБ, yuliya.sheglova@aebrus.ru , тел. +7 (495) 234 27 64 -------------------------------------------------------------- Приложения: 1. Продажи новых легковых и легких коммерческих автомобилей в России за периоды ноябрь 2016/2015 и январь — ноябрь 2016/2015 2. Продажи новых легковых и легких коммерческих автомобилей по группам за периоды ноябрь 2016/2015 и январь — ноябрь 2016/2015 3. 25 наиболее продаваемых моделей легковых автомобилей в России за периоды ноябрь 2016/2015 и январь — ноябрь 2016/2015",2016-12-08,"года Автомобильный рынок вырос на 0,6% в ноябре 2016 года  Продажи новых легковых и легких коммерческих автомобилей в России в ноябре 2016 года выросли на 0,6%.  Девять моделей из десятки лидеров продаж новых легковых автомобилей, местного производства. В ноябре 2016 г. уровень продаж увеличился на 0,6%, или на 727 штук по сравнению с ноябрём 2015 года, и составил 132 346 автомобилей. В 2016 году в январе – ноябре было продано 1 279 987 автомобилей.",в ноябре 2016,
RUS_Car Sales in October 2016.pdf,https://aebrus.ru/upload/iblock/8b4/rus_car-sales-in-october-2016.pdf,https://aebrus.ru/ru/media/press-releases/sales-of-cars-and-light-commercial-vehicles.php?PAGEN_1=6#search,aeb_rus_sales_data\pdf\rus_car-sales-in-october-2016.pdf,aeb_rus_sales_data\text\rus_car-sales-in-october-2016.txt,6,"AEB SPONSORS 2016 – СПОНСОРЫ АЕБ 2016 • Allianz IC OJSC • Alstom • Atos • Bank Credit Suisse (Moscow) • BP • BSH Russia • Cargill Enterprises Inc. • Clifford Chance • Continental Tires RUS LLC • Crocus International • Deloitte • DuPont Science & Technologies • Enel Russia OJSC • ENGIE • Eni S.p.A • EY • Finexpertiza • GE (General Electric International (Benelux) B.V.) • HeidelbergCement • ING Wholesale Banking in Russia • John Deere Rus, LLC • KPMG • ManpowerGroup • Mercedes-Benz Russia • Merck LLC • Messe Frankfurt Rus • MetLife • METRO AG • Michelin • MOL Plc • Novartis Group • OBI Russia • Oriflame • Philips Lighting Eurasia LLC • Procter & Gamble • PwC • Raiffeisenbank AO • ROCA • Shell Exploration & Production Services (RF) B.V. • Statoil Russia AS • Telenor Russia AS • TMF Group • Total E&P Russie • Unipro PJSC • Volkswagen Group Rus OOO • YIT • YOKOHAMA RUSSIA LLC Association of European Businesses Krasnoproletarskaya str. 16, bld. 3 127473 Moscow, Russia Phone: +7 (495) 234 27 64 Fax: +7 (495) 234 28 07 E-mail: info@aebrus.ru www.aebrus.ru Пресс-релиз 9 ноября 2016 года Автомобильный рынок сократился на 2,6% в октябре 2016 года  Продажи новых легковых и легких коммерческих автомобилей в России в октябре 2016 года упали на 2,6%.  Девять моделей из десятки лидеров продаж новых легковых автомобилей, местного производства. Октябрь 2016 г. ознаменовался падением уровня продаж на 2,6%, или на 3 395 штук по сравнению с октябрём 2015 года, что составило 126 658 автомобилей. В 2016 году в январе – октябре было продано 1 147 670 автомобилей. Комментирует Йорг Шрайбер, Председатель Комитета автопроизводителей АЕБ: «В октябре продажи на автомобильном рынке показали умеренное снижение против предыдущего года, немного превосходя при этом продажи сентября. Это неплохой результат, подтверждающий наши ожидания, озвученные ранее, что тренд постановки на учет новых автомобилей должен улучшиться к концу года. Сезонность, конечно, является определенным фактором, но главным драйвером здесь являются правительственные программы, стимулирующие продажи конечным покупателям. Эти программы скоро закончатся, по крайней мере в той хорошо известной форме, в которой мы их знаем. Что ожидает нас в 2017 году, еще предстоит увидеть. Однако уже ясно, что без значимой поддержки правительства любой тренд на стабилизацию был бы кратковременным». Контакты: Ольга Зуева, координатор Комитета автопроизводителей АЕБ, olga.zueva@aebrus.ru, тел. +7 (495) 234 27 64 Юлия Щеглова, менеджер проектов по исследованию рынка и статистики АЕБ, yuliya.sheglova@aebrus.ru , тел. +7 (495) 234 27 64 -------------------------------------------------------------- Приложения: 1. Продажи новых легковых и легких коммерческих автомобилей в России за периоды октябрь 2016/2015 и январь — октябрь 2016/2015 2. Продажи новых легковых и легких коммерческих автомобилей по группам за периоды октябрь 2016/2015 и январь — октябрь 2016/2015 3. 25 наиболее продаваемых моделей легковых автомобилей в России за периоды октябрь 2016/2015 и январь — октябрь 2016/2015",2016-11-09,"года Автомобильный рынок сократился на 2,6% в октябре 2016 года  Продажи новых легковых и легких коммерческих автомобилей в России в октябре 2016 года упали на 2,6%.  Девять моделей из десятки лидеров продаж новых легковых автомобилей, местного производства. Октябрь 2016 г. ознаменовался падением уровня продаж на 2,6%, или на 3 395 штук по сравнению с октябрём 2015 года, что составило 126 658 автомобилей. В 2016 году в январе – октябре было продано 1 147 670 автомобилей.",в октябре 2016,
rus_car-sales-in-september-2016.pdf,https://aebrus.ru/upload/iblock/96b/rus_car_sales_in_september_2016.pdf,https://aebrus.ru/ru/media/press-releases/sales-of-cars-and-light-commercial-vehicles.php?PAGEN_1=6#search,aeb_rus_sales_data\pdf\rus_car_sales_in_september_2016.pdf,aeb_rus_sales_data\text\rus_car_sales_in_september_2016.txt,6,"AEB SPONSORS 2016 – СПОНСОРЫ АЕБ 2016 • Allianz IC OJSC • Alstom • Atos • Bank Credit Suisse (Moscow) • BP • BSH Russia • Cargill Enterprises Inc. • Clifford Chance • Continental Tires RUS LLC • Crocus International • Deloitte • DuPont Science & Technologies • Enel Russia OJSC • ENGIE • Eni S.p.A • EY • General Electric International (Benelux) B.V. • HeidelbergCement • ING Wholesale Banking in Russia • John Deere Rus, LLC • KPMG • ManpowerGroup • Mercedes-Benz Russia • Merck LLC • Messe Frankfurt Rus • MetLife • METRO AG • Michelin • MOL Plc • Novartis Group • OBI Russia • Oriflame • Philips Lighting Eurasia LLC • Procter & Gamble • PwC • Raiffeisenbank AO • ROCA • Shell Exploration & Production Services (RF) B.V. • Statoil Russia AS • Telenor Russia AS • TMF Group • Total E&P Russie • Unipro PJSC • Volkswagen Group Rus OOO • YIT • YOKOHAMA RUSSIA LLC Association of European Businesses Krasnoproletarskaya str. 16, bld. 3 127473 Moscow, Russia Phone: +7 (495) 234 27 64 Fax: +7 (495) 234 28 07 E-mail: info@aebrus.ru www.aebrus.ru Пресс-релиз 10 октября 2016 года Автомобильный рынок сократился на 10,9 % в сентябре 2016 года  Продажи новых легковых и легких коммерческих автомобилей в России в сентябре 2016 года упали на 10,9%.  Девять моделей из десятки лидеров продаж новых легковых автомобилей, местного производства. Сентябрь 2016 г. ознаменовался падением уровня продаж на 10,9%, или на 15 375 штуки по сравнению с сентябрём 2015 года, что составило 125 568 автомобилей. В 2016 году в январе – сентябре было продано 1 020 932 автомобилей. Комментирует Йорг Шрайбер, Председатель Комитета автопроизводителей АЕБ: «По завершении девятого месяца года рынок, наконец, преодолел планку в 1 млн автомобилей. Это, возможно, не то, что мы надеялись получить к данному моменту, но больше, чем предсказания пессимистов для всего года. Темпы продаж в оставшиеся месяцы года будут зависеть от того, поверят ли покупатели или нет в продолжение государственных программ поддержки продаж, например программы трейд-ин. Те, кто предположит, что окончание программ близко, могут ускорить принятие решения о покупке. Если большинство будет думать таким образом, то спрос на новые автомобили может кратковременно вырасти». Контакты: Ольга Зуева, координатор Комитета автопроизводителей АЕБ, olga.zueva@aebrus.ru, тел. +7 (495) 234 27 64 Юлия Щеглова, менеджер проектов по исследованию рынка и статистики АЕБ, yuliya.sheglova@aebrus.ru , тел. +7 (495) 234 27 64 -------------------------------------------------------------- Приложения: 1. Продажи новых легковых и легких коммерческих автомобилей в России за периоды август 2016/2015 и январь — сентябрь 2016/2015 2. Продажи новых легковых и легких коммерческих автомобилей по группам за периоды август 2016/2015 и январь — сентябрь 2016/2015 3. 25 наиболее продаваемых моделей легковых автомобилей в России за периоды август 2016/2015 и январь — сентябрь 2016/2015",2016-10-10,"года Автомобильный рынок сократился на 10,9 % в сентябре 2016 года  Продажи новых легковых и легких коммерческих автомобилей в России в сентябре 2016 года упали на 10,9%.  Девять моделей из десятки лидеров продаж новых легковых автомобилей, местного производства. Сентябрь 2016 г. ознаменовался падением уровня продаж на 10,9%, или на 15 375 штуки по сравнению с сентябрём 2015 года, что составило 125 568 автомобилей. В 2016 году в январе – сентябре было продано 1 020 932 автомобилей.",в сентябре 2016,
RUS_Car Sales in August 2016.pdf,https://aebrus.ru/upload/iblock/043/rus_car-sales-in-august-2016.pdf,https://aebrus.ru/ru/media/press-releases/sales-of-cars-and-light-commercial-vehicles.php?PAGEN_1=6#search,aeb_rus_sales_data\pdf\rus_car-sales-in-august-2016.pdf,aeb_rus_sales_data\text\rus_car-sales-in-august-2016.txt,6,"AEB SPONSORS 2016 – СПОНСОРЫ АЕБ 2016 • Allianz IC OJSC • Alstom • Atos • Bank Credit Suisse (Moscow) • BP • BSH Russia • Cargill Enterprises Inc. • Clifford Chance • Continental Tires RUS LLC • Crocus International • Deloitte • DuPont Science & Technologies • Enel Russia OJSC • ENGIE • Eni S.p.A • EY • General Electric International (Benelux) B.V. • HeidelbergCement • ING Wholesale Banking in Russia • John Deere Rus, LLC • KPMG • ManpowerGroup • Mercedes-Benz Russia • Merck LLC • Messe Frankfurt Rus • MetLife • METRO AG • Michelin • MOL Plc • Novartis Group • OBI Russia • Oriflame • Philips Lighting Eurasia LLC • Procter & Gamble • PwC • Raiffeisenbank AO • ROCA • Shell Exploration & Production Services (RF) B.V. • Statoil Russia AS • Telenor Russia AS • TMF Group • Total E&P Russie • Unipro PJSC • Volkswagen Group Rus OOO • YIT • YOKOHAMA RUSSIA LLC Association of European Businesses Krasnoproletarskaya str. 16, bld. 3 127473 Moscow, Russia Phone: +7 (495) 234 27 64 Fax: +7 (495) 234 28 07 E-mail: info@aebrus.ru www.aebrus.ru Пресс-релиз 8 сентябрь 2016 года Автомобильный рынок сократился на 18,0 % в августе 2016 года  Продажи новых легковых и легких коммерческих автомобилей в России в августе 2016 года упали на 18,0%.  Девять моделей из десятки лидеров продаж новых легковых автомобилей, местного производства. Август 2016 г. ознаменовался падением уровня продаж на 18,0%, или на 24 969 штуки по сравнению с августом 2015 года, что составило 113 749 автомобилей. В 2016 году в январе – августе было продано 895 357 автомобилей. Комментирует Йорг Шрайбер, Председатель Комитета автопроизводителей АЕБ: «Август оказался не способен прервать отрицательный тренд в динамике продаж по сравнению с аналогичным периодом прошлого года, который мы наблюдали в последние месяцы. Однако необходимо помнить, что в прошлом году продажи августа были поддержаны скачками валютного курса, стимулирующими клиентов ускорить покупку автомобиля. Такого не случилось в этом году, что плохо для статистики прошедшего месяца, но хорошо для продаж ближайшего будущего, так как спрос не был деформирован валютным курсом. Хорошей новостью является и тот факт, что на данный момент рынок перестал проседать ниже исторического дна, достигнутого в 2009 году. Есть хорошие шансы на то, что эта история продолжится в сентябре». Контакты: Ольга Зуева, координатор Комитета автопроизводителей АЕБ, olga.zueva@aebrus.ru, тел. +7 (495) 234 27 64 Юлия Щеглова, менеджер проектов по исследованию рынка и статистики АЕБ, yuliya.sheglova@aebrus.ru , тел. +7 (495) 234 27 64 -------------------------------------------------------------- Приложения: 1. Продажи новых легковых и легких коммерческих автомобилей в России за периоды август 2016/2015 и январь — август 2016/2015 2. Продажи новых легковых и легких коммерческих автомобилей по группам за периоды август 2016/2015 и январь — август 2016/2015 3. 25 наиболее продаваемых моделей легковых автомобилей в России за периоды август 2016/2015 и январь — август 2016/2015",,"года Автомобильный рынок сократился на 18,0 % в августе 2016 года  Продажи новых легковых и легких коммерческих автомобилей в России в августе 2016 года упали на 18,0%.  Девять моделей из десятки лидеров продаж новых легковых автомобилей, местного производства. Август 2016 г. ознаменовался падением уровня продаж на 18,0%, или на 24 969 штуки по сравнению с августом 2015 года, что составило 113 749 автомобилей. В 2016 году в январе – августе было продано 895 357 автомобилей.",в августе 2016,
RUS_Car Sales in July 2016.pdf,https://aebrus.ru/upload/iblock/d6a/rus_car-sales-in-july-2016.pdf,https://aebrus.ru/ru/media/press-releases/sales-of-cars-and-light-commercial-vehicles.php?PAGEN_1=6#search,aeb_rus_sales_data\pdf\rus_car-sales-in-july-2016.pdf,aeb_rus_sales_data\text\rus_car-sales-in-july-2016.txt,6,"AEB SPONSORS 2016 – СПОНСОРЫ АЕБ 2016 • Allianz IC OJSC • Alstom • Atos • Bank Credit Suisse (Moscow) • BP • BSH Russia • Cargill Enterprises Inc. • Clifford Chance • Continental Tires RUS LLC • Crocus International • Deloitte • DuPont Science & Technologies • Enel Russia OJSC • ENGIE • Eni S.p.A • EY • HeidelbergCement • ING Commercial Banking • John Deere Rus, LLC • KPMG • ManpowerGroup • Mercedes-Benz Russia • Merck LLC • Messe Frankfurt Rus • MetLife • METRO AG • Michelin • MOL Plc • Novartis Group • OBI Russia • Oriflame • Philips Lighting Eurasia LLC • Procter & Gamble • PwC • Raiffeisenbank ZAO • ROCA • Shell Exploration & Production Services (RF) B.V. • Statoil Russia AS • Telenor Russia AS • TMF Group • Total E&P Russie • Unipro PJSC • Volkswagen Group Rus OOO • YIT • YOKOHAMA RUSSIA LLC Association of European Businesses Krasnoproletarskaya str. 16, bld. 3 127473 Moscow, Russia Phone: +7 (495) 234 27 64 Fax: +7 (495) 234 28 07 E-mail: info@aebrus.ru www.aebrus.ru Пресс-релиз 8 августа 2016 года Автомобильный рынок сократился на 16,6 % в июле 2016 года  Продажи новых легковых и легких коммерческих автомобилей в России в июле 2016 года упали на 16,6%.  Девять моделей из десятки лидеров продаж новых легковых автомобилей, местного производства. Июль 2016 г. ознаменовался падением уровня продаж на 16,6%, или на 21 742 штуки по сравнению с июлем 2015 года, что составило 109 410 автомобилей. В 2016 году в январе – июле было продано 781 605 автомобилей. Комментирует Йорг Шрайбер, Председатель Комитета автопроизводителей АЕБ: «Нравится нам это или нет, но в целом текущее состояние рынка далеко от того, чтобы по крайней мере стабилизироваться на скромном уровне прошлого года. Несмотря на устойчивые цены, большие скидки и сохранение поддержки со стороны правительства, основная проблема заключается в том, что на данный момент существует только ограниченное количество клиентов, которые имеют желание и возможность потратить деньги на приобретение нового автомобиля. Однако долгосрочный спрос остаётся на высоком уровне и на самом деле даже увеличивается в связи с тем, что решение о покупке откладывается. Это лишь вопрос времени, когда указанный спрос реализуется. Однако все еще остаётся неясным, как долго нам придется ждать перемены ситуации в лучшую сторону». Контакты: Ольга Зуева, координатор Комитета автопроизводителей АЕБ, olga.zueva@aebrus.ru, тел. +7 (495) 234 27 64 Юлия Щеглова, менеджер проектов по исследованию рынка и статистики АЕБ, yuliya.sheglova@aebrus.ru , тел. +7 (495) 234 27 64 -------------------------------------------------------------- Приложения: 1. Продажи новых легковых и легких коммерческих автомобилей в России за периоды июль 2016/2015 и январь — июль 2016/2015 2. Продажи новых легковых и легких коммерческих автомобилей по группам за периоды июль 2016/2015 и январь — июль 2016/2015 3. 25 наиболее продаваемых моделей легковых автомобилей в России за периоды июль 2016/2015 и январь — июль 2016/2015",2016-08-08,"года Автомобильный рынок сократился на 16,6 % в июле 2016 года  Продажи новых легковых и легких коммерческих автомобилей в России в июле 2016 года упали на 16,6%.  Девять моделей из десятки лидеров продаж новых легковых автомобилей, местного производства. Июль 2016 г. ознаменовался падением уровня продаж на 16,6%, или на 21 742 штуки по сравнению с июлем 2015 года, что составило 109 410 автомобилей. В 2016 году в январе – июле было продано 781 605 автомобилей.",в июле 2016,
RUS_Car Sales in June 2016.pdf,https://aebrus.ru/upload/iblock/424/rus_car-sales-in-june-2016.pdf,https://aebrus.ru/ru/media/press-releases/sales-of-cars-and-light-commercial-vehicles.php?PAGEN_1=6#search,aeb_rus_sales_data\pdf\rus_car-sales-in-june-2016.pdf,aeb_rus_sales_data\text\rus_car-sales-in-june-2016.txt,6,"AEB SPONSORS 2016 – СПОНСОРЫ АЕБ 2016 • Allianz IC OJSC • Alstom • Atos • Bank Credit Suisse (Moscow) • BP • BSH Group • Cargill Enterprises Inc. • Clifford Chance • Continental Tires RUS LLC • Crocus International • Deloitte • DuPont Science & Technologies • Enel Russia OJSC • ENGIE • Eni S.p.A • EY • HeidelbergCement • ING Commercial Banking • John Deere Rus, LLC • KPMG • ManpowerGroup • Mercedes-Benz Russia • Merck LLC • Messe Frankfurt Rus • MetLife • METRO AG • Michelin • MOL Plc • Novartis Group • OBI Russia • Oriflame • Procter & Gamble • PwC • Raiffeisenbank ZAO • ROCA • Shell Exploration & Production Services (RF) B.V. • Statoil Russia AS • Telenor Russia AS • TMF Group • Total E&P Russie • Unipro PJSC • Volkswagen Group Rus OOO • YIT • YOKOHAMA RUSSIA LLC Ассоциация европейского бизнеса Россия, 127473 Москва, Ул. Краснопролетарская 16, стр. 3 Тел.: +7 (495) 234 27 64 Факс: +7 (495) 234 28 07 E-mail: info@aebrus.ru www.aebrus.ru Пресс-релиз 8 июля 2016 года Автомобильный рынок сократился на 12,5 % в июне 2016 года  Продажи новых легковых и легких коммерческих автомобилей в России в июне 2016 года упали на 12,5%.  Девять моделей из десятки лидеров продаж новых легковых автомобилей, местного производства. Июнь 2016 г. ознаменовался падением уровня продаж на 12,5%, или на 17 562 штук по сравнению с июнем 2015 года, что составило 122 633 автомобилей. В 2016 году в январе – июне было продано 672 140 автомобилей. Комментирует Йорг Шрайбер, Председатель Комитета автопроизводителей АЕБ: «Продажи июня не смогли существенно улучшить суммарный результат первой половины года. Рынок продолжил сжатие, выраженное двузначными цифрами, т.е. быстрее, чем предполагалось в начале года. Учитывая это обстоятельство, АЕБ обновляет прогноз 2016 года до уровня 1,44 млн. шт., что означает падение на 10,3% по сравнению с 2015 годом. Данный прогноз подразумевает замедление негативного тренда во второй половине 2016 года до уровня 6-7 % или, иными словами, до половины от того, что мы наблюдали в текущем году». Контакты: Ольга Зуева, координатор Комитета автопроизводителей АЕБ, olga.zueva@aebrus.ru , тел. +7 (495) 234 27 64 Юлия Щеглова, менеджер проектов по исследованию рынка и статистики АЕБ, yuliya.sheglova@aebrus.ru , тел. +7 (495) 234 27 64 -------------------------------------------------------------- Приложения: 1. Продажи новых легковых и легких коммерческих автомобилей в России за периоды июнь 2016/2015 и январь — июнь 2016/2015 2. Продажи новых легковых и легких коммерческих автомобилей по группам за периоды июнь 2016/2015 и январь — июнь 2016/2015 3. 25 наиболее продаваемых моделей легковых автомобилей в России за периоды июнь 2016/2015 и январь — июнь 2016/2015",2016-07-08,"года Автомобильный рынок сократился на 12,5 % в июне 2016 года  Продажи новых легковых и легких коммерческих автомобилей в России в июне 2016 года упали на 12,5%.  Девять моделей из десятки лидеров продаж новых легковых автомобилей, местного производства. Июнь 2016 г. ознаменовался падением уровня продаж на 12,5%, или на 17 562 штук по сравнению с июнем 2015 года, что составило 122 633 автомобилей. В 2016 году в январе – июне было продано 672 140 автомобилей.",в июне 2016,
RUS_Car Sales in May 2016.pdf,https://aebrus.ru/upload/iblock/ed5/rus_car-sales-in-may-2016.pdf,https://aebrus.ru/ru/media/press-releases/sales-of-cars-and-light-commercial-vehicles.php?PAGEN_1=6#search,aeb_rus_sales_data\pdf\rus_car-sales-in-may-2016.pdf,aeb_rus_sales_data\text\rus_car-sales-in-may-2016.txt,6,"AEB SPONSORS 2016 – СПОНСОРЫ АЕБ 2016 • Allianz IC OJSC • Alstom • Atos • Bank Credit Suisse (Moscow) • BP • BSH Group • Cargill Enterprises Inc. • Clifford Chance • Continental Tires RUS LLC • Crocus International • Deloitte • DuPont Science & Technologies • E.ON Russia • Enel Russia OJSC • ENGIE • Eni S.p.A • EY • HeidelbergCement • ING Commercial Banking • John Deere Rus, LLC • KPMG • ManpowerGroup • Mercedes-Benz Russia • Merck LLC • Messe Frankfurt Rus • MetLife • METRO AG • Michelin • MOL Plc • Novartis Group • OBI Russia • Oriflame • Procter & Gamble • PwC • Raiffeisenbank ZAO • ROCA • Shell Exploration & Production Services (RF) B.V. • Statoil Russia AS • Telenor Russia AS • TMF Group • Total E&P Russie • Volkswagen Group Rus OOO • YIT • YOKOHAMA RUSSIA LLC Association of European Businesses Krasnoproletarskaya str. 16, bld. 3 127473 Moscow, Russia Phone: +7 (495) 234 27 64 Fax: +7 (495) 234 28 07 E-mail: info@aebrus.ru www.aebrus.ru Пресс-релиз 8 июня 2016 года Автомобильный рынок сократился на 14,5 % в мае 2016 года  Продажи новых легковых и легких коммерческих автомобилей в России в мае 2016 года упали на 14,5%.  Девять моделей из десятки лидеров продаж новых легковых автомобилей, местного производства. Май 2016 г. ознаменовался падением уровня продаж на 14,5%, или на 18 203 штук по сравнению с маем 2015 года, что составило 107 665 автомобилей. В 2016 году в январе – мае было продано 548 119 автомобилей. Комментирует Йорг Шрайбер, Председатель Комитета автопроизводителей АЕБ: «Результат продаж в мае демонстрирует, что путь к стабилизации рынка остается ухабистым. В то время, когда автомобильный рынок испытывает трудности, макроэкономическая ситуация дает повод для осторожного оптимизма. Превалирующая точка зрения в экспертном сообществе состоит в том, что российская экономика прошла свою нижнюю точку и прогноз, по крайней мере, до конца года стабильный и даже положительный, глядя на 2017 год. Такая перспектива, конечно, обнадеживает, но она еще должна быть осознана покупателями прежде, чем она материализуется в их растущей уверенности и последующей активности на рынке. В настоящий момент терпение – главный пункт в повестке дня. После подведения итогов продаж июня АЕБ планирует обновить годовой прогноз российского автомобильного рынка 2016». Контакты: Ольга Зуева, координатор Комитета автопроизводителей АЕБ, olga.zueva@aebrus.ru , тел. +7 (495) 234 27 64 Юлия Щеглова, менеджер проектов по исследованию рынка и статистики АЕБ, yuliya.sheglova@aebrus.ru , тел. +7 (495) 234 27 64 -------------------------------------------------------------- Приложения: 1. Продажи новых легковых и легких коммерческих автомобилей в России за периоды май 2016/2015 и январь — май 2016/2015 2. Продажи новых легковых и легких коммерческих автомобилей по группам за периоды май 2016/2015 и январь — май 2016/2015 3. 25 наиболее продаваемых моделей легковых автомобилей в России за периоды май 2016/2015 и январь — май 2016/2015",2016-06-08,"года Автомобильный рынок сократился на 14,5 % в мае 2016 года  Продажи новых легковых и легких коммерческих автомобилей в России в мае 2016 года упали на 14,5%.  Девять моделей из десятки лидеров продаж новых легковых автомобилей, местного производства. Май 2016 г. ознаменовался падением уровня продаж на 14,5%, или на 18 203 штук по сравнению с маем 2015 года, что составило 107 665 автомобилей. В 2016 году в январе – мае было продано 548 119 автомобилей.",в мае 2016,
RUS_Car Sales in April 2016.pdf,https://aebrus.ru/upload/iblock/4b8/rus_car-sales-in-april-2016.pdf,https://aebrus.ru/ru/media/press-releases/sales-of-cars-and-light-commercial-vehicles.php?PAGEN_1=7#search,aeb_rus_sales_data\pdf\rus_car-sales-in-april-2016.pdf,aeb_rus_sales_data\text\rus_car-sales-in-april-2016.txt,6,"AEB SPONSORS 2016 – СПОНСОРЫ АЕБ 2016 • Allianz IC OJSC • Alstom • Atos • Bank Credit Suisse (Moscow) • BP • BSH Group • Cargill Enterprises Inc. • Clifford Chance • Continental Tires RUS LLC • Crocus International • Deloitte • DuPont Science & Technologies • E.ON Russia • Enel Russia OJSC • ENGIE • Eni S.p.A • EY • HeidelbergCement • ING Commercial Banking • John Deere Rus, LLC • KPMG • ManpowerGroup • Mercedes-Benz Russia • Merck LLC • Messe Frankfurt Rus • MetLife • METRO AG • Michelin • MOL Plc • Novartis Group • OBI Russia • Oriflame • Procter & Gamble • PwC • Raiffeisenbank ZAO • ROCA • Shell Exploration & Production Services (RF) B.V. • Statoil Russia AS • Telenor Russia AS • TMF Group • Total E&P Russie • Volkswagen Group Rus OOO • YIT • YOKOHAMA RUSSIA LLC Association of European Businesses Krasnoproletarskaya str. 16, bld. 3 127473 Moscow, Russia Phone: +7 (495) 234 27 64 Fax: +7 (495) 234 28 07 E-mail: info@aebrus.ru www.aebrus.ru Пресс-релиз 12 мая 2016 года Автомобильный рынок сократился на 8,5 % в апреле 2016 года  Продажи новых легковых и легких коммерческих автомобилей в России в апреле 2016 года упали на 8,5%.  Девять моделей из десятки лидеров продаж новых легковых автомобилей, местного производства. Апрель 2016 г. ознаменовался падением уровня продаж на 8,5%, или на 11 269 штук по сравнению с апрелем 2015 года, что составило 121 272 автомобилей. В 2016 году в январе – апреле было продано 440 583 автомобиля. Комментирует Йорг Шрайбер, Председатель Комитета автопроизводителей АЕБ: «Рынок продолжает показывать постоянное, хотя и медленное, продвижение к тому, чтобы нащупать дно в терминах сравнения года к году. Между тем, абсолютные объемы продаж упали до самых низких значений за десять лет, что в равной степени касается как марта и апреля, так и совокупного результата первых четырех месяцев года. В этих обстоятельствах горячо приветствуется решение российского правительства о продлении мер по стимулированию рынка. Это - правильное действие, нацеленное на то, чтобы помочь рынку преодолеть, возможно, самый тяжелый период в современной истории». Контакты: Ольга Зуева, координатор Комитета автопроизводителей АЕБ, olga.zueva@aebrus.ru , тел. +7 (495) 234 27 64 Юлия Щеглова, менеджер проектов по исследованию рынка и статистики АЕБ, yuliya.sheglova@aebrus.ru , тел. +7 (495) 234 27 64 -------------------------------------------------------------- Приложения: 1. Продажи новых легковых и легких коммерческих автомобилей в России за периоды апрель 2016/2015 и январь — апрель 2016/2015 2. Продажи новых легковых и легких коммерческих автомобилей по группам за периоды апрель 2016/2015 и январь — апрель 2016/2015 3. 25 наиболее продаваемых моделей легковых автомобилей в России за периоды апрель 2016/2015 и январь — апрель 2016/2015",2016-05-12,"года Автомобильный рынок сократился на 8,5 % в апреле 2016 года  Продажи новых легковых и легких коммерческих автомобилей в России в апреле 2016 года упали на 8,5%.  Девять моделей из десятки лидеров продаж новых легковых автомобилей, местного производства. Апрель 2016 г. ознаменовался падением уровня продаж на 8,5%, или на 11 269 штук по сравнению с апрелем 2015 года, что составило 121 272 автомобилей. В 2016 году в январе – апреле было продано 440 583 автомобиля.",в апреле 2016,
RUS_Car Sales in March 2016.pdf,https://aebrus.ru/upload/iblock/d84/rus_car-sales-in-march-2016.pdf,https://aebrus.ru/ru/media/press-releases/sales-of-cars-and-light-commercial-vehicles.php?PAGEN_1=7#search,aeb_rus_sales_data\pdf\rus_car-sales-in-march-2016.pdf,aeb_rus_sales_data\text\rus_car-sales-in-march-2016.txt,6,"AEB SPONSORS 2016 – СПОНСОРЫ АЕБ 2016 • Allianz IC OJSC • Alstom • Atos • Bank Credit Suisse (Moscow) • BP • BSH Group • Cargill Enterprises Inc. • Clifford Chance • Continental Tires RUS LLC • Crocus International • Deloitte • DuPont Science & Technologies • E.ON Russia • Enel Russia OJSC • ENGIE • Eni S.p.A • EY • HeidelbergCement • ING Commercial Banking • John Deere Rus, LLC • KPMG • LEROY MERLIN Russia • ManpowerGroup • Mercedes-Benz Russia • Merck LLC • Messe Frankfurt Rus, O.O.O • MetLife • METRO AG • Michelin • MOL Plc • Novartis Group • OBI Russia • Oriflame • Procter & Gamble • PwC • Raiffeisenbank ZAO • ROCA • Shell Exploration & Production Services (RF) B.V. • Statoil ASA • Telenor Russia AS • TMF Group • Total E&P Russie • Volkswagen Group Rus OOO • YIT • YOKOHAMA RUSSIA LLC Ассоциация европейского бизнеса Россия, 127473 Москва, Ул. Краснопролетарская 16, стр. 3 Тел.: +7 (495) 234 27 64 Факс: +7 (495) 234 28 07 E-mail: info@aebrus.ru www.aebrus.ru Пресс-релиз 8 апреля 2016 года Автомобильный рынок сократился на 10 % в марте 2016 года  Продажи новых легковых и легких коммерческих автомобилей в России в марте 2016 года упали на 10 %.  Девять моделей из десятки лидеров продаж новых легковых автомобилей, местного производства. Март 2016 г. ознаменовался падением уровня продаж на 10%, или на 13 968 штук по сравнению с мартом 2015 года, что составило 125 917 автомобилей. В 2016 году в январе – марте было продано 319 092 автомобилей. Комментирует Йорг Шрайбер, Председатель Комитета автопроизводителей АЕБ: «Результаты продаж марта продемонстрировали, что автомобильный рынок в целом еще не в очень хорошей форме, хотя постепенно движется к тому, чтобы достичь дна после многих месяцев последовательного снижения. Дальнейший прогресс в этом направлении в большой степени зависит от макроэкономического окружения и последовательности усилий правительства по стимулированию спроса на рынке в ближайшие месяцы». Контакты: Ольга Зуева, координатор Комитета автопроизводителей АЕБ, olga.zueva@aebrus.ru , тел. +7 (495) 234 27 64 Юлия Щеглова, менеджер проектов по исследованию рынка и статистики АЕБ, yuliya.sheglova@aebrus.ru , тел. +7 (495) 234 27 64 -------------------------------------------------------------- Приложения: 1. Продажи новых легковых и легких коммерческих автомобилей в России за периоды март 2016/2015 и январь — март 2016/2015 2. Продажи новых легковых и легких коммерческих автомобилей по группам за периоды март 2016/2015 и январь — март 2016/2015 3. 25 наиболее продаваемых моделей легковых автомобилей в России за периоды март 2016/2015 и январь — март 2016/2015",2016-04-08,"года Автомобильный рынок сократился на 10 % в марте 2016 года  Продажи новых легковых и легких коммерческих автомобилей в России в марте 2016 года упали на 10 %.  Девять моделей из десятки лидеров продаж новых легковых автомобилей, местного производства. Март 2016 г. ознаменовался падением уровня продаж на 10%, или на 13 968 штук по сравнению с мартом 2015 года, что составило 125 917 автомобилей. В 2016 году в январе – марте было продано 319 092 автомобилей.",в марте 2016,
RUS_Car Sales in February 2016.pdf,https://aebrus.ru/upload/iblock/39d/rus_car-sales-in-february-2016.pdf,https://aebrus.ru/ru/media/press-releases/sales-of-cars-and-light-commercial-vehicles.php?PAGEN_1=7#search,aeb_rus_sales_data\pdf\rus_car-sales-in-february-2016.pdf,aeb_rus_sales_data\text\rus_car-sales-in-february-2016.txt,6,"AEB SPONSORS 2016 – СПОНСОРЫ АЕБ 2016 • Allianz IC OJSC • Alstom • Atos • Bank Credit Suisse (Moscow) • BP • BSH Group • Cargill Enterprises Inc. • Clifford Chance • Continental Tires RUS LLC • Crocus International • Deloitte • DuPont Science & Technologies • E.ON Russia • Enel Russia OJSC • ENGIE • Eni S.p.A • EY • HeidelbergCement • ING Commercial Banking • John Deere Rus, LLC • KPMG • LEROY MERLIN Russia • ManpowerGroup • Mercedes-Benz Russia • Merck LLC • Messe Frankfurt Rus, O.O.O • MetLife • METRO AG • Michelin • MOL Plc • Novartis Group • OBI Russia • Oriflame • Procter & Gamble • PwC • Raiffeisenbank ZAO • ROCA • Shell Exploration & Production Services (RF) B.V. • Statoil ASA • Telenor Russia AS • TMF Group • Total E&P Russie • Volkswagen Group Rus OOO • YIT • YOKOHAMA RUSSIA LLC Ассоциация европейского бизнеса Россия, 127473 Москва, Ул. Краснопролетарская 16, стр. 3 Тел.: +7 (495) 234 27 64 Факс: +7 (495) 234 28 07 E-mail: info@aebrus.ru www.aebrus.ru Пресс-релиз 10 марта 2016 года Автомобильный рынок сократился на 13,4% в феврале 2016 года  Продажи новых легковых и легких коммерческих автомобилей в России в феврале 2016 года упали на 13,4 %.  Девять моделей из десятки лидеров продаж новых легковых автомобилей, местного производства. Февраль 2016 г. ознаменовался падением уровня продаж на 13,4%, или на 17 232 штук по сравнению с февралём 2015 года, что составило 111 145 автомобилей. Комментирует Йорг Шрайбер, Председатель Комитета автопроизводителей АЕБ: «Падение рынка заметно замедляется – февраль к февралю прошлого года показал минус 13%, что является наименьшим падением за последние 14 месяцев. Это ожидаемое и всеми приветствуемое развитие, во многом обусловленное низкой базой прошлого года. Сейчас приближается весенний сезон, и он обычно приносит положительные новости для автомобильного рынка. Ближайшие недели покажут, в какой форме в действительности находится потребительский спрос в эти дни». Контакты: Ольга Зуева, координатор Комитета автопроизводителей АЕБ, olga.zueva@aebrus.ru , тел. +7 (495) 234 27 64 Юлия Щеглова, менеджер проектов по исследованию рынка и статистики АЕБ, yuliya.sheglova@aebrus.ru , тел. +7 (495) 234 27 64 -------------------------------------------------------------- Приложения: 1. Продажи новых легковых и легких коммерческих автомобилей в России за периоды февраль 2016/2015 и январь — февраль 2016/2015 2. Продажи новых легковых и легких коммерческих автомобилей по группам за периоды февраль 2016/2015 и январь — февраль 2016/2015 3. 25 наиболее продаваемых моделей легковых автомобилей в России за периоды февраль 2016/2015 и январь — февраль 2016/2015",2016-03-10,"года Автомобильный рынок сократился на 13,4% в феврале 2016 года  Продажи новых легковых и легких коммерческих автомобилей в России в феврале 2016 года упали на 13,4 %.  Девять моделей из десятки лидеров продаж новых легковых автомобилей, местного производства. Февраль 2016 г. ознаменовался падением уровня продаж на 13,4%, или на 17 232 штук по сравнению с февралём 2015 года, что составило 111 145 автомобилей.",в феврале 2016,
RUS_Car Sales in January 2016.pdf,https://aebrus.ru/upload/iblock/372/rus_car-sales-in-january-2016.pdf,https://aebrus.ru/ru/media/press-releases/sales-of-cars-and-light-commercial-vehicles.php?PAGEN_1=7#search,aeb_rus_sales_data\pdf\rus_car-sales-in-january-2016.pdf,aeb_rus_sales_data\text\rus_car-sales-in-january-2016.txt,6,"AEB SPONSORS 2016 – СПОНСОРЫ АЕБ 2016 • Allianz IC OJSC • Alstom • Atos • Bank Credit Suisse (Moscow) • BP • BSH Group • Cargill Enterprises Inc. • Clifford Chance • Continental Tires RUS LLC • Crocus International • Deloitte • DuPont Science & Technologies • E.ON Russia • Enel Russia OJSC • ENGIE • Eni S.p.A • EY • HeidelbergCement • ING Commercial Banking • John Deere Rus, LLC • KPMG • LEROY MERLIN Russia • ManpowerGroup • Mercedes-Benz Russia • Merck LLC • Messe Frankfurt Rus, O.O.O • MetLife • METRO AG • Michelin • MOL Plc • Novartis Group • OBI Russia • Oriflame • Procter & Gamble • PwC • Raiffeisenbank ZAO • ROCA • Shell Exploration & Production Services (RF) B.V. • Statoil ASA • Telenor Russia AS • TMF Group • Total E&P Russie • Volkswagen Group Rus OOO • YIT • YOKOHAMA RUSSIA LLC Ассоциация европейского бизнеса Россия, 127473 Москва, Ул. Краснопролетарская 16, стр. 3 Тел.: +7 (495) 234 27 64 Факс: +7 (495) 234 28 07 E-mail: info@aebrus.ru www.aebrus.ru Пресс-релиз 8 февраля 2016 года Автомобильный рынок сократился на 29,1% в январе 2016 года  Продажи новых легковых и легких коммерческих автомобилей в России в январе 2016 года упали на 29,1 %.  Девять моделей из десятки лидеров продаж новых легковых автомобилей, местного производства. Январь 2016 г. ознаменовался падением уровня продаж на 29,1%, или на 33 615 штук по сравнению с январём 2015 года, что составило 81 849 автомобилей. Комментирует Йорг Шрайбер, Председатель Комитета автопроизводителей АЕБ: «Не лучшее начало года, который, как согласились все эксперты, снова покажет отрицательную динамику продаж. Однако, большинство годовых прогнозов, включая наш собственный, имеют лучшую динамику, чем ту, которую мы видели в январе. Январь никогда не был надежным индикатором тренда для последующих месяцев года. Остается надеяться, что это относится и к 2016 году, для которого общие ожидания остаются негативными, хотя и не в такой степени, как наблюдалось в 2015 году. Недавно объявленное продолжение правительственной поддержки автомобильного сектора в первой половине 2016 года – положительный шаг в данном направлении. С другой стороны, продолжающееся повышение цен, подпитываемое очень слабым рублем, будет оставаться главным вызовом на длинном пути восстановления рынка». Контакты: Ольга Зуева, координатор Комитета автопроизводителей АЕБ, olga.zueva@aebrus.ru , тел. (+7 495) 234 27 64 Юлия Щеглова, менеджер проектов по исследованию рынка и статистики АЕБ, yuliya.sheglova@aebrus.ru , тел. +7 (495) 234 27 64 -------------------------------------------------------------- Приложения: 1. Продажи новых легковых и легких коммерческих автомобилей в России за периоды январь 2016/2015 2. Продажи новых легковых и легких коммерческих автомобилей по группам за периоды январь 2016/2015 3. 25 наиболее продаваемых моделей легковых автомобилей в России за периоды январь 2016/2015",2016-02-08,"года Автомобильный рынок сократился на 29,1% в январе 2016 года  Продажи новых легковых и легких коммерческих автомобилей в России в январе 2016 года упали на 29,1 %.  Девять моделей из десятки лидеров продаж новых легковых автомобилей, местного производства. Январь 2016 г. ознаменовался падением уровня продаж на 29,1%, или на 33 615 штук по сравнению с январём 2015 года, что составило 81 849 автомобилей.",в январе 2016,
RUS_Car Sales in December 2015.pdf,https://aebrus.ru/upload/iblock/73a/rus_car-sales-in-december-2015.pdf,https://aebrus.ru/ru/media/press-releases/sales-of-cars-and-light-commercial-vehicles.php?PAGEN_1=7#search,aeb_rus_sales_data\pdf\rus_car-sales-in-december-2015.pdf,aeb_rus_sales_data\text\rus_car-sales-in-december-2015.txt,6,"AEB SPONSORS 2016 – СПОНСОРЫ АЕБ 2016 • Allianz IC OJSC • Alstom • Atos • Bank Credit Suisse (Moscow) • BP • BSH Group • Cargill Enterprises Inc. • Clifford Chance • Continental Tires RUS LLC • Crocus International • Deloitte • DuPont Science & Technologies • E.ON Russia • Enel Russia OJSC • ENGIE • Eni S.p.A • EY • HeidelbergCement • ING Commercial Banking • John Deere Rus, LLC • KPMG • LEROY MERLIN Russia • ManpowerGroup • Mercedes-Benz Russia • Merck LLC • Messe Frankfurt Rus, O.O.O • MetLife • METRO AG • Michelin • MOL Plc • Novartis Group • OBI Russia • Oriflame • Procter & Gamble • PwC • Raiffeisenbank ZAO • ROCA • Shell Exploration & Production Services (RF) B.V. • Statoil ASA • Telenor Russia AS • TMF Group • Total E&P Russie • Volkswagen Group Rus OOO • YIT • YOKOHAMA RUSSIA LLC Ассоциация европейского бизнеса Россия, 127473 Москва, Ул. Краснопролетарская 16, стр. 3 Тел.: +7 (495) 234 27 64 Факс: +7 (495) 234 28 07 E-mail: info@aebrus.ru www.aebrus.ru Пресс-релиз 14 января 2016 года Автомобильный рынок сократился на 35,7% в 2015 году.  Продажи новых легковых и легких коммерческих автомобилей в России в декабре 2015 года упали на 45,7 %.  Девять моделей из десятки лидеров продаж новых легковых автомобилей, местного производства. Декабрь 2015 г. ознаменовался падением уровня продаж на 45,7%, или на 123 682 штук по сравнению с декабрём 2014 года, и составили 146 963 автомобилей. В 2015 г. российский автомобильный рынок снизился на 35,7%, или на 890 187 штук проданных новых легковых и легких коммерческих автомобилей по сравнению с аналогичным периодом 2014 года (данные Комитета автопроизводителей АЕБ). В 2015 году было продано всего 1 601 216 автомобилей. Комментирует Йорг Шрайбер, Председатель Комитета автопроизводителей АЕБ: «Декабрь с продажами 147 тыс. автомобилей оказался лучшим месяцем в 2015 году, оставаясь в то же время чрезвычайно далеким от абсолютного декабрьского рекорда равного 270 тыс., показанного годом ранее. С имеющимся результатом декабря годовые продажи пассажирских и легких коммерческих автомобилей 2015 года достигли отметки в 1,60 млн. единиц, что на 890 тыс. или 35,7% ниже, чем показатель 2014 года равный 2,49 млн. единиц. Ожидания от наступившего года не очень высокие. Консолидированный прогноз членов АЕБ на 2016 год - 1,53 млн. автомобилей при условии, что не будет существенных изменений в государственной поддержке автомобильного сектора. В таком случае представляется возможным остановить дальнейшее падение рынка на уровне ниже 5% в годовом исчислении. Это было бы некоторым прогрессом в сравнение с драматическим снижением в недавнем прошлом. Однако надо помнить, что неизвестно, когда в конце концов рынок стабилизируется и вернется к столь необходимому росту». Контакты: Ольга Зуева, координатор Комитета автопроизводителей АЕБ, olga.zueva@aebrus.ru , тел. (+7 495) 234 27 64 Юлия Щеглова, менеджер проектов по исследованию рынка и статистики АЕБ, yuliya.sheglova@aebrus.ru , тел. +7 (495) 234 27 64 -------------------------------------------------------------- Приложения: 1. Продажи новых легковых и легких коммерческих автомобилей в России за периоды декабрь 2014/2015 и январь – декабрь 2015/2014 гг. 2. Продажи новых легковых и легких коммерческих автомобилей по группам за периоды декабрь 2015/2014 и январь – декабрь 2015/2014 гг. 3. 25 наиболее продаваемых моделей легковых автомобилей в России за периоды декабрь 2015/2014 и январь – декабрь 2015/2014 гг.",2016-01-14,"года Автомобильный рынок сократился на 35,7% в 2015 году.  Продажи новых легковых и легких коммерческих автомобилей в России в декабре 2015 года упали на 45,7 %.  Девять моделей из десятки лидеров продаж новых легковых автомобилей, местного производства. Декабрь 2015 г. ознаменовался падением уровня продаж на 45,7%, или на 123 682 штук по сравнению с декабрём 2014 года, и составили 146 963 автомобилей. В 2015 г. российский автомобильный рынок снизился на 35,7%, или на 890 187 штук проданных новых легковых и легких коммерческих автомобилей по сравнению с аналогичным периодом 2014 года (данные Комитета автопроизводителей АЕБ). В 2015 году было продано всего 1 601 216 автомобилей.",в 2015 году,
RUS_Car Sales in November 2015.pdf,https://aebrus.ru/upload/iblock/641/rus_car-sales-in-november-2015.pdf,https://aebrus.ru/ru/media/press-releases/sales-of-cars-and-light-commercial-vehicles.php?PAGEN_1=7#search,aeb_rus_sales_data\pdf\rus_car-sales-in-november-2015.pdf,aeb_rus_sales_data\text\rus_car-sales-in-november-2015.txt,6,"AEB SPONSORS 2015 – СПОНСОРЫ АЕБ 2015 • Allianz IC OJSC • Alstom • Atos • Bank Credit Suisse (Moscow) • BP • BSH Group • Cargill Enterprises Inc. • Clifford Chance • Continental Tires RUS LLC • Crocus International • Deloitte • DuPont Science & Technologies • E.ON Russia • Enel Russia OJSC • ENGIE • Eni S.p.A • EY • HeidelbergCement • ING Commercial Banking • John Deere Rus, LLC • KPMG • LEROY MERLIN Russia • ManpowerGroup • Mercedes-Benz Russia • Merck LLC • Messe Frankfurt Rus, O.O.O • MetLife • METRO AG • Michelin • MOL Plc • Novartis Group • OBI Russia • Oriflame • Procter & Gamble • PwC • Raiffeisenbank ZAO • ROCA • Shell Exploration & Production Services (RF) B.V. • Statoil ASA • Telenor Russia AS • TMF Group • Total E&P Russie • Volkswagen Group Rus OOO • Volvo Cars LLC • YIT • YOKOHAMA RUSSIA LLC Association of European Businesses Krasnoproletarskaya str. 16, bld. 3 127473 Moscow, Russia Phone: +7 (495) 234 27 64 Fax: +7 (495) 234 28 07 E-mail: info@aebrus.ru www.aebrus.ru Пресс-релиз 8 декабря 2015 года В ноябре продажи сократились на 42,7 %  Продажи новых легковых и легких коммерческих автомобилей в России в ноябре 2015 года сократились на 42,7 %  Среди лидеров продаж 10 автомобилей местного производства В ноябре 2015 г. продажи сократились на 42,7 %, или на 97 860 штук по сравнению с ноябрём 2014 г., и составили 131 572 автомобилей. Всего в январе — ноябре 2015 года было продано 1 454 253 автомобилей. Комментирует Йорг Шрайбер, Председатель Комитета автопроизводителей АЕБ: “Год назад рубль пикировал и покупатели штурмовали дилерские центры, чтобы использовать деньги до того момента, когда цены на автомобили начнут отражать новую реальность обменного курса. Ничего подобного не случилось в ноябре этого года, что объясняет относительное ухудшение месячных показателей года к году. Текущий год еще не завершен, однако ожидания относительно декабря скромные, особенно в сравнении с рекордными продажами на пике короткого бума в прошлом году ”. Контакты: Ольга Зуева, координатор Комитета автопроизводителей АЕБ, olga.zueva@aebrus.ru, тел. +7 (495) 234 27 64 Юлия Щеглова, менеджер проектов по исследованию рынка и статистики АЕБ, yuliya.sheglova@aebrus.ru , тел. +7 (495) 234 27 64 -------------------------------------------------------------- Приложения: 1. Продажи новых легковых и легких коммерческих автомобилей в России за периоды ноябрь 2015/2014 и январь — ноябрь 2015/2014 2. Продажи новых легковых и легких коммерческих автомобилей по группам за периоды ноябрь 2015/2014 и январь — ноябрь 2015/2014 3. 25 наиболее продаваемых моделей легковых автомобилей в России за периоды ноябрь 2015/2014 и январь — ноябрь 2015/2014",2015-12-08,"года В ноябре продажи сократились на 42,7 %  Продажи новых легковых и легких коммерческих автомобилей в России в ноябре 2015 года сократились на 42,7 %  Среди лидеров продаж 10 автомобилей местного производства В ноябре 2015 г. продажи сократились на 42,7 %, или на 97 860 штук по сравнению с ноябрём 2014 г., и составили 131 572 автомобилей. Всего в январе — ноябре 2015 года было продано 1 454 253 автомобилей.",в России в ноябре 2015,
RUS_Car Sales in October 2015.pdf,https://aebrus.ru/upload/iblock/4de/rus_car-sales-in-october-2015.pdf,https://aebrus.ru/ru/media/press-releases/sales-of-cars-and-light-commercial-vehicles.php?PAGEN_1=7#search,aeb_rus_sales_data\pdf\rus_car-sales-in-october-2015.pdf,aeb_rus_sales_data\text\rus_car-sales-in-october-2015.txt,6,"AEB SPONSORS 2015 – СПОНСОРЫ АЕБ 2015 • Allianz IC OJSC • Alstom • Atos • Bank Credit Suisse (Moscow) • BP • BSH Group • Cargill Enterprises Inc. • Clifford Chance • Continental Tires RUS LLC • Crocus International • Deloitte • DuPont Science & Technologies • E.ON Russia • Enel Russia OJSC • ENGIE • Eni S.p.A • EY • HeidelbergCement • ING Commercial Banking • John Deere Rus, LLC • KPMG • LEROY MERLIN Russia • ManpowerGroup • Mercedes-Benz Russia • Merck LLC • Messe Frankfurt Rus, O.O.O • MetLife • METRO AG • Michelin • MOL Plc • Novartis Group • OBI Russia • Oriflame • Procter & Gamble • PwC • Raiffeisenbank ZAO • ROCA • Shell Exploration & Production Services (RF) B.V. • Statoil ASA • Telenor Russia AS • TMF Group • Total E&P Russie • Volkswagen Group Rus OOO • Volvo Cars LLC • YIT Rakennus Representative Office • YOKOHAMA RUSSIA LLC Ассоциация европейского бизнеса Россия, 127473 Москва, Ул. Краснопролетарская 16, стр. 3 Тел.: +7 (495) 234 27 64 Факс: +7 (495) 234 28 07 E-mail: info@aebrus.ru www.aebrus.ru Пресс-релиз 10 ноября 2015 года В октябре падение рынка снова ускорилось  Продажи новых легковых и легких коммерческих автомобилей в России в октябре 2015 года сократились на 38,5 %  Среди лидеров продаж 10 автомобилей местного производства В октябре 2015 г. продажи сократились на 38,5 %, или на 81 407 штук по сравнению с октябрём 2014 г., и составили 129 958 автомобилей. Всего в январе — октябре 2015 года было продано 1 322 681 автомобилей. Комментирует Йорг Шрайбер, Председатель Комитета автопроизводителей АЕБ: “После короткой передышки в августе и сентябре темп падения рынка в октябре вновь ускорился. Основная причина разворота тренда – нынешний стабильный курс рубля, неожиданное падение которого в августе привело к увеличению продаж за счет будущих периодов. Именно покупателей, сделавших свой выбор в то время, сейчас и не хватает. К тому же и приостановка правительственной программы по поддержке утилизации и трейд-ин, первоначально начатой в сентябре прошлого года, оказывает негативное влияние на розничные продажи”. Контакты: Ольга Зуева, координатор Комитета автопроизводителей АЕБ, olga.zueva@aebrus.ru, тел. +7 (495) 234 27 64 Юлия Щеглова, менеджер проектов по исследованию рынка и статистики АЕБ, yuliya.sheglova@aebrus.ru , тел. +7 (495) 234 27 64 -------------------------------------------------------------- Приложения: 1. Продажи новых легковых и легких коммерческих автомобилей в России за периоды октябрь 2015/2014 и январь — октябрь 2015/2014 2. Продажи новых легковых и легких коммерческих автомобилей по группам за периоды октябрь 2015/2014 и январь — октябрь 2015/2014 3. 25 наиболее продаваемых моделей легковых автомобилей в России за периоды октябрь 2015/2014 и январь — октябрь 2015/2014",2015-11-10,"года В октябре падение рынка снова ускорилось  Продажи новых легковых и легких коммерческих автомобилей в России в октябре 2015 года сократились на 38,5 %  Среди лидеров продаж 10 автомобилей местного производства В октябре 2015 г. продажи сократились на 38,5 %, или на 81 407 штук по сравнению с октябрём 2014 г., и составили 129 958 автомобилей. Всего в январе — октябре 2015 года было продано 1 322 681 автомобилей.",в России в октябре 2015,
RUS_Car Sales in September 2015.pdf,https://aebrus.ru/upload/iblock/b2c/rus_car-sales-in-september-2015.pdf,https://aebrus.ru/ru/media/press-releases/sales-of-cars-and-light-commercial-vehicles.php?PAGEN_1=7#search,aeb_rus_sales_data\pdf\rus_car-sales-in-september-2015.pdf,aeb_rus_sales_data\text\rus_car-sales-in-september-2015.txt,6,"AEB SPONSORS 2015 – СПОНСОРЫ АЕБ 2015 • Allianz IC OJSC • Alstom • Atos • Bank Credit Suisse (Moscow) • BP • BSH Group • Cargill Enterprises Inc. • Clifford Chance • Continental Tires RUS LLC • Crocus International • Deloitte • DuPont Science & Technologies • E.ON Russia • Enel Russia OJSC • ENGIE • Eni S.p.A • EY • HeidelbergCement • ING Commercial Banking • John Deere Rus, LLC • KPMG • LEROY MERLIN Russia • ManpowerGroup • Mercedes-Benz Russia • Merck LLC • Messe Frankfurt Rus, O.O.O • MetLife • METRO AG • Michelin • MOL Plc • Novartis Group • OBI Russia • Oriflame • Procter & Gamble • PwC • Raiffeisenbank ZAO • ROCA • Shell Exploration & Production Services (RF) B.V. • Statoil ASA • Telenor Russia AS • TMF Group • Total E&P Russie • Volkswagen Group Rus OOO • Volvo Cars LLC • YIT Rakennus Representative Office • YOKOHAMA RUSSIA LLC Ассоциация европейского бизнеса Россия, 127473 Москва, Ул. Краснопролетарская 16, стр. 3 Тел.: +7 (495) 234 27 64 Факс: +7 (495) 234 28 07 E-mail: info@aebrus.ru www.aebrus.ru Пресс-релиз 8 октября 2015 года Падение рынка в сентябре составило 28,6 %  Продажи новых легковых и легких коммерческих автомобилей в России в сентябре 2015 года сократились на 28,6 %  Среди лидеров продаж 10 автомобилей местного производства В сентябре 2015 г. продажи сократились на 28,6 %, или на 56 367 штук по сравнению с сентябрём 2014 г., и составили 140 867 автомобилей. Всего в январе — сентябре 2015 года было продано 1 192 723 автомобилей. Комментирует Йорг Шрайбер, Председатель Комитета автопроизводителей АЕБ: “ Продажи сентября не позволили существенно улучшить ни показатели рынка по отношению к прошлому году ни прогноз на оставшиеся 3 месяца. Согласно последнему опросу членов АЕБ прогноз на весь 2015 год остался практически без изменений на уровне 1,57 млн. шт., включая пассажирские и легкие коммерческие автомобили, что на 37% меньше, чем в 2014 году”. Контакты: Ольга Зуева, координатор Комитета автопроизводителей АЕБ, olga.zueva@aebrus.ru, тел. +7 (495) 234 27 64 Юлия Щеглова, менеджер проектов по исследованию рынка и статистики АЕБ, yuliya.sheglova@aebrus.ru , тел. +7 (495) 234 27 64 -------------------------------------------------------------- Приложения: 1. Продажи новых легковых и легких коммерческих автомобилей в России за периоды сентябрь 2015/2014 и январь — сентябрь 2015/2014 2. Продажи новых легковых и легких коммерческих автомобилей по группам за периоды сентябрь 2015/2014 и январь — сентябрь 2015/2014 3. 25 наиболее продаваемых моделей легковых автомобилей в России за периоды сентябрь 2015/2014 и январь — сентябрь 2015/2014",2015-10-08,"года Падение рынка в сентябре составило 28,6 %  Продажи новых легковых и легких коммерческих автомобилей в России в сентябре 2015 года сократились на 28,6 %  Среди лидеров продаж 10 автомобилей местного производства В сентябре 2015 г. продажи сократились на 28,6 %, или на 56 367 штук по сравнению с сентябрём 2014 г., и составили 140 867 автомобилей. Всего в январе — сентябре 2015 года было продано 1 192 723 автомобилей.",в России в сентябре 2015,
RUS_Car Sales in August 2015.pdf,https://aebrus.ru/upload/iblock/9e9/rus_car-sales-in-august-2015.pdf,https://aebrus.ru/ru/media/press-releases/sales-of-cars-and-light-commercial-vehicles.php?PAGEN_1=7#search,aeb_rus_sales_data\pdf\rus_car-sales-in-august-2015.pdf,aeb_rus_sales_data\text\rus_car-sales-in-august-2015.txt,6,"AEB SPONSORS 2015 – СПОНСОРЫ АЕБ 2015 • Allianz IC OJSC • Alstom • Atos • Bank Credit Suisse (Moscow) • BP • BSH Group • Cargill Enterprises Inc. • Clifford Chance • Continental Tires RUS LLC • Crocus International • Deloitte • DuPont Science & Technologies • E.ON Russia • Enel Russia OJSC • ENGIE • Eni S.p.A • EY • HeidelbergCement • ING Commercial Banking • John Deere Agricultural Holdings, Inc. • KPMG • LEROY MERLIN Russia • Mercedes-Benz Russia • Merck LLC • Messe Frankfurt Rus, O.O.O • MetLife • METRO AG • Michelin • MOL Plc • Novartis Group • OBI Russia • Oriflame • PwC • Procter & Gamble • Raiffeisenbank ZAO • ROCA • Shell Exploration & Production Services (RF) B.V. • Statoil ASA • Telenor Russia AS • TMF Group • Total E&P Russie • Volkswagen Group Rus OOO • Volvo Cars LLC • YIT Rakennus Representative Office • YOKOHAMA RUSSIA LLC Association of European Businesses Krasnoproletarskaya str. 16, bld. 3 127473 Moscow, Russia Phone: +7 (495) 234 27 64 Fax: +7 (495) 234 28 07 E-mail: info@aebrus.ru www.aebrus.ru Пресс-релиз 8 сентября 2015 года Падение рынка в августе составило 19,4 %  Продажи новых легковых и легких коммерческих автомобилей в России в августе 2015 года сократились на 19,4 %  Среди лидеров продаж 10 автомобилей местного производства В августе 2015 г. продажи сократились на 19,4 %, или на 33 348 штук по сравнению с августом 2014 г., и составили 138 670 автомобилей. Всего в январе — августе 2015 года было продано 1 051 851 автомобилей. Комментирует Йорг Шрайбер, Председатель Комитета автопроизводителей АЕБ: “Темпы падения продаж относительно прошлого года показали дальнейшее замедление в августе, что предполагает приближение рынка к некому равновесию на новом более низком уровне. Однако это не может произойти слишком быстро, т.к. колебания валютного курса оказывают сильнейшее влияние на текущее поведение покупателей и спрос на товары с высокой стоимостью такие, как автомобили. Недавнее резкое ослабление рубля гарантирует, что рынок увидит немедленный рост продаж, за которым позже последует соответствующее падение. Будьте готовы к еще одному заезду на американских горках!”. Контакты: Ольга Зуева, координатор Комитета автопроизводителей АЕБ, olga.zueva@aebrus.ru, тел. +7 (495) 234 27 64 Юлия Щеглова, менеджер проектов по исследованию рынка и статистики АЕБ, yuliya.sheglova@aebrus.ru, тел. +7 (495) 234 27 64 -------------------------------------------------------------- Приложения: 1. Продажи новых легковых и легких коммерческих автомобилей в России за периоды август 2015/2014 и январь — август 2015/2014 2. Продажи новых легковых и легких коммерческих автомобилей по группам за периоды август 2015/2014 и январь — август 2015/2014 3. 25 наиболее продаваемых моделей легковых автомобилей в России за периоды август 2015/2014 и январь — август 2015/2014",2015-09-08,"года Падение рынка в августе составило 19,4 %  Продажи новых легковых и легких коммерческих автомобилей в России в августе 2015 года сократились на 19,4 %  Среди лидеров продаж 10 автомобилей местного производства В августе 2015 г. продажи сократились на 19,4 %, или на 33 348 штук по сравнению с августом 2014 г., и составили 138 670 автомобилей. Всего в январе — августе 2015 года было продано 1 051 851 автомобилей.",в России в августе 2015,
RUS_Car Sales in July 2015.pdf,https://aebrus.ru/upload/iblock/a7e/rus_car-sales-in-july-2015.pdf,https://aebrus.ru/ru/media/press-releases/sales-of-cars-and-light-commercial-vehicles.php?PAGEN_1=7#search,aeb_rus_sales_data\pdf\rus_car-sales-in-july-2015.pdf,aeb_rus_sales_data\text\rus_car-sales-in-july-2015.txt,6,"AEB SPONSORS 2015 – СПОНСОРЫ АЕБ 2015 • Allianz IC OJSC • Alstom • Atos • Bank Credit Suisse (Moscow) • BP • BSH Group • Cargill Enterprises Inc. • Clifford Chance • Continental Tires RUS LLC • Crocus International • Deloitte • DuPont Science & Technologies • E.ON Russia • Enel Russia OJSC • ENGIE • Eni S.p.A • EY • HeidelbergCement • ING Commercial Banking • John Deere Agricultural Holdings, Inc. • KPMG • LEROY MERLIN Russia • Mercedes-Benz Russia • Merck LLC • Messe Frankfurt Rus, O.O.O • MetLife • METRO AG • Michelin • MOL Plc • Novartis Group • OBI Russia • Oriflame • PwC • Procter & Gamble • Raiffeisenbank ZAO • ROCA • Shell Exploration & Production Services (RF) B.V. • Statoil ASA • Telenor Russia AS • TMF Group • Total E&P Russie • Volkswagen Group Rus OOO • Volvo Cars LLC • YIT Rakennus Representative Office • YOKOHAMA RUSSIA LLC Association of European Businesses Krasnoproletarskaya str. 16, bld. 3 127473 Moscow, Russia Phone: +7 (495) 234 27 64 Fax: +7 (495) 234 28 07 E-mail: info@aebrus.ru www.aebrus.ru Пресс-релиз 10 августа 2015 года Падение рынка в июле составило 27,5 %  Продажи новых легковых и легких коммерческих автомобилей в России в июле 2015 года сократились на 27,5 %  Среди лидеров продаж 9 автомобилей местного производства Июль 2015 г. ознаменовался падением уровня продаж на 27,5 %, или на 49 691 штук по сравнению с июлем 2014 г., что составило 131 087 автомобилей. Всего в январе—июле 2015 года было продано 913 181 автомобилей. Комментирует Йорг Шрайбер, Председатель Комитета автопроизводителей АЕБ: “После суммарной потери 36% объема в первой половине года результат июля с минусом 27,5 % выглядит почти как хорошая новость. На самом деле то, что мы видим, - это результат низкой базы в соответствующий период прошлого года. Фундаментальное поведение автомобильного рынка продолжает разочаровывать, даже несмотря на то, что это происходит в условиях неустойчивой экономики и снижающихся доходов потребителей. Стимулирование продаж, осуществляемое через инструменты государственной поддержки, а также самими участниками рынка, доказало свою действенность для предотвращения еще большего падения. Однако оно должно быть существенно усилено для того, чтобы развернуть тренд в противоположную сторону”. Контакты: Ольга Зуева, координатор Комитета автопроизводителей АЕБ, olga.zueva@aebrus.ru, тел. +7 (495) 234 27 64 Юлия Щеглова, менеджер проектов по исследованию рынка и статистики АЕБ, yuliya.sheglova@aebrus.ru, тел. +7 (495) 234 27 64 -------------------------------------------------------------- Приложения: 1. Продажи новых легковых и легких коммерческих автомобилей в России за периоды июль 2015/2014 и январь — июль 2015/2014 2. Продажи новых легковых и легких коммерческих автомобилей по группам за периоды июль 2015/2014 и январь — июль 2015/2014 3. 25 наиболее продаваемых моделей легковых автомобилей в России за периоды июль 2015/2014 и январь — июль 2015/2014",2015-08-10,"года Падение рынка в июле составило 27,5 %  Продажи новых легковых и легких коммерческих автомобилей в России в июле 2015 года сократились на 27,5 %  Среди лидеров продаж 9 автомобилей местного производства Июль 2015 г. ознаменовался падением уровня продаж на 27,5 %, или на 49 691 штук по сравнению с июлем 2014 г., что составило 131 087 автомобилей. Всего в январе—июле 2015 года было продано 913 181 автомобилей.",в России в июле 2015,
RUS_Car Sales in June 2015.pdf,https://aebrus.ru/upload/iblock/2bb/rus_car-sales-in-june-2015.pdf,https://aebrus.ru/ru/media/press-releases/sales-of-cars-and-light-commercial-vehicles.php?PAGEN_1=7#search,aeb_rus_sales_data\pdf\rus_car-sales-in-june-2015.pdf,aeb_rus_sales_data\text\rus_car-sales-in-june-2015.txt,6,"AEB SPONSORS 2015 – СПОНСОРЫ АЕБ 2015 • Allianz IC OJSC • Alstom • Atos • Bank Credit Suisse (Moscow) • BP • BSH Group • Cargill Enterprises Inc. • Clifford Chance • Continental Tires RUS LLC • Crocus International • Deloitte • DuPont Science & Technologies • E.ON Russia • Enel Russia OJSC • ENGIE • Eni S.p.A • EY • HeidelbergCement • ING Commercial Banking • John Deere Agricultural Holdings, Inc. • KPMG • LEROY MERLIN Russia • Mercedes-Benz Russia • Merck LLC • Messe Frankfurt Rus, O.O.O • MetLife • METRO AG • Michelin • MOL Plc • Novartis Group • OBI Russia • Oriflame • PwC • Procter & Gamble • Raiffeisenbank ZAO • ROCA • Shell Exploration & Production Services (RF) B.V. • Statoil ASA • Telenor Russia AS • TMF Group • Total E&P Russie • Volkswagen Group Rus OOO • Volvo Cars LLC • YIT Rakennus Representative Office • YOKOHAMA RUSSIA LLC Association of European Businesses Krasnoproletarskaya str. 16, bld. 3 127473 Moscow, Russia Phone: +7 (495) 234 27 64 Fax: +7 (495) 234 28 07 E-mail: info@aebrus.ru www.aebrus.ru Пресс-релиз 8 июля 2015 года Падение рынка в июне составило 29,7 %  Продажи новых легковых и легких коммерческих автомобилей в России в июне 2015 года сократились на 29,7 %  Среди лидеров продаж 9 автомобилей местного производства Июнь 2015 г. ознаменовался падением уровня продаж на 29,7 %, или на 59 237 штук по сравнению с июнем 2014 г., что составило 140 161 автомобилей. Всего в январе—июне 2015 года было продано 782 094 автомобилей. Комментирует Йорг Шрайбер, Председатель Комитета автопроизводителей АЕБ: “Пока нет повода расслабляться, но стоит отметить, что падение рынка по отношению к соответствующему периоду прошлого года менее драматичное, чем в предыдущие месяцы, начиная с февраля. Дела могли бы обстоять еще хуже, если бы не два фактора государственной политики, которые поддерживают рынок. Первый – это понижение ключевой ставки Центробанка, и второй – это продолжающаяся правительственная поддержка покупателей новых автомобилей (недавно увеличенная), как путем субсидирования ставок розничного финансирования, так и путем поддержки обновления подержанных и очень старых автомобилей. Несмотря на сказанное выше, настрой участников рынка на оставшиеся 6 месяцев года остается сдержанным. Основываясь на мнении своих членов, АЕБ обновила прогноз на 2015 год до 1,55 млн. пассажирских и легких коммерческих автомобилей, что эквивалентно 36% снижению продаж по сравнению с 2014 годом, закончившегося с результатом 2,49 млн. автомобилей” Контакты: Ольга Зуева, координатор Комитета автопроизводителей АЕБ, olga.zueva@aebrus.ru, тел. +7 (495) 234 27 64 Юлия Щеглова, менеджер проектов по исследованию рынка и статистики АЕБ, yuliya.sheglova@aebrus.ru, тел. +7 (495) 234 27 64 -------------------------------------------------------------- Приложения: 1. Продажи новых легковых и легких коммерческих автомобилей в России за периоды июнь 2015/2014 и январь — июнь 2015/2014 2. Продажи новых легковых и легких коммерческих автомобилей по группам за периоды июнь 2015/2014 и январь — июнь 2015/2014 3. 25 наиболее продаваемых моделей легковых автомобилей в России за периоды июнь 2015/2014 и январь — июнь 2015/2014",2015-07-08,"года Падение рынка в июне составило 29,7 %  Продажи новых легковых и легких коммерческих автомобилей в России в июне 2015 года сократились на 29,7 %  Среди лидеров продаж 9 автомобилей местного производства Июнь 2015 г. ознаменовался падением уровня продаж на 29,7 %, или на 59 237 штук по сравнению с июнем 2014 г., что составило 140 161 автомобилей. Всего в январе—июне 2015 года было продано 782 094 автомобилей.",в России в июне 2015,
RUS_Car Sales in April 2015.pdf,https://aebrus.ru/upload/iblock/58a/rus_car-sales-in-april-2015.pdf,https://aebrus.ru/ru/media/press-releases/sales-of-cars-and-light-commercial-vehicles.php?PAGEN_1=7#search,aeb_rus_sales_data\pdf\rus_car-sales-in-april-2015.pdf,aeb_rus_sales_data\text\rus_car-sales-in-april-2015.txt,6,"AEB SPONSORS 2015 – СПОНСОРЫ АЕБ 2015 • Allianz IC OJSC • Alstom • Atos • Bank Credit Suisse (Moscow) • BP • BSH Group • Cargill Enterprises Inc. • Clifford Chance • Continental Tires RUS LLC • Crocus International • Deloitte • DuPont Science & Technologies • E.ON Russia • Enel Russia OJSC • Eni S.p.A • EY • GDF SUEZ • HeidelbergCement • ING Commercial Banking • John Deere Agricultural Holdings, Inc. • KPMG • LEROY MERLIN Russia • Mercedes-Benz Russia • Merck LLC• Messe Frankfurt Rus, O.O.O • MetLife • METRO Group • Michelin • MOL Plc • Novartis Group • OBI Russia • Oriflame • PwC • Procter & Gamble • Raiffeisenbank ZAO • ROCA • Shell Exploration & Production Services (RF) B.V. • Statoil ASA • Telenor Russia AS • TMF Group • Total E&P Russie • Volkswagen Group Rus OOO • Volvo Cars LLC • YIT Rakennus Representative Office • YOKOHAMA RUSSIA LLC Association of European Businesses Krasnoproletarskaya str. 16, bld. 3 127473 Moscow, Russia Phone: +7 (495) 234 27 64 Fax: +7 (495) 234 28 07 E-mail: info@aebrus.ru www.aebrus.ru Пресс-релиз 13 мая 2015 года Падение рынка в апреле составило 41,5 %  Продажи новых легковых и легких коммерческих автомобилей в России в апреле 2015 года сократились на 41,5 %.  Все десять лидеров продаж — автомобили местного производства. Апрель 2015 г. ознаменовался падением уровня продаж на 41,5 %, или на 94 070 штук по сравнению с апрелем 2014 г., что составило 132 456 автомобилей. Всего в январе—апреле 2015 года было продано 516 135 автомобилей. Комментирует Йорг Шрайбер, Председатель Комитета автопроизводителей АЕБ: «Рынок в 132 тыс. проданных автомобилей достиг в апреле самой низкой точки за десятилетнюю историю статистики АЕБ. Только в 2009 году в этом месяце продажи были такими же слабыми, хотя результат был несколько лучше (136 тыс. проданных автомобилей). Схожесть с кризисным 2009 годом демонстрирует серьезность текущей ситуации. Однако динамика нынешнего кризиса отличается от той, что наблюдалась в 2009 г., не в последнюю очередь благодаря тому, что в этот раз правительство среагировало гораздо раньше, предложив ряд мер, чтобы избежать еще большего падения рынка. Поэтому мы не ожидаем дальнейшего ухудшения статистики по отношению к прошлому году. Скорее всего, в ближайшие месяцы мы будем видеть постепенное сглаживание негативного тренда». Контакты: Ольга Зуева, координатор Комитета автопроизводителей АЕБ, olga.zueva@aebrus.ru, тел. +7 (495) 234 27 64 Юлия Щеглова, менеджер проектов по исследованию рынка и статистики АЕБ, yuliya.sheglova@aebrus.ru, тел. +7 (495) 234 27 64 -------------------------------------------------------------- Приложения: 1. Продажи новых легковых и легких коммерческих автомобилей в России за периоды апрель 2015/2014 и январь — апрель 2015/2014 2. Продажи новых легковых и легких коммерческих автомобилей по группам за периоды апрель 2015/2014 и январь — апрель 2015/2014 3. 25 наиболее продаваемых моделей легковых автомобилей в России за периоды апрель 2015/2014 и январь — апрель 2015/2014",2015-05-13,"года Падение рынка в апреле составило 41,5 %  Продажи новых легковых и легких коммерческих автомобилей в России в апреле 2015 года сократились на 41,5 %.  Все десять лидеров продаж — автомобили местного производства. Апрель 2015 г. ознаменовался падением уровня продаж на 41,5 %, или на 94 070 штук по сравнению с апрелем 2014 г., что составило 132 456 автомобилей. Всего в январе—апреле 2015 года было продано 516 135 автомобилей.",в России в апреле 2015,
RUS_Car Sales in March 2015.pdf,https://aebrus.ru/upload/iblock/ab4/rus_car-sales-in-march-2015.pdf,https://aebrus.ru/ru/media/press-releases/sales-of-cars-and-light-commercial-vehicles.php?PAGEN_1=7#search,aeb_rus_sales_data\pdf\rus_car-sales-in-march-2015.pdf,aeb_rus_sales_data\text\rus_car-sales-in-march-2015.txt,6,"AEB SPONSORS 2015 – СПОНСОРЫ АЕБ 2015 • Allianz IC OJSC • Alstom • Atos • Bank Credit Suisse (Moscow) • BP • BSH Group • Cargill Enterprises Inc. • Clifford Chance • Continental Tires RUS LLC • Crocus International • Deloitte • DuPont Science & Technologies • E.ON Russia • Enel Russia OJSC • Eni S.p.A • EY • GDF SUEZ • HeidelbergCement • ING Commercial Banking • John Deere Agricultural Holdings, Inc. • KPMG • LEROY MERLIN Russia • Mercedes-Benz Russia • Merck LLC• Messe Frankfurt Rus, O.O.O • MetLife • METRO Group • Michelin • MOL Plc • Novartis Group • OBI Russia • Oriflame • PwC • Procter & Gamble • Raiffeisenbank ZAO • ROCA • Shell Exploration & Production Services (RF) B.V. • Statoil ASA • Telenor Russia AS • TMF Group • Total E&P Russie • Volkswagen Group Rus OOO • Volvo Cars LLC • YIT Rakennus Representative Office • YOKOHAMA RUSSIA LLC Association of European Businesses Krasnoproletarskaya str. 16, bld. 3 127473 Moscow, Russia Phone: +7 (495) 234 27 64 Fax: +7 (495) 234 28 07 E-mail: info@aebrus.ru www.aebrus.ru Пресс-релиз 8 апреля 2015 года Падение рынка в марте составило 42,5 %  Продажи новых легковых и легких коммерческих автомобилей в России в марте 2015 года сократились на 42,5 %.  Все десять лидеров продаж — автомобили местного производства. Март 2015 г. ознаменовался падением уровня продаж на 42,5 %, или на 103 482 штук по сравнению с мартом 2014 г., что составило 139 850 автомобилей. Всего в январе—марте 2015 года было продано 383 691 автомобилей. Комментирует Йорг Шрайбер, Председатель Комитета автопроизводителей АЕБ: «Продажи в марте были плохими, но не намного хуже, чем ожидалось. То, что мы сейчас видим в статистике, — давно предсказанный обвал потребительского спроса, вызванный ажиотажными покупками в конце прошлого года и дополненный значительным ростом цен в начале этого года. Рано или поздно ситуация стабилизируется, но это время еще не пришло». Контакты: Ольга Зуева, координатор Комитета автопроизводителей АЕБ, olga.zueva@aebrus.ru, тел. +7 (495) 234 27 64 Юлия Щеглова, менеджер проектов по исследованию рынка и статистики АЕБ, yuliya.sheglova@aebrus.ru, тел. +7 (495) 234 27 64 -------------------------------------------------------------- Приложения: 1. Продажи новых легковых и легких коммерческих автомобилей в России за периоды март 2015/2014 и январь— март 2015/2014 2. Продажи новых легковых и легких коммерческих автомобилей по группам за периоды март 2015/2014 и январь— март 2015/2014 3. 25 наиболее продаваемых моделей легковых автомобилей в России за периоды март 2015/2014 и январь— март 2015/2014",2015-04-08,"года Падение рынка в марте составило 42,5 %  Продажи новых легковых и легких коммерческих автомобилей в России в марте 2015 года сократились на 42,5 %.  Все десять лидеров продаж — автомобили местного производства. Март 2015 г. ознаменовался падением уровня продаж на 42,5 %, или на 103 482 штук по сравнению с мартом 2014 г., что составило 139 850 автомобилей. Всего в январе—марте 2015 года было продано 383 691 автомобилей.",в России в марте 2015,
RUS_Car Sales in February 2015.pdf,https://aebrus.ru/upload/iblock/3d1/rus_car-sales-in-february-2015.pdf,https://aebrus.ru/ru/media/press-releases/sales-of-cars-and-light-commercial-vehicles.php?PAGEN_1=7#search,aeb_rus_sales_data\pdf\rus_car-sales-in-february-2015.pdf,aeb_rus_sales_data\text\rus_car-sales-in-february-2015.txt,6,"AEB SPONSORS 2015 – СПОНСОРЫ АЕБ 2015 • Allianz IC OJSC • Alstom • Atos • Bank Credit Suisse (Moscow) • BP • BSH Group • Cargill Enterprises Inc. • Caverion Elmek OOO • Clifford Chance • Continental Tires RUS LLC • Crocus International• Deloitte • DuPont Science & Technologies • E.ON Russia • Enel Russia OJSC • Eni S.p.A • EY • GDF SUEZ • Gestamp Russia • HeidelbergCement • ING Commercial Banking • John Deere Agricultural Holdings, Inc. • KPMG • LEROY MERLIN Russia • Mercedes-Benz Russia • Merck LLC• Messe Frankfurt Rus, O.O.O • MetLife • METRO Group • Michelin • MOL Plc • Novartis Group • OBI Russia • Orange Business Services • Oranta • Oriflame • PwC • Procter & Gamble • Raiffeisenbank ZAO • ROCA • Shell Exploration & Production Services (RF) B.V. • Statoil ASA •Telenor Russia AS • TMF Group • Total E&P Russie • Volkswagen Group Rus OOO • Volvo Cars LLC • YIT Rakennus Representative Office • YOKOHAMA RUSSIA LLC Association of European Businesses Krasnoproletarskaya str. 16, bld. 3 127473 Moscow, Russia Phone: +7 (495) 234 27 64 Fax: +7 (495) 234 28 07 E-mail: info@aebrus.ru www.aebrus.ru Пресс-релиз 10 марта 2015 года Падение рынка в феврале составило 37,9%  Продажи новых легковых и легких коммерческих автомобилей в России в феврале 2015 года сократились на 37,9%.  Из десяти лидеров продаж новых легковых автомобилей, девять местного производства. Февраль 2015 г. ознаменовался падением уровня продаж на 37,9%, или на 78 228 штук по сравнению с февралём 2014 года, что составило 128 298 автомобилей. В 2014 году было продано всего 243 826 автомобилей. Комментирует Йорг Шрайбер, Председатель Комитета автопроизводителей АЕБ: «Сейчас автомобильный рынок входит в фазу резкого замедления, и февраль – только начало этого замедления. Все сходятся на том, что несколько следующих месяцев будут очень тяжелыми, и что продажи еще не достигли своего дна. Хорошие макроэкономические новости, такие как стабилизация рубля, дают надежду на улучшение ситуации в отдаленной перспективе. Однако до того момента участникам рынка понадобится терпение и выдержка». Контакты: Ольга Зуева, координатор Комитета автопроизводителей АЕБ, olga.zueva@aebrus.ru, тел. +7 (495) 234 27 64 Юлия Щеглова, менеджер проектов по исследованию рынка и статистики АЕБ, yuliya.sheglova@aebrus.ru, тел. +7 (495) 234 27 64 -------------------------------------------------------------- Приложения: 1. Продажи новых легковых и легких коммерческих автомобилей в России за периоды февраль 2014/2015 и январь - февраль 2014/2015 2. Продажи новых легковых и легких коммерческих автомобилей по группам за периоды февраль 2014/2015 и январь - февраль 2014/2015 3. 25 наиболее продаваемых моделей легковых автомобилей в России за периоды февраль 2014/2015 и январь - февраль 2014/2015",2015-03-10,"года Падение рынка в феврале составило 37,9%  Продажи новых легковых и легких коммерческих автомобилей в России в феврале 2015 года сократились на 37,9%.  Из десяти лидеров продаж новых легковых автомобилей, девять местного производства. Февраль 2015 г. ознаменовался падением уровня продаж на 37,9%, или на 78 228 штук по сравнению с февралём 2014 года, что составило 128 298 автомобилей. В 2014 году было продано всего 243 826 автомобилей.",в России в феврале 2015,
RUS_Car Sales in January 2015.pdf,https://aebrus.ru/upload/iblock/60c/rus_car-sales-in-january-2015.pdf,https://aebrus.ru/ru/media/press-releases/sales-of-cars-and-light-commercial-vehicles.php?PAGEN_1=7#search,aeb_rus_sales_data\pdf\rus_car-sales-in-january-2015.pdf,aeb_rus_sales_data\text\rus_car-sales-in-january-2015.txt,6,"AEB SPONSORS 2014-2015 – СПОНСОРЫ АЕБ 2014-2015 • Allianz IC OJSC • Alstom • ASAP Transportation Company LLC • Atos • Awara Group • Bank Credit Suisse (Moscow) • BP • BSH Group • Cargill Enterprises Inc. • Caverion Elmek OOO • Clifford Chance • Continental Tires RUS LLC • Crocus International• Deloitte • DHL • DuPont Science & Technologies • E.ON Global Commodities SE • Enel Russia OJSC • Eni S.p.A • EY • GDF SUEZ • Gestamp Russia • HeidelbergCement • ING Commercial Banking • John Deere Agricultural Holdings, Inc. • KPMG • LEROY MERLIN Russia • MAN Truck & Bus AG • Mercedes-Benz Russia • Merck LLC• Messe Frankfurt Rus, O.O.O • MetLife • METRO Group • Michelin • MOL Plc • Novartis Group • OBI Russia • Orange Business Services • Oranta • Oriflame • Pepeliaev Group, LLC • PwC • Procter & Gamble • Raiffeisenbank ZAO • ROCA • Shell Exploration & Production Services (RF) B.V. • Statoil ASA • Stupino 1 Industrial Park •Telenor Russia AS • TMF Russia • Total E&P Russie • Volkswagen Group Rus OOO • Volvo Cars LLC • VSK • YIT Rakennus Representative Office • YOKOHAMA RUSSIA LLC Association of European Businesses Ul. Krasnoproletarskaya 16, bld. 3 127473 Moscow, Russia Phone.: +7 (495) 234 27 64 Fax: +7 (495) 234 28 07 E-mail: info@aebrus.ru www.aebrus.ru Пресс-релиз 9 февраля 2015 года Падение рынка в январе составило 24,4%  Продажи новых легковых и легких коммерческих автомобилей в России в январе 2015 года сократились на 24,4%.  Все модели, находящиеся в десятке лидеров продаж новых легковых автомобилей, местного производства. Январь 2015 г. ознаменовался падением уровня продаж на 24,4%, или на 37 272 штук по сравнению с январём 2014 года, что составило 115 390 автомобилей. Комментирует Йорг Шрайбер, Председатель Комитета автопроизводителей АЕБ: «Если в декабре у многих производителей была веселая вечеринка, то в январе, как следствие, наступило горькое похмелье. Особенность нынешней ситуации заключается в том, что запасы автомобилей производства 2014 года по низкой цене почти распроданы, и намного раньше, чем обычно. В то же самое время, следуя колебаниям курса, цены на автомобили производства нового года увеличились значительно больше, чем обычно. Изменение цен на рынке еще не закончилось, так что головная боль может усилиться, прежде чем исчезнет окончательно». Контакты: Ольга Зуева, координатор Комитета автопроизводителей АЕБ, olga.zueva@aebrus.ru , тел. +7 (495) 234 27 64 Юлия Щеглова, менеджер проектов по исследованию рынка и статистики АЕБ, yuliya.sheglova@aebrus.ru , тел. +7 (495) 234 27 64 -------------------------------------------------------------- Приложения: 1. Продажи новых легковых и легких коммерческих автомобилей в России за периоды январь 2015 и январь 2014 гг. 2. Продажи новых легковых и легких коммерческих автомобилей по группам за периоды январь 2015 и январь 2014 гг. 3. 25 наиболее продаваемых моделей легковых автомобилей в России за периоды январь 2015 и январь 2014 гг.",2015-02-09,"года Падение рынка в январе составило 24,4%  Продажи новых легковых и легких коммерческих автомобилей в России в январе 2015 года сократились на 24,4%.  Все модели, находящиеся в десятке лидеров продаж новых легковых автомобилей, местного производства. Январь 2015 г. ознаменовался падением уровня продаж на 24,4%, или на 37 272 штук по сравнению с январём 2014 года, что составило 115 390 автомобилей.",в России в январе 2015,
RUS_Car Sales in December 2014.pdf,https://aebrus.ru/upload/iblock/514/rus_car-sales-in-december-2014.pdf,https://aebrus.ru/ru/media/press-releases/sales-of-cars-and-light-commercial-vehicles.php?PAGEN_1=7#search,aeb_rus_sales_data\pdf\rus_car-sales-in-december-2014.pdf,aeb_rus_sales_data\text\rus_car-sales-in-december-2014.txt,6,"AEB SPONSORS 2014-2015 – СПОНСОРЫ АЕБ 2014-2015 • Allianz IC OJSC • Alstom • ASAP Transportation Company LLC • Atos • Awara Group • Bank Credit Suisse (Moscow) • BP • BSH Group • Cargill Enterprises Inc. • Caverion Elmek OOO • Clifford Chance • Continental Tires RUS LLC • Crocus International• Deloitte • DHL • DuPont Science & Technologies • E.ON Global Commodities SE • Enel Russia OJSC • Eni S.p.A • EY • GDF SUEZ • Gestamp Russia • HeidelbergCement • ING Commercial Banking • John Deere Agricultural Holdings, Inc. • KPMG • LEROY MERLIN Russia • MAN Truck & Bus AG • Mercedes-Benz Russia • Merck LLC• Messe Frankfurt Rus, O.O.O • MetLife • METRO Group • Michelin • MOL Plc • Novartis Group • OBI Russia • Orange Business Services • Oranta • Oriflame • Pepeliaev Group, LLC • PwC • Procter & Gamble • Raiffeisenbank ZAO • ROCA • Shell Exploration & Production Services (RF) B.V. • Statoil ASA • Stupino 1 Industrial Park •Telenor Russia AS • TMF Russia • Total E&P Russie • Volkswagen Group Rus OOO • Volvo Cars LLC • VSK • YIT Rakennus Representative Office • YOKOHAMA RUSSIA LLC Association of European Businesses Ul. Krasnoproletarskaya 16, bld. 3 127473 Moscow, Russia Phone.: +7 (495) 234 27 64 Fax: +7 (495) 234 28 07 E-mail: info@aebrus.ru www.aebrus.ru Пресс-релиз 15 января 2015 года Автомобильный рынок сократился на 10% в 2014 году.  Продажи новых легковых и легких коммерческих автомобилей в России в декабре 2014 года увеличились на 2,4%.  Все модели, находящиеся в десятке лидеров продаж новых легковых автомобилей, местного производства. Декабрь 2014 г. ознаменовался увеличением уровня продаж на 2,4%, или на 6 346 штук по сравнению с декабрём 2013 года, что составило 270 653 автомобилей. В 2014 г. российский автомобильный рынок снизился на 10,3%, или на 286 143 штук проданных новых легковых и легких коммерческих автомобилей по сравнению с аналогичным периодом 2013 года (данные Комитета автопроизводителей АЕБ). В 2014 году было продано всего 2 491 404 автомобилей. Комментирует Йорг Шрайбер, Председатель Комитета автопроизводителей АЕБ: «2014 год ознаменовался сильным финишем, хотя с кумулятивной потерей объема в 10% он останется годом разочарований для российской автомобильной индустрии. Перед лицом надвигающейся рецессии ожидания на 2015 г. еще ниже. Наш прогноз рынка пассажирских и легких коммерческих автомобилей равен 1,89 млн. единиц, что эквивалентно сокращению на 24% на годовой основе». Контакты: Ольга Зуева, координатор Комитета автопроизводителей АЕБ, olga.zueva@aebrus.ru , тел. (+7 495) 234 27 64 Юлия Щеглова, менеджер проектов по исследованию рынка и статистики АЕБ, yuliya.sheglova@aebrus.ru , тел. +7 (495) 234 27 64 -------------------------------------------------------------- Приложения: 1. Продажи новых легковых и легких коммерческих автомобилей в России за периоды декабрь 2014/2013 и январь – декабрь 2014/2013 гг. 2. Продажи новых легковых и легких коммерческих автомобилей по группам за периоды декабрь 2014/2013 и январь – декабрь 2014/2013 гг. 3. 25 наиболее продаваемых моделей легковых автомобилей в России за периоды декабрь 2014/2013 и январь - декабрь 2014/2013 гг.",2015-01-15,"года Автомобильный рынок сократился на 10% в 2014 году.  Продажи новых легковых и легких коммерческих автомобилей в России в декабре 2014 года увеличились на 2,4%.  Все модели, находящиеся в десятке лидеров продаж новых легковых автомобилей, местного производства. Декабрь 2014 г. ознаменовался увеличением уровня продаж на 2,4%, или на 6 346 штук по сравнению с декабрём 2013 года, что составило 270 653 автомобилей. В 2014 г. российский автомобильный рынок снизился на 10,3%, или на 286 143 штук проданных новых легковых и легких коммерческих автомобилей по сравнению с аналогичным периодом 2013 года (данные Комитета автопроизводителей АЕБ). В 2014 году было продано всего 2 491 404 автомобилей.",в 2014 году,
RUS_Car Sales in November 2014.pdf,https://aebrus.ru/upload/iblock/319/rus_car-sales-in-november-2014.pdf,https://aebrus.ru/ru/media/press-releases/sales-of-cars-and-light-commercial-vehicles.php?PAGEN_1=7#search,aeb_rus_sales_data\pdf\rus_car-sales-in-november-2014.pdf,aeb_rus_sales_data\text\rus_car-sales-in-november-2014.txt,6,"AEB SPONSORS 2014-2015 – СПОНСОРЫ АЕБ 2014-2015 • Allianz IC OJSC • Alstom • ASAP Transportation Company LLC • Atos • Awara Group • Bank Credit Suisse (Moscow) • BP • BSH Group • Cargill Enterprises Inc. • Caverion Elmek OOO • Clifford Chance • Continental Tires RUS LLC • Crocus International• Deloitte • DHL • DuPont Science & Technologies • E.ON Global Commodities SE • Enel Russia OJSC • Eni S.p.A • EY • GDF SUEZ • Gestamp Russia • HeidelbergCement • ING Commercial Banking • John Deere Agricultural Holdings, Inc. • KPMG • LEROY MERLIN Russia • MAN Truck & Bus AG • Mercedes-Benz Russia • Merck LLC• Messe Frankfurt Rus, O.O.O • MetLife • METRO Group • Michelin • MOL Plc • Novartis Group • OBI Russia • Orange Business Services • Oranta • Oriflame • Pepeliaev Group, LLC • PwC • Procter & Gamble • Raiffeisenbank ZAO • ROCA • Shell Exploration & Production Services (RF) B.V. • Statoil ASA • Stupino 1 Industrial Park •Telenor Russia AS • TMF Russia • Total E&P Russie • Volkswagen Group Rus OOO • Volvo Cars LLC • VSK • YIT Rakennus Representative Office • YOKOHAMA RUSSIA LLC Association of European Businesses Ul. Krasnoproletarskaya 16, bld. 3 127473 Moscow, Russia Phone.: +7 (495) 234 27 64 Fax: +7 (495) 234 28 07 E-mail: info@aebrus.ru www.aebrus.ru Пресс-релиз 8 декабря 2014 года Продажи ноября почти достигли уровня ноября прошлого года  Продажи новых легковых и легких коммерческих автомобилей в России в ноябре 2014 года снизились на 1,1%.  В десятке лидеров продаж новых легковых автомобилей находятся девять моделей местного производства. Ноябрь 2014 г. ознаменовался снижением уровня продаж на 1,1%, или на 2 620 штук по сравнению с ноябрём 2013 года, что составило 229 439 автомобилей. В январе-ноябре 2014 г. российский автомобильный рынок снизился на 11,6%, или на 292 489 штук проданных новых легковых и легких коммерческих автомобилей по сравнению с аналогичным периодом 2013 года (данные Комитета автопроизводителей АЕБ). В 2014 году было продано всего 2 220 751 автомобилей. Комментирует Йорг Шрайбер, Председатель Комитета автопроизводителей АЕБ: «В необычных условиях случаются неожиданные вещи. Так продажи ноября превысили продажи октября и почти достигли уровня ноября прошлого года. В течение последних недель наблюдался небывалый спрос на автомобили в рознице, ему помогала программа государственных субсидий и настроение покупателей, спешащих сделать покупки до ожидаемого повышения цен в новом году. Прогноз на декабрь также довольно оптимистичный, что повышает шансы на достойное закрытие этого трудного для российского автомобильного рынка года». Контакты: Ольга Зуева, координатор Комитета автопроизводителей АЕБ, olga.zueva@aebrus.ru , тел. (+7 495) 234 27 64 Юлия Щеглова, менеджер проектов по исследованию рынка и статистики АЕБ, yuliya.sheglova@aebrus.ru , тел. +7 (495) 234 27 64 -------------------------------------------------------------- Приложения: 1. Продажи новых легковых и легких коммерческих автомобилей в России за периоды ноябрь 2014/2013 и январь - ноябрь 2014/2013 гг. 2. Продажи новых легковых и легких коммерческих автомобилей по группам за периоды ноябрь 2014/2013 и январь – ноябрь 2014/2013 гг. 3. 25 наиболее продаваемых моделей легковых автомобилей в России за периоды ноябрь 2014/2013 и январь - ноябрь 2014/2013 гг.",2014-12-08,"года Продажи ноября почти достигли уровня ноября прошлого года  Продажи новых легковых и легких коммерческих автомобилей в России в ноябре 2014 года снизились на 1,1%.  В десятке лидеров продаж новых легковых автомобилей находятся девять моделей местного производства. Ноябрь 2014 г. ознаменовался снижением уровня продаж на 1,1%, или на 2 620 штук по сравнению с ноябрём 2013 года, что составило 229 439 автомобилей. В январе-ноябре 2014 г. российский автомобильный рынок снизился на 11,6%, или на 292 489 штук проданных новых легковых и легких коммерческих автомобилей по сравнению с аналогичным периодом 2013 года (данные Комитета автопроизводителей АЕБ). В 2014 году было продано всего 2 220 751 автомобилей.",в России в ноябре 2014,
RUS_Car Sales in October 2014.pdf,https://aebrus.ru/upload/iblock/210/rus_car-sales-in-october-2014.pdf,https://aebrus.ru/ru/media/press-releases/sales-of-cars-and-light-commercial-vehicles.php?PAGEN_1=7#search,aeb_rus_sales_data\pdf\rus_car-sales-in-october-2014.pdf,aeb_rus_sales_data\text\rus_car-sales-in-october-2014.txt,6,"AEB SPONSORS 2014-2015 – СПОНСОРЫ АЕБ 2014-2015 • Allianz IC OJSC • Alstom • ASAP Transportation Company LLC • Atos • Awara Group • Bank Credit Suisse (Moscow) • BP • BSH Group • Cargill Enterprises Inc. • Caverion Elmek OOO • Clifford Chance • Continental Tires RUS LLC • Crocus International• Deloitte • DHL • DuPont Science & Technologies • E.ON Global Commodities SE • Enel Russia OJSC • Eni S.p.A • EY • GDF SUEZ • Gestamp Russia • HeidelbergCement • ING Commercial Banking • John Deere Agricultural Holdings, Inc. • KPMG • LEROY MERLIN Russia • MAN Truck & Bus AG • Mercedes-Benz Russia • Merck LLC• Messe Frankfurt Rus, O.O.O • MetLife • METRO Group • Michelin • MOL Plc • Novartis Group • OBI Russia • Orange Business Services • Oranta • Oriflame • Pepeliaev Group, LLC • PwC • Procter & Gamble • Raiffeisenbank ZAO • ROCA • Shell Exploration & Production Services (RF) B.V. • Statoil ASA • Stupino 1 Industrial Park •Telenor Russia AS • TMF Russia • Total E&P Russie • Volkswagen Group Rus OOO • Volvo Cars LLC • VSK • YIT Rakennus Representative Office • YOKOHAMA RUSSIA LLC Association of European Businesses Ul. Krasnoproletarskaya 16, bld. 3 127473 Moscow, Russia Phone.: +7 (495) 234 27 64 Fax: +7 (495) 234 28 07 E-mail: info@aebrus.ru www.aebrus.ru Пресс-релиз 12 ноября 2014 года Продажи в октябре – это шаг вперёд по сравнению с очень слабыми результатами предыдущих месяцев.  Продажи новых легковых и легких коммерческих автомобилей в России в октябре 2014 года снизились на 9,9%.  В десятке лидеров продаж новых легковых автомобилей находятся десять моделей местного производства. Октябрь 2014 г. ознаменовался снижением уровня продаж на 9,9%, или на 23 116 штук по сравнению с октябрём 2013 года, что составило 211 365 автомобилей. В январе-октябре 2014 г. российский автомобильный рынок снизился на 12,7%, или на 289 869 штук проданных новых легковых и легких коммерческих автомобилей по сравнению с аналогичным периодом 2013 года (данные Комитета автопроизводителей АЕБ). В 2014 году было продано всего 1 991 312 автомобилей. Комментирует Йорг Шрайбер, Председатель Комитета автопроизводителей АЕБ: «Нельзя сказать, что продажи в октябре были выдающимися, но это шаг вперед по сравнению с очень слабым результатом предыдущих месяцев. Причиной относительного улучшения является комбинация эффекта программы утилизации, поддерживающей продажи автомобилей российского производства, и резкое ослабление курса рубля, что кратковременно повысило спрос на автомобили импортного производства. Стимулирующий эффект этих двух факторов является временным, но в настоящий момент несет в себе достаточный потенциал для улучшения статистики продаж в ноябре». Контакты: Ольга Зуева, координатор Комитета автопроизводителей АЕБ, olga.zueva@aebrus.ru , тел. (+7 495) 234 27 64 Юлия Щеглова, менеджер проектов по исследованию рынка и статистики АЕБ, yuliya.sheglova@aebrus.ru , тел. +7 (495) 234 27 64 -------------------------------------------------------------- Приложения: 1. Продажи новых легковых и легких коммерческих автомобилей в России за периоды октябрь 2014/2013 и январь - октябрь 2014/2013 гг. 2. Продажи новых легковых и легких коммерческих автомобилей по группам за периоды октябрь 2014/2013 и январь – октябрь 2014/2013 гг. 3. 25 наиболее продаваемых моделей легковых автомобилей в России за периоды октябрь 2014/2013 и январь - октябрь 2014/2013 гг.",2014-11-12,"года Продажи в октябре – это шаг вперёд по сравнению с очень слабыми результатами предыдущих месяцев.  Продажи новых легковых и легких коммерческих автомобилей в России в октябре 2014 года снизились на 9,9%.  В десятке лидеров продаж новых легковых автомобилей находятся десять моделей местного производства. Октябрь 2014 г. ознаменовался снижением уровня продаж на 9,9%, или на 23 116 штук по сравнению с октябрём 2013 года, что составило 211 365 автомобилей. В январе-октябре 2014 г. российский автомобильный рынок снизился на 12,7%, или на 289 869 штук проданных новых легковых и легких коммерческих автомобилей по сравнению с аналогичным периодом 2013 года (данные Комитета автопроизводителей АЕБ). В 2014 году было продано всего 1 991 312 автомобилей.",в России в октябре 2014,
RUS_Car Sales in September 2014.pdf,https://aebrus.ru/upload/iblock/127/rus_car-sales-in-september-2014.pdf,https://aebrus.ru/ru/media/press-releases/sales-of-cars-and-light-commercial-vehicles.php?PAGEN_1=7#search,aeb_rus_sales_data\pdf\rus_car-sales-in-september-2014.pdf,aeb_rus_sales_data\text\rus_car-sales-in-september-2014.txt,6,"AEB SPONSORS 2014 – СПОНСОРЫ АЕБ 2014 • Allianz IC OJSC • Alstom • ASAP Transportation Company LLC • Atos • Awara Group • Bank Credit Suisse (Moscow) • BP • BSH Group • Cargill Enterprises Inc. • Caverion Elmek OOO • Clifford Chance • Continental Tires RUS LLC • Crocus International• Deloitte • DHL • DuPont Science & Technologies • E.ON Global Commodities SE • Enel OGK 5 • Eni S.p.A • EY • GDF SUEZ • Gestamp Russia • HeidelbergCement • ING Commercial Banking • John Deere Agricultural Holdings, Inc. • KPMG • LEROY MERLIN Russia • MAN Truck & Bus AG • Mercedes-Benz Russia • Merck LLC• Messe Frankfurt Rus, O.O.O • MetLife • METRO Group •Michelin • MOL Plc • Novartis Group • OBI Russia • Orange Business Services • Oranta • Pepeliaev Group, LLC • PwC • Procter & Gamble • Raiffeisenbank ZAO • ROCA • Shell Exploration & Production Services (RF) B.V. • Statoil ASA • Stupino 1 Industrial Park •Telenor Russia AS • TMF Russia • Total E&P Russie • Volkswagen Group Rus OOO • Volvo Cars LLC • VSK • YIT Rakennus Representative Office • YOKOHAMA RUSSIA LLC Association of European Businesses Ul. Krasnoproletarskaya 16, bld. 3 127473 Moscow, Russia Phone.: +7 (495) 234 27 64 Fax: +7 (495) 234 28 07 E-mail: info@aebrus.ru www.aebrus.ru Пресс-релиз 8 октября 2014 года Улучшение продаж в сентябре не говорит об изменении тренда  Продажи новых легковых и легких коммерческих автомобилей в России в сентябре 2014 года снизились на 20,1%.  В десятке лидеров продаж новых легковых автомобилей находятся десять моделей местного производства. Сентябрь 2014 г. ознаменовался снижением уровня продаж на 20,1% или на 49 662 штук по сравнению с сентябрём 2013 года, что составило 197 233 автомобилей. В январе-сентябре 2014 г. российский автомобильный рынок снизился на 13,0% или на 266 753 штук проданных новых легковых и легких коммерческих автомобилей по сравнению с аналогичным периодом 2013 года (данные Комитета автопроизводителей АЕБ). В 2014 году было продано всего 1 779 947 автомобилей. Комментирует Йорг Шрайбер, Председатель Комитета автопроизводителей АЕБ: «Продажи новых автомобилей в сентябре продемонстрировали очевидное улучшение по сравнению с августом, что отражает сезонный фактор окончания отпусков и усилия участников рынка по успешному завершению квартала. В то же время, общая динамика российского автомобильного рынка остается довольно слабой, демонстрируя продолжающееся существенное падение объемов сбыта по сравнению с прошлым годом. В оставшиеся месяцы года ожидается некоторое смягчение текущих негативных тенденций сбыта благодаря государственным мерам поддержки локального производства автомобилей. Но несмотря на это мы не прогнозируем фундаментального изменения рыночного тренда в 4-ом квартале 2014. С учетом более слабого, по сравнению с прогнозом, объема рынка в 3 квартале 2014, мы сохраняем свой годовой прогноз общероссийского рынка новых легковых и легких коммерческих автомобилей на уровне 2.45 миллиона штук, что означает снижение объема рынка на 12% по сравнению с 2.77 миллиона автомобилей, проданных в 2013 году». Контакты: Ольга Зуева, координатор Комитета автопроизводителей АЕБ, olga.zueva@aebrus.ru , тел. (+7 495) 234 27 64 Юлия Щеглова, менеджер проектов по исследованию рынка и статистики АЕБ, yuliya.sheglova@aebrus.ru , тел. +7 (495) 234 27 64 -------------------------------------------------------------- Приложения: 1. Продажи новых легковых и легких коммерческих автомобилей в России за периоды сентябрь 2014/2013 и январь-сентябрь 2014/2013 гг. 2. Продажи новых легковых и легких коммерческих автомобилей по группам за периоды сентябрь 2014/2013 и январь-сентябрь 2014/2013 гг. 3. 25 наиболее продаваемых моделей легковых автомобилей в России за периоды сентябрь 2014/2013 и январь-сентябрь 2014/2013 гг.",2014-10-08,"года Улучшение продаж в сентябре не говорит об изменении тренда  Продажи новых легковых и легких коммерческих автомобилей в России в сентябре 2014 года снизились на 20,1%.  В десятке лидеров продаж новых легковых автомобилей находятся десять моделей местного производства. Сентябрь 2014 г. ознаменовался снижением уровня продаж на 20,1% или на 49 662 штук по сравнению с сентябрём 2013 года, что составило 197 233 автомобилей. В январе-сентябре 2014 г. российский автомобильный рынок снизился на 13,0% или на 266 753 штук проданных новых легковых и легких коммерческих автомобилей по сравнению с аналогичным периодом 2013 года (данные Комитета автопроизводителей АЕБ). В 2014 году было продано всего 1 779 947 автомобилей.",в России в сентябре 2014,
RUS_Car Sales in August 2014.pdf,https://aebrus.ru/upload/iblock/0a4/rus_car-sales-in-august-2014.pdf,https://aebrus.ru/ru/media/press-releases/sales-of-cars-and-light-commercial-vehicles.php?PAGEN_1=8#search,aeb_rus_sales_data\pdf\rus_car-sales-in-august-2014.pdf,aeb_rus_sales_data\text\rus_car-sales-in-august-2014.txt,6,"AEB SPONSORS 2014 – СПОНСОРЫ АЕБ 2014 • Allianz IC OJSC • Alstom • ASAP Transportation Company LLC • Atos • Awara Group • Bank Credit Suisse (Moscow) • BP • BSH Group • Cargill Enterprises Inc. • Caverion Elmek OOO • Clifford Chance • Continental Tires RUS LLC • Crocus International• Deloitte • DHL • DuPont Science & Technologies • E.ON Global Commodities SE • Enel OGK 5 • Eni S.p.A • EY • GDF SUEZ • Gestamp Russia • HeidelbergCement • ING Commercial Banking • John Deere Agricultural Holdings, Inc. • KPMG • LEROY MERLIN Russia • MAN Truck & Bus AG • Mercedes-Benz Russia • Merck LLC• Messe Frankfurt Rus, O.O.O • MetLife • METRO Group •Michelin • MOL Plc • Novartis Group • OBI Russia • Orange Business Services • Oranta • Pepeliaev Group, LLC • PwC • Procter & Gamble • Raiffeisenbank ZAO • ROCA • Shell Exploration & Production Services (RF) B.V. • Statoil ASA • Stupino 1 Industrial Park •Telenor Russia AS • TMF Russia • Total E&P Russie • Volkswagen Group Rus OOO • Volvo Cars LLC • VSK • YIT Rakennus Representative Office • YOKOHAMA RUSSIA LLC Association of European Businesses Ul. Krasnoproletarskaya 16, bld. 3 127473 Moscow, Russia Phone.: +7 (495) 234 27 64 Fax: +7 (495) 234 28 07 E-mail: info@aebrus.ru www.aebrus.ru Пресс-релиз 8 сентября 2014 года Падение рынка продолжается  Продажи новых легковых и легких коммерческих автомобилей в России в августе 2014 года снизились на 25,8%.  В десятке лидеров продаж новых легковых автомобилей находятся десять моделей местного производства. Август 2014 г. ознаменовался снижением уровня продаж на 25,8% или на 59 900 штук по сравнению с августом 2013 года, что составило 172 015 автомобилей. В январе-августе 2014 г. российский автомобильный рынок снизился на 12,1% или на 217 092 штук проданных новых легковых и легких коммерческих автомобилей по сравнению с аналогичным периодом 2013 года (данные Комитета автопроизводителей АЕБ). В 2014 году было продано всего 1 582 713 автомобилей. Комментирует Йорг Шрайбер, Председатель Комитета автопроизводителей АЕБ: «Август был еще одним трудным месяцем для продаж автомобилей, хотя это вряд ли удивило кого-нибудь в индустрии. Недавно объявленная государственная программа по утилизации и «трейд-ину» автомобилей вселила надежду, что падение рынка может быть остановлено. Будет ли это так или нет, зависит от того, как быстро эта программа будет запущена с тем, чтобы участники рынка смогли ею воспользоваться». Контакты: Ольга Зуева, координатор Комитета автопроизводителей АЕБ, olga.zueva@aebrus.ru , тел. (+7 495) 234 27 64 Юлия Щеглова, менеджер проектов по исследованию рынка и статистики АЕБ, yuliya.sheglova@aebrus.ru , тел. (+7 495) 234 27 64 -------------------------------------------------------------- Приложения: 1. Продажи новых легковых и легких коммерческих автомобилей в России за периоды август 2014/2013 и январь-август 2014/2013 гг. 2. Продажи новых легковых и легких коммерческих автомобилей по группам за периоды август 2014/2013 и январь-август 2014/2013 гг. 3. 25 наиболее продаваемых моделей легковых автомобилей в России за периоды август 2014/2013 и январь-август 2014/2013 гг.",2014-09-08,"года Падение рынка продолжается  Продажи новых легковых и легких коммерческих автомобилей в России в августе 2014 года снизились на 25,8%.  В десятке лидеров продаж новых легковых автомобилей находятся десять моделей местного производства. Август 2014 г. ознаменовался снижением уровня продаж на 25,8% или на 59 900 штук по сравнению с августом 2013 года, что составило 172 015 автомобилей. В январе-августе 2014 г. российский автомобильный рынок снизился на 12,1% или на 217 092 штук проданных новых легковых и легких коммерческих автомобилей по сравнению с аналогичным периодом 2013 года (данные Комитета автопроизводителей АЕБ). В 2014 году было продано всего 1 582 713 автомобилей.",в России в августе 2014,
RUS_Car Sales in July 2014.pdf,https://aebrus.ru/upload/iblock/48f/rus_car-sales-in-july-2014.pdf,https://aebrus.ru/ru/media/press-releases/sales-of-cars-and-light-commercial-vehicles.php?PAGEN_1=8#search,aeb_rus_sales_data\pdf\rus_car-sales-in-july-2014.pdf,aeb_rus_sales_data\text\rus_car-sales-in-july-2014.txt,8,"AEB SPONSORS 2014 – СПОНСОРЫ АЕБ 2014 • Allianz IC OJSC • Alstom • ASAP Transportation Company LLC • Atos • Awara Group • Bank Credit Suisse (Moscow) • BP • BSH Group • Cargill Enterprises Inc. • Caverion Elmek OOO • Clifford Chance • Continental Tires RUS LLC • Crocus International• Deloitte • DHL • DuPont Science & Technologies • E.ON Global Commodities SE • Enel OGK 5 • Eni S.p.A • EY • GDF SUEZ • Gestamp Russia • HeidelbergCement • ING Commercial Banking • John Deere Agricultural Holdings, Inc. • KPMG • LEROY MERLIN Russia • MAN Truck & Bus AG • Mercedes-Benz Russia • Merck LLC• Messe Frankfurt Rus, O.O.O • MetLife • METRO Group •Michelin • MOL Plc • Novartis Group • OBI Russia • Orange Business Services • Oranta • Pepeliaev Group, LLC • PwC • Procter & Gamble • Raiffeisenbank ZAO • ROCA • Shell Exploration & Production Services (RF) B.V. • Statoil ASA • Stupino 1 Industrial Park •Telenor Russia AS • TMF Russia • Total E&P Russie • Volkswagen Group Rus OOO • Volvo Cars LLC • VSK • YIT Rakennus Representative Office • YOKOHAMA RUSSIA LLC Association of European Businesses Ul. Krasnoproletarskaya 16, bld. 3 127473 Moscow, Russia Phone.: +7 (495) 234 27 64 Fax: +7 (495) 234 28 07 E-mail: info@aebrus.ru www.aebrus.ru Пресс-релиз 8 августа 2014 года Cжатие автомобильного рынка продолжилось  Продажи новых легковых и легких коммерческих автомобилей в России в июле 2014 года снизились на 22,9%.  В десятке лидеров продаж новых легковых автомобилей находятся десять моделей местного производства. Июль 2014 г. ознаменовался снижением уровня продаж на 22,9% или на 53 598 штук по сравнению с июлем 2013 года, что составило 180 767 автомобилей. В январе-июле 2014 г. российский автомобильный рынок снизился на 9,9% или на 154 864 штук проданных новых легковых и легких коммерческих автомобилей по сравнению с аналогичным периодом 2013 года (данные Комитета автопроизводителей АЕБ). В 2014 году было продано всего 1 410 606 автомобилей. Комментирует Йорг Шрайбер, Председатель Комитета автопроизводителей АЕБ: “К сожалению, сжатие автомобильного рынка продолжилось, набрав скорость в июле. В целом, тренд тревожный, и маловероятно, что он фундаментально изменится в ближайшее время. Конечно, Московский Автосалон, который откроется в конце августа, должен иметь стимулирующий эффект на продажи автомобилей, особенно принимая во внимание, что осень - сезон высоких продаж. По крайней мере, это то, что происходило обычно. Но разве этот год назовешь обычным?” Контакты: Ольга Зуева, координатор Комитета автопроизводителей АЕБ, olga.zueva@aebrus.ru , тел. (+7 495) 234 27 64 Юлия Щеглова, менеджер проектов по исследованию рынка и статистики АЕБ, yuliya.sheglova@aebrus.ru , тел. (+7 495) 234 27 64 -------------------------------------------------------------- Приложения: 1. Продажи новых легковых и легких коммерческих автомобилей в России за периоды июль 2014/2013 и январь-июль 2014/2013 гг. 2. Продажи новых легковых и легких коммерческих автомобилей по группам за периоды июль 2014/2013 и январь-июль 2014/2013 гг. 3. 25 наиболее продаваемых моделей легковых автомобилей в России за периоды июль 2014/2013 и январь-июль 2014/2013 гг.",2014-08-08,"года Cжатие автомобильного рынка продолжилось  Продажи новых легковых и легких коммерческих автомобилей в России в июле 2014 года снизились на 22,9%.  В десятке лидеров продаж новых легковых автомобилей находятся десять моделей местного производства. Июль 2014 г. ознаменовался снижением уровня продаж на 22,9% или на 53 598 штук по сравнению с июлем 2013 года, что составило 180 767 автомобилей. В январе-июле 2014 г. российский автомобильный рынок снизился на 9,9% или на 154 864 штук проданных новых легковых и легких коммерческих автомобилей по сравнению с аналогичным периодом 2013 года (данные Комитета автопроизводителей АЕБ). В 2014 году было продано всего 1 410 606 автомобилей.",в России в июле 2014,
RUS_Car Sales in June 2014.pdf,https://aebrus.ru/upload/iblock/9ef/rus_car-sales-in-june-2014.pdf,https://aebrus.ru/ru/media/press-releases/sales-of-cars-and-light-commercial-vehicles.php?PAGEN_1=8#search,aeb_rus_sales_data\pdf\rus_car-sales-in-june-2014.pdf,aeb_rus_sales_data\text\rus_car-sales-in-june-2014.txt,6,"AEB SPONSORS 2014 – СПОНСОРЫ АЕБ 2014 • Allianz IC OJSC • Alstom • ASAP Transportation Company LLC • Atos • Awara Group • Bank Credit Suisse (Moscow) • BP • BSH Group • Cargill Enterprises Inc. • Caverion Elmek OOO • Clifford Chance • Continental Tires RUS LLC • Crocus International• Deloitte • DHL • DuPont Science & Technologies • E.ON Global Commodities SE • Enel OGK 5 • Eni S.p.A • EY • GDF SUEZ • Gestamp Russia • HeidelbergCement • ING Commercial Banking • John Deere Agricultural Holdings, Inc. • KPMG • LEROY MERLIN Russia • MAN Truck & Bus AG • Mercedes-Benz Russia • Merck LLC• Messe Frankfurt Rus, O.O.O • MetLife • METRO Group •Michelin • MOL Plc • Novartis Group • OBI Russia • Orange Business Services • Oranta • Pepeliaev Group, LLC • PwC • Procter & Gamble • Raiffeisenbank ZAO • ROCA • Shell Exploration & Production Services (RF) B.V. • Statoil ASA • Stupino 1 Industrial Park •Telenor Russia AS • TMF Russia • Total E&P Russie • Volkswagen Group Rus OOO • Volvo Cars LLC • VSK • YIT Rakennus Representative Office • YOKOHAMA RUSSIA LLC Association of European Businesses Ul. Krasnoproletarskaya 16, bld. 3 127473 Moscow, Russia Phone.: +7 (495) 234 27 64 Fax: +7 (495) 234 28 07 E-mail: info@aebrus.ru www.aebrus.ru Пресс-релиз 8 июля 2014 года Автомобильный рынок продолжает движение вниз  Продажи новых легковых и легких коммерческих автомобилей в России в июне 2014 года снизились на 17,3%.  В десятке лидеров продаж новых легковых автомобилей находятся девять моделей местного производства. Июнь 2014 г. ознаменовался снижением уровня продаж на 17,3% или на 41 674 штук по сравнению с июнем 2013 года, что составило 199 398 автомобилей. В январе-июне 2014 г. российский автомобильный рынок снизился на 7,6% или на 101 266 штук проданных новых легковых и легких коммерческих автомобилей по сравнению с аналогичным периодом 2013 года (данные Комитета автопроизводителей АЕБ). В 2014 году было продано всего 1 229 839 автомобилей. Комментирует Йорг Шрайбер, Председатель Комитета автопроизводителей АЕБ: «Автомобильный рынок продолжает движение вниз с увеличенной скоростью. По сравнению с 2013 годом продажи в июне просели на 17,3 %, приведя к падению продаж во 2-ом квартале в целом на 12,4%. Согласно мнению компаний участников Комитета Автопроизводителей ослабление рынка еще не закончилось. Продажи во 2-ой половине года будут на уровне 1,2 млн единиц, что эквивалентно понижению на 16% по сравнению с тем же периодом 2013 года. Принимая во внимание обозначившийся тренд, АЕБ скорректировал прогноз на 2014 год для рынка легковых и легких коммерческих автомобилей до 2,45 млн. шт., что на 335 тыс. шт. или 12% меньше, чем в 2013 году». Контакты: Ольга Зуева, координатор Комитета автопроизводителей АЕБ, olga.zueva@aebrus.ru , тел. (+7 495) 234 27 64 Юлия Щеглова, менеджер проектов по исследованию рынка и статистики АЕБ, yuliya.sheglova@aebrus.ru , тел. (+7 495) 234 27 64 -------------------------------------------------------------- Приложения: 1. Продажи новых легковых и легких коммерческих автомобилей в России за периоды июнь 2014/2013 и январь-июнь 2014/2013 гг. 2. Продажи новых легковых и легких коммерческих автомобилей по группам за периоды июнь 2014/2013 и январь- июнь 2014/2013 гг. 3. 25 наиболее продаваемых моделей легковых автомобилей в России за периоды июнь 2014/2013 и январь-июнь 2014/2013 гг.",2014-07-08,"года Автомобильный рынок продолжает движение вниз  Продажи новых легковых и легких коммерческих автомобилей в России в июне 2014 года снизились на 17,3%.  В десятке лидеров продаж новых легковых автомобилей находятся девять моделей местного производства. Июнь 2014 г. ознаменовался снижением уровня продаж на 17,3% или на 41 674 штук по сравнению с июнем 2013 года, что составило 199 398 автомобилей. В январе-июне 2014 г. российский автомобильный рынок снизился на 7,6% или на 101 266 штук проданных новых легковых и легких коммерческих автомобилей по сравнению с аналогичным периодом 2013 года (данные Комитета автопроизводителей АЕБ). В 2014 году было продано всего 1 229 839 автомобилей.",в России в июне 2014,
RUS_Car Sales in May 2014.pdf,https://aebrus.ru/upload/iblock/7fb/rus_car-sales-in-may-2014.pdf,https://aebrus.ru/ru/media/press-releases/sales-of-cars-and-light-commercial-vehicles.php?PAGEN_1=8#search,aeb_rus_sales_data\pdf\rus_car-sales-in-may-2014.pdf,aeb_rus_sales_data\text\rus_car-sales-in-may-2014.txt,6,"AEB SPONSORS 2014 – СПОНСОРЫ АЕБ 2014 • Allianz IC OJSC • Alstom • ASAP Transportation Company LLC • Atos • Awara Group • Bank Credit Suisse (Moscow) • BP • BSH Group • Cargill Enterprises Inc. • Caverion Elmek OOO • Clifford Chance • Continental Tires RUS LLC • Crocus International• Deloitte • DHL • DuPont Science & Technologies • E.ON Global Commodities SE • Enel OGK 5 • Eni S.p.A • EY • GDF SUEZ • Gestamp Russia • HeidelbergCement • ING Commercial Banking • John Deere Agricultural Holdings, Inc. • KPMG • LEROY MERLIN Russia • MAN Truck & Bus AG • Mercedes-Benz Russia • Merck LLC• Messe Frankfurt Rus, O.O.O • MetLife • METRO Group •Michelin • MOL Plc • Novartis Group • OBI Russia • Orange Business Services • Oranta • Pepeliaev Group, LLC • PwC • Procter & Gamble • Raiffeisenbank ZAO • ROCA • Shell Exploration & Production Services (RF) B.V. • Statoil ASA • Stupino 1 Industrial Park •Telenor Russia AS • TMF Russia • Total E&P Russie • Volkswagen Group Rus OOO • Volvo Cars LLC • VSK • YIT Rakennus Representative Office • YOKOHAMA RUSSIA LLC Association of European Businesses Ul. Krasnoproletarskaya 16, bld. 3 127473 Moscow, Russia Phone.: +7 (495) 234 27 64 Fax: +7 (495) 234 28 07 E-mail: info@aebrus.ru www.aebrus.ru Пресс-релиз 9 июня 2014 года Тенденция ослабления рынка сохраняется  Продажи новых легковых и легких коммерческих автомобилей в России в мае 2014 года снизились на 12%.  В десятке лидеров продаж новых легковых автомобилей находятся девять моделей местного производства. Май 2014 г. ознаменовался снижением уровня продаж на 12% или на 28 019 штук по сравнению с маем 2013 года, что составило 201 487 автомобилей. В январе-мае 2014 г. российский автомобильный рынок снизился на 6% или на 60 686 штук проданных новых легковых и легких коммерческих автомобилей по сравнению с аналогичным периодом 2013 года (данные Комитета автопроизводителей АЕБ). В 2014 году было продано всего 1 030 533 автомобилей. Комментирует Йорг Шрайбер, Председатель Комитета автопроизводителей АЕБ: «В мае сохранилась тенденция ослабления рынка, что, впрочем, и ожидалось для всего второго квартала 2014 года. В целом, динамика рынка в апреле-мае была очень близка к динамике прошлого года в тот же период, что означает падение продаж второй год подряд. Для сравнения: в рекордном 2012 году суммарные продажи за апрель-май были на 19% больше, чем в текущем году. Существует консенсус относительно того, что в ближайшей перспективе нет фундаментальных причин для изменения тренда на рынке. При данных обстоятельствах наилучшим вариантом развития событий было бы отсутствие дальнейшего ослабления рынка. Июнь должен нам дать ответ, куда будет двигаться рынок при приближении ко второй половине года». Контакты: Ольга Зуева, координатор Комитета автопроизводителей АЕБ, olga.zueva@aebrus.ru , тел. (+7 495) 234 27 64 Юлия Щеглова, менеджер проектов по исследованию рынка и статистики АЕБ, yuliya.sheglova@aebrus.ru , тел. (+7 495) 234 27 64 -------------------------------------------------------------- Приложения: 1. Продажи новых легковых и легких коммерческих автомобилей в России за периоды май 2014/2013 и январь- май 2014/2013 гг. 2. Продажи новых легковых и легких коммерческих автомобилей по группам за периоды май 2014/2013 и январь-май 2014/2013 гг. 3. 25 наиболее продаваемых моделей легковых автомобилей в России за периоды май 2014/2013 и январь-май 2014/2013 гг.",2014-06-09,"года Тенденция ослабления рынка сохраняется  Продажи новых легковых и легких коммерческих автомобилей в России в мае 2014 года снизились на 12%.  В десятке лидеров продаж новых легковых автомобилей находятся девять моделей местного производства. Май 2014 г. ознаменовался снижением уровня продаж на 12% или на 28 019 штук по сравнению с маем 2013 года, что составило 201 487 автомобилей. В январе-мае 2014 г. российский автомобильный рынок снизился на 6% или на 60 686 штук проданных новых легковых и легких коммерческих автомобилей по сравнению с аналогичным периодом 2013 года (данные Комитета автопроизводителей АЕБ). В 2014 году было продано всего 1 030 533 автомобилей.",в России в мае 2014,
RUS_Car Sales in April 2014.pdf,https://aebrus.ru/upload/iblock/efd/rus_car-sales-in-april-2014.pdf,https://aebrus.ru/ru/media/press-releases/sales-of-cars-and-light-commercial-vehicles.php?PAGEN_1=8#search,aeb_rus_sales_data\pdf\rus_car-sales-in-april-2014.pdf,aeb_rus_sales_data\text\rus_car-sales-in-april-2014.txt,6,"СПОНСОРЫ АЕБ 2014 • Allianz IC OJSC • Alstom • ASAP Transportation Company LLC • Atos • Awara Group • Bank Credit Suisse (Moscow) • BP • BSH Group • Cargill Enterprises Inc. • Caverion Elmek OOO • Clifford Chance • Continental Tires RUS LLC • Crocus International• Deloitte • DHL • DuPont Science & Technologies • E.ON Global Commodities SE • Enel OGK 5 • Eni S.p.A • EY • GDF SUEZ • Gestamp Russia • HeidelbergCement • ING Commercial Banking • John Deere Agricultural Holdings, Inc. • KPMG • LEROY MERLIN Russia • MAN Truck & Bus AG • Mercedes-Benz Russia • Merck LLC• Messe Frankfurt Rus, O.O.O • METRO Group •Michelin • MOL Plc • Novartis Group • OBI Russia • Oranta • Pepeliaev Group, LLC • PwC • Procter & Gamble • Raiffeisenbank ZAO • ROCA • Shell Exploration & Production Services (RF) B.V. • Statoil ASA • Stupino 1 Industrial Park •Telenor Russia AS • TMF Russia • Total E&P Russie • Volkswagen Group Rus OOO • Volvo Cars LLC • VSK • YIT Rakennus Representative Office • YOKOHAMA RUSSIA LLC Ассоциация европейского бизнеса Россия, 127473 Москва, Ул. Краснопролетарская 16, стр. 3 Тел.: +7 (495) 234 27 64 Факс: +7 (495) 234 28 07 E-mail: info@aebrus.ru www.aebrus.ru Пресс-релиз 13 мая 2014 года Значительное снижение продаж в апреле  Продажи новых легковых и легких коммерческих автомобилей в России в апреле 2014 года снизились на 8%.  В десятке лидеров продаж по моделям среди новых легковых автомобильных находятся десять моделей местного производства. В январе - апреле 2014 г. российский автомобильный рынок снизился на 4% или на 32 567 штук проданных новых легковых и легких коммерческих автомобилей по сравнению с аналогичным периодом 2013 года (данные Комитета автопроизводителей АЕБ). В 2014 году было продано всего 829 046 автомобилей. Апрель 2014 г. ознаменовался снижением уровня продаж на 8% или 18 739 штук по сравнению с апрелем 2013 года, что составило 226 526 автомобилей. Комментирует Йорг Шрайбер, Председатель Комитета автопроизводителей АЕБ: «После короткого периода восстановления рынок возвращается к отрицательным индексам роста. Очевидно, что недавняя волна повышения цен, вызванная ослаблением рубля, оказывает влияние на потребительский спрос, который был изначально достаточно неустойчив. В ближайшее время ситуация на рынке вряд ли изменится в условиях замедляющейся экономики». Контакты: Ольга Зуева, координатор Комитета автопроизводителей АЕБ, olga.zueva@aebrus.ru , тел. (+7 495) 234 27 64 Юлия Щеглова, менеджер проектов по исследованию рынка и статистики АЕБ, yuliya.sheglova@aebrus.ru , тел. (+7 495) 234 27 64 -------------------------------------------------------------- Приложения: 1. Продажи новых легковых и легких коммерческих автомобилей в России за периоды январь-апрель 2014/2013 и апрель 2014/2013 гг. 2. Продажи новых легковых и легких коммерческих автомобилей по группам за периоды январь-апрель 2014/2013 и апрель 2014/2013 гг. 3. 25 наиболее продаваемых моделей легковых автомобилей в России за периоды январь- апрель 2014/2013 и апрель 2014/2013 гг.",2014-05-13,"года Значительное снижение продаж в апреле  Продажи новых легковых и легких коммерческих автомобилей в России в апреле 2014 года снизились на 8%.  В десятке лидеров продаж по моделям среди новых легковых автомобильных находятся десять моделей местного производства. В январе - апреле 2014 г. российский автомобильный рынок снизился на 4% или на 32 567 штук проданных новых легковых и легких коммерческих автомобилей по сравнению с аналогичным периодом 2013 года (данные Комитета автопроизводителей АЕБ). В 2014 году было продано всего 829 046 автомобилей. Апрель 2014 г. ознаменовался снижением уровня продаж на 8% или 18 739 штук по сравнению с апрелем 2013 года, что составило 226 526 автомобилей.",в России в апреле 2014,
Sales in March_2014_Rus_final.pdf,https://aebrus.ru/upload/iblock/7e4/sales-in-march_2014_rus_final.pdf,https://aebrus.ru/ru/media/press-releases/sales-of-cars-and-light-commercial-vehicles.php?PAGEN_1=8#search,aeb_rus_sales_data\pdf\sales-in-march_2014_rus_final.pdf,aeb_rus_sales_data\text\sales-in-march_2014_rus_final.txt,6,"AEB SPONSORS 2014 – СПОНСОРЫ АЕБ 2014 • Allianz IC OJSC • Alstom • ASAP Transportation Company LLC • Atos • Awara Group • Bank Credit Suisse (Moscow) • BP • BSH Group • Cargill Enterprises Inc. • Caverion Elmek OOO • Clifford Chance • Continental Tires RUS LLC • Crocus International• Deloitte • DHL • DuPont Science & Technologies • E.ON Global Commodities SE • Enel OGK 5 • Eni S.p.A • EY • GDF SUEZ • Gestamp Russia • HeidelbergCement • ING Commercial Banking • John Deere Agricultural Holdings, Inc. • KPMG • LEROY MERLIN Russia • MAN Truck & Bus AG • Mercedes-Benz Russia • Merck LLC• Messe Frankfurt Rus, O.O.O • METRO Group •Michelin • MOL Plc • Novartis Group • OBI Russia • Oranta • Pepeliaev Group, LLC • PwC • Procter & Gamble • Raiffeisenbank ZAO • ROCA • Shell Exploration & Production Services (RF) B.V. • Statoil ASA • Stanton Chase International • Stupino Pro LLC •Telenor Russia AS • TMF Russia • Total E&P Russie • Volkswagen Group Rus OOO • Volvo Cars LLC • VSK • YIT Rakennus Representative Office • YOKOHAMA RUSSIA LLC Ассоциация европейского бизнеса Россия, 127473 Москва, Ул. Краснопролетарская 16, стр. 3 Тел.: +7 (495) 234 27 64 Факс: +7 (495) 234 28 07 E-mail: info@aebrus.ru www.aebrus.ru Пресс-релиз 08.04.2014 Продажи марта подают первые признаки стабилизации рынка  Продажи новых легковых и легких коммерческих автомобилей в России в марте 2014 года были стабильными  В десятке лидеров по моделям среди новых легковых автомобильных марок по итогам года, десять моделей местного производства В марте 2014 г. российский автомобильный рынок оставался стабильным по сравнению с мартом прошлого года или на всего лишь 890 штук проданных новых легковых и легких коммерческих автомобилей меньше по сравнению с тем же периодом 2013 года (данные Комитета автопроизводителей АЕБ). Комментирует Йорг Шрайбер, Председатель Комитета автопроизводителей АЕБ: «Год назад российский автомобильный рынок перешел в фазу сжатия, что месяц за месяцем подтверждалось уменьшением продаж по сравнению с результатом, достигнутым годом ранее. Единственное исключение в этом ряду – декабрь 2013 г. В последние месяцы темпы снижения рынка замедлились, что стало определенным сигналом его возможной стабилизации. Создается ощущение, что в марте 2014 года стабилизация, наконец, была достигнута. Самый главный вопрос на повестке дня - сможет ли она продлиться или нет. Мнение подавляющего большинства участников рынка заключается в том, что недавний всплеск спроса был вызван краткосрочными факторами, что, в свою очередь, приведет к уменьшению покупательской активности во 2-ом квартале. Однако, банк заказов на новые автомобили, который был сформирован в ходе этого недавнего всплеска спроса, будет способствовать улучшению статистики продаж в ближайшие 1-2 месяца». Контакты: Ольга Зуева, координатор Комитета автопроизводителей АЕБ, olga.zueva@aebrus.ru , тел. (+7 495) 234 27 64 Юлия Щеглова, менеджер проектов по исследованию рынка и статистики АЕБ, yuliya.sheglova@aebrus.ru , тел. (+7 495) 234 27 64 -------------------------------------------------------------- Приложения: 1. Продажи новых легковых и легких коммерческих автомобилей в России за периоды январь-март 2014/2013 и март 2014/2013 гг. 2. Продажи новых легковых и легких коммерческих автомобилей по группам за периоды январь-март 2014/2013 и март 2014/2013 гг. 3. 25 наиболее продаваемых моделей легковых автомобилей в России за периоды январь-март 2014/2013 и март 2014/2013 гг.",,,,
Sales in February_2014_Rus_final.pdf,https://aebrus.ru/upload/iblock/af5/sales-in-february_2014_rus_final.pdf,https://aebrus.ru/ru/media/press-releases/sales-of-cars-and-light-commercial-vehicles.php?PAGEN_1=8#search,aeb_rus_sales_data\pdf\sales-in-february_2014_rus_final.pdf,aeb_rus_sales_data\text\sales-in-february_2014_rus_final.txt,6,"AEB SPONSORS 2014 – СПОНСОРЫ АЕБ 2014 • Allianz IC OJSC • Alstom • ASAP Transportation Company LLC • Atos • Awara Group • Bank Credit Suisse (Moscow) • BP • BSH Group • Cargill Enterprises Inc. • Caverion Elmek OOO • Clifford Chance • Continental Tires RUS LLC • Crocus International• Deloitte • DHL • DuPont Science & Technologies • E.ON Global Commodities SE • Enel OGK 5 • Eni S.p.A • EY • GDF SUEZ • Gestamp Russia • Heidelberg Cement • ING Commercial Banking • John Deere Agricultural Holdings, Inc. • KPMG • LEROY MERLIN Russia • MAN Truck & Bus AG • Mercedes-Benz Russia • Merck LLC• Messe Frankfurt Rus, O.O.O • METRO Group •Michelin • MOL Plc • Novartis Group • OBI Russia • Oranta • Pepeliaev Group, LLC • PwC • Procter & Gamble • Raiffeisenbank ZAO • ROCA • Shell Exploration & Production Services (RF) B.V. • Statoil ASA • Stanton Chase International • Stupino Pro LLC •Telenor Russia AS • TMF Russia • Total E&P Russie • Volkswagen Group Rus OOO • Volvo Cars LLC • VSK • YIT Rakennus Representative Office • YOKOHAMA RUSSIA LLC • Zurich Insurance Company Ассоциация европейского бизнеса Россия, 127473 Москва, Ул. Краснопролетарская 16, стр. 3 Тел.: +7 (495) 234 27 64 Факс: +7 (495) 234 28 07 E-mail: info@aebrus.ru www.aebrus.ru Пресс-релиз 11.03.2014 Замедление снижения темпов продаж в феврале  Продажи новых легковых и легких коммерческих автомобилей в России в феврале 2014 года снизились на 2%.  В десятке лидеров по моделям среди новых легковых автомобильных марок по итогам года, десять моделей местного производства В феврале 2014 г. российский автомобильный рынок снизился на 2% или на 4,187 штук проданных новых легковых и легких коммерческих автомобилей по сравнению с февралем 2013 года (данные Комитета автопроизводителей АЕБ). Комментирует Йорг Шрайбер, Председатель Комитета автопроизводителей АЕБ: «В феврале поведение рынка дало основание надеяться на достижение прошлогоднего уровня продаж в ближайшее время. Активность в рознице была выше, чем обычно в этот сезон, что подогревалось опасениями по поводу слабеющего рубля и, как следствие, роста цен на импортные автомобили. Соответствующий опережающий рост клиентских заказов должен положительным образом сказаться на мартовских продажах, но оставляет открытым вопрос о стабильности потребительского спроса по мере продвижения ко второму кварталу текущего года». Контакты: Ольга Зуева, координатор Комитета автопроизводителей АЕБ, olga.zueva@aebrus.ru , тел. (+7 495) 234 27 64 Юлия Щеглова, менеджер проектов по исследованию рынка и статистики АЕБ, yuliya.sheglova@aebrus.ru , тел. (+7 495) 234 27 64 -------------------------------------------------------------- Приложения: 1. Продажи новых легковых и легких коммерческих автомобилей в России за периоды январь-февраль 2014/2013 и февраль 2014/2013 гг. 2. Продажи новых легковых и легких коммерческих автомобилей по группам за периоды январь-февраль 2014/2013 и февраль 2014/2013 гг. 3. 25 наиболее продаваемых моделей легковых автомобилей в России за периоды январь-февраль 2014/2013 и февраль 2014/2013 гг.",,,,
Sales in January_2014_Rus_final_1.pdf,https://aebrus.ru/upload/iblock/5a8/sales-in-january_2014_rus_final_1.pdf,https://aebrus.ru/ru/media/press-releases/sales-of-cars-and-light-commercial-vehicles.php?PAGEN_1=8#search,aeb_rus_sales_data\pdf\sales-in-january_2014_rus_final_1.pdf,aeb_rus_sales_data\text\sales-in-january_2014_rus_final_1.txt,6,"AEB SPONSORS 2014 – СПОНСОРЫ АЕБ 2014 Allianz IC OJSC • Alstom • Aon Hewitt • Atos • Awara Group • Bank Credit Suisse (Moscow) • BP • BSH Group • Cargill Enterprises Inc. Caverion Elmek OOO • Clifford Chance • Continental Tires RUS LLC • Deloitte • DHL • DuPont Science & Technologies • E.ON Global Commodities SE Enel OGK 5 • Eni S.p.A • Ernst & Young • GDF SUEZ • Gestamp Russia • Heidelberg Cement • ING Commercial Banking • INVESTMENT COMPANY IC RUSS-INVEST John Deere Agricultural Holdings, Inc. • KPMG • LEROY MERLIN Russia • MAN Truck & Bus AG • Mercedes-Benz Russia • Merck LLC• Messe Frankfurt Rus, O.O.O • METRO Group Michelin MOL Plc • Novartis Group • OBI Russia • Oranta • Pepeliaev Group, LLC • PwC • Procter & Gamble • Raiffeisenbank ZAO • ROCA • SERVIER • Shell Exploration & Production Services (RF) B.V. • Statoil ASA • Stanton Chase International • Telenor Russia AS • TMF Russia • Total E&P Russie Volkswagen Group Rus OOO • Volvo Cars LLC • VSK • YIT Rakennus Representative Office • YOKOHAMA RUSSIA LLC • Zurich Insurance Company Ассоциация европейского бизнеса Россия, 127473 Москва, Ул. Краснопролетарская 16, стр. 3 Тел.: +7 (495) 234 27 64 Факс: +7 (495) 234 28 07 E-mail: info@aebrus.ru www.aebrus.ru Пресс-релиз 10.02.2014 Январские продажи оказались ниже, чем ожидалось  Продажи новых легковых и легких коммерческих автомобилей в России в январе 2014 года снизились на 6%.  В десятке лидеров по моделям среди новых легковых автомобильных марок по итогам года, десять моделей местного производства В январе 2014 г. российский автомобильный рынок снизился на 6% или на 9.415 штук проданных новых легковых и легких коммерческих автомобилей по сравнению с январем 2013 года (данные Комитета автопроизводителей АЕБ). Комментирует Йорг Шрайбер, Председатель Комитета автопроизводителей АЕБ: «Оказалось, что продажи в январе ниже, чем надеялись многие из нас. С другой стороны, это не должно было бы быть таким уж сюрпризом, если оглянуться на успешный декабрь, который оттянул на себя продажи последующего периода за счет окончания государственной программы поддержки розничного кредитования. Обычно продажи января не бывают высокими, поэтому полученный результат не является поводом для тревоги. Февраль даст лучший ответ на вопрос, в каком направлении движется рынок в этом году. Текущий уровень контрактования в индустрии внушает оптимизм, что дает нам основание придерживаться в короткой перспективе ожиданий на стабилизацию рынка». Контакты: Ольга Зуева, координатор Комитета автопроизводителей АЕБ, olga.zueva@aebrus.ru , тел. (+7 495) 234 27 64 Юлия Щеглова, менеджер проектов по исследованию рынка и статистики АЕБ, yuliya.sheglova@aebrus.ru , тел. (+7 495) 234 27 64 -------------------------------------------------------------- Приложения: 1. Продажи новых легковых и легких коммерческих автомобилей в России за периоды январь 2014 и январь 2013 гг. 2. Продажи новых легковых и легких коммерческих автомобилей по группам за периоды январь 2014 и январь 2013 гг. 3. 25 наиболее продаваемых моделей легковых автомобилей в России за периоды январь 2014 и январь 2013 гг.",,,,
Sales in December_2013_Rus_final.pdf,https://aebrus.ru/upload/iblock/274/sales-in-december_2013_rus_final.pdf,https://aebrus.ru/ru/media/press-releases/sales-of-cars-and-light-commercial-vehicles.php?PAGEN_1=8#search,aeb_rus_sales_data\pdf\sales-in-december_2013_rus_final.pdf,aeb_rus_sales_data\text\sales-in-december_2013_rus_final.txt,6,"AEB SPONSORS 2014 – СПОНСОРЫ АЕБ 2014 Allianz IC OJSC • Alstom • Aon Hewitt • Atos • Awara Group • Bank Credit Suisse (Moscow) • BNP Paribas • BP • BSH Group • Cargill Enterprises Inc. Caverion Elmek OOO • Clifford Chance • CMS, Russia • Continental Tires RUS LLC • Deloitte • DHL • DuPont Science & Technologies • E.ON Global Commodities SE Enel OGK 5 • Eni S.p.A • Ernst & Young • GDF SUEZ • Gestamp Russia • Heidelberg Cement • ING Commercial Banking • INVESTMENT COMPANY IC RUSS-INVEST John Deere Agricultural Holdings, Inc. • KPMG • LEROY MERLIN Russia • MAN Truck & Bus AG • Mercedes-Benz Russia • Messe Frankfurt Rus, O.O.O • METRO Group Michelin MOL Plc • Novartis Group • OBI Russia • Oranta • Pepeliaev Group, LLC • Pirelli Tyre Russia • PwC • Procter & Gamble • Raiffeisenbank ZAO • ROCA • SERVIER Shell Exploration & Production Services (RF) B.V. • Statoil ASA • Stanton Chase International • Telenor Russia AS • TMF Russia • Total E&P Russie Volkswagen Group Rus OOO • Volvo Cars LLC • VSK YIT Rakennus Representative Office • YOKOHAMA RUSSIA LLC • Zurich Insurance Company Ассоциация европейского бизнеса Россия, 127473 Москва, Ул. Краснопролетарская 16, стр. 3 Тел.: +7 (495) 234 27 64 Факс: +7 (495) 234 28 07 E-mail: info@aebrus.ru www.aebrus.ru Пресс-релиз 15.01.2014 В 2013 году автомобильный рынок снизился на 5%  Продажи новых легковых и легких коммерческих автомобилей в России снизились на 5% в 2013 году и увеличились на 4% в декабре 2013 года.  В десятке лидеров по моделям среди новых легковых автомобильных марок по итогам года все модели местного производства  По прогнозу Комитета автопроизводителей АЕБ, в 2014 году продажи составят 2.73 млн. автомобилей В 2013 г. российский автомобильный рынок снизился на 5% или на 161.342 штук проданных новых легковых и легких коммерческих автомобилей по сравнению с 2012 годом (данные Комитета автопроизводителей АЕБ). Рост в декабре 2013 г. составил 4 % или на 10.678 штук проданных новых легковых и легких коммерческих автомобилей больше по сравнению с тем же периодом в 2012 году. Всего в декабре продано 264.257 автомобилей. Комментирует Йорг Шрайбер, Председатель Комитета автопроизводителей АЕБ: «Мы наблюдали уверенный финиш в последнем месяце 2013 года, который был довольно трудным на протяжении почти всего своего течения. Нет сомнений, окончание срока действия госпрограммы по субсидированию розничного автокредитования сыграло роль в том, что больше покупателей посетили салоны дилеров, чем месяцем раньше. Это усилило эффект, традиционно связанный с окончанием года, а также с необычайно теплой погодой прошедшего декабря. Суммарные продажи пассажирских автомобилей, а также легких и средних коммерческих автомобилей в России достигли в 2013 г. отметки 2,78 млн. автомобилей, что на 5,5% меньше, чем в рекордном прошлом году. Прогноз на 2014 год – 2,73 млн. автомобилей, что лишь немногим меньше продаж в ушедшем году». Контакты: Ольга Зуева, координатор Комитета автопроизводителей АЕБ olga.zueva@aebrus.ru , тел. (+7 495) 234 27 64 Юлия Щеглова, Руководитель проекта по исследованию рынка и статистики АЕБ yuliya.sheglova@aebrus.ru , тел. (+7 495) 234 27 64 -------------------------------------------------------------- Приложения: 1. Продажи новых легковых и легких коммерческих автомобилей в России за периоды январь-декабрь 2013/2012 гг. и декабрь 2013/ 2012 гг. 2. Продажи новых легковых и легких коммерческих автомобилей по группам за периоды январь-декабрь 2013/2012 гг. и декабрь 2013/ 2012 гг. 3. 25 наиболее продаваемых моделей легковых автомобилей в России за периоды январь-декабрь 2013/2012 гг. и декабрь 2013/ 2012 гг.",,,,
Sales in November_Rus_final.pdf,https://aebrus.ru/upload/iblock/c42/sales-in-november_rus_final.pdf,https://aebrus.ru/ru/media/press-releases/sales-of-cars-and-light-commercial-vehicles.php?PAGEN_1=8#search,aeb_rus_sales_data\pdf\sales-in-november_rus_final.pdf,aeb_rus_sales_data\text\sales-in-november_rus_final.txt,5,"AEB SPONSORS 2013-2014  Allianz IC OJSC  Alstom  Aon Hewitt  Atos  Awara Group  Bank Credit Suisse (Moscow)  BNP Paribas  BP  BSH Group  Cargill Enterprises Inc.  Caverion Elmek OOO  Clifford Chance  CMS, Russia  Continental Tires RUS LLC  Deloitte  DHL  DuPont Science & Technologies  E.ON Global Commodities SE  Enel OGK 5  Eni S.p.A  Ernst & Young  GDF SUEZ  Gestamp Russia  HeidelbergCement  ING Commercial Banking  INVESTMENT COMPANY IC RUSS-INVEST  John Deere Agricultural Holdings, Inc.  KPMG  LEROY MERLIN Russia  MAN Truck & Bus AG  Mercedes-Benz Russia  Messe Frankfurt Rus, O.O.O  METRO Group  Michelin  MOL Plc  Novartis Group  OBI Russia  Oranta  Pepeliaev Group, LLC  Pirelli Tyre Russia  PwC  Procter & Gamble  Raiffeisenbank ZAO  ROCA  SERVIER  Shell Exploration & Production Services (RF) B.V.  Statoil ASA  Stanton Chase International  Telenor Russia AS  TMF Russia  Total E&P Russie  Volkswagen Group Rus OOO  Volvo Cars LLC  VSK  YIT Rakennus Representative Office  YOKOHAMA RUSSIA LLC  Zurich Insurance Company Москва, 09 декабря 2013 г. Пресс-релиз Медленное снижение автомобильных продаж продолжается  Продажи новых легковых и легких коммерческих автомобилей в России в ноябре 2013 года снизились на 4%.  В десятке лидеров по моделям среди новых марок легковых автомобилей десять моделей местного производства. В ноябре 2013 г. объем продаж на российском автомобильном рынке снизился на 4% (т.е. 231.982 штук), что на 8.595 штук проданных новых легковых и легких коммерческих автомобилей меньше по сравнению с тем же периодом 2012 года (данные Комитета автопроизводителей АЕБ). За период январь-ноябрь 2013 г. российский автомобильный рынок также показал падение (-6%), по сравнению с тем же периодом 2012 года. Комментирует Йорг Шрайбер, Председатель Комитета автопроизводителей АЕБ: «Без сомнения, продажи на автомобильном рынке в целом продолжают снижаться, хотя и с чуть меньшей скоростью. Долгожданная стабилизация в терминах сравнения с тем же периодом прошлого года так и не наступила. Мы надеемся, что в декабре будет движение в этом направлении, и рынок покажет приличный результат под конец во всех смыслах трудного года. Окончательные цифры продаж 2013 года будут представлены на ежегодной пресс-конференции Комитета автопроизводителей в январе, также как и прогноз рынка на 2014 год». Контакты: Ольга Зуева, координатор Комитета автопроизводителей АЕБ olga.zueva@aebrus.ru , тел. (+7 495) 234 27 64 Юлия Щеглова, менеджер проектов по исследованию рынка и статистики АЕБ yuliya.sheglova@aebrus.ru , тел. (+7 495) 234 27 64 -------------------------------------------------------------- Приложения: 1. Продажи новых легковых и легких коммерческих автомобилей в России за периоды январь-ноябрь 2013/2012 г. и ноябрь 2013/2012 г. 2. Продажи новых легковых и легких коммерческих автомобилей по группам за периоды январь-ноябрь 2013/2012 г. и ноябрь 2013/2012 г. 3. 25 наиболее продаваемых моделей легковых автомобилей в России за периоды ноябрь 2013 г. и ноябрь 2012 г. ASSOCIATION OF EUROPEAN BUSINESSES RUSSIAN FEDERATION Ulitsa Krasnoproletarskaya 16, bld. 3, Moscow, 127473 Tel +7 495 234 2764 Fax +7 495 234 2807 info@aebrus.ru http://www.aebrus.ru АССОЦИАЦИЯ ЕВРОПЕЙСКОГО БИЗНЕСА РОССИЙСКАЯ ФЕДЕРАЦИЯ, 127473 Москва ул. Краснопролетарская, д. 16 стр. 3 Тел. +7 495 234 2764 Факс +7 495 234 2807 info@aebrus.ru http://www.aebrus.ru",2013-12-09,,,
Sales in October_Rus_11 11 13.pdf,https://aebrus.ru/upload/iblock/6a6/sales_in_october_rus_11_11_13.pdf,https://aebrus.ru/ru/media/press-releases/sales-of-cars-and-light-commercial-vehicles.php?PAGEN_1=8#search,aeb_rus_sales_data\pdf\sales_in_october_rus_11_11_13.pdf,aeb_rus_sales_data\text\sales_in_october_rus_11_11_13.txt,5,"AEB SPONSORS 2013-2014  Allianz IC OJSC  Alstom  Aon Hewitt  Atos  Awara Group  Bank Credit Suisse (Moscow)  BNP Paribas  BP  BSH Group  Cargill Enterprises Inc.  Caverion Elmek OOO  Clifford Chance  CMS, Russia  Continental Tires RUS LLC  Deloitte  DHL  DuPont Science & Technologies  E.ON Global Commodities SE  Enel OGK 5  Eni S.p.A  Ernst & Young  GDF SUEZ  Gestamp Russia  HeidelbergCement  ING Commercial Banking  INVESTMENT COMPANY IC RUSS-INVEST  John Deere Agricultural Holdings, Inc.  KPMG  LEROY MERLIN Russia  MAN Truck & Bus AG  Mercedes-Benz Russia  Messe Frankfurt Rus, O.O.O  METRO Group  Michelin  MOL Plc  Novartis Group  OBI Russia  Oranta  Pepeliaev Group, LLC  Pirelli Tyre Russia  PwC  Procter & Gamble  Raiffeisenbank ZAO  ROCA  SERVIER  Shell Exploration & Production Services (RF) B.V.  Statoil ASA  Stanton Chase International  Telenor Russia AS  TMF Russia  Total E&P Russie  Volkswagen Group Rus OOO  Volvo Cars LLC  VSK  YIT Rakennus Representative Office  YOKOHAMA RUSSIA LLC  Zurich Insurance Company Москва, 11 ноября 2013 г. Пресс-релиз Слабые продажи остаются неизменными  Продажи новых легковых и легких коммерческих автомобилей в России в октябре 2013 года снизились на 8%.  В десятке лидеров по моделям среди новых марок легковых автомобилей десять моделей местного производства. В октябре 2013 г. объем продаж на российском автомобильном рынке снизился на 8% (т.е. 234.481 штук), что на 19.539 штук проданных новых легковых и легких коммерческих автомобилей меньше по сравнению с тем же периодом 2012 года (данные Комитета автопроизводителей АЕБ). За период январь-октябрь 2013 г. российский автомобильный рынок также показал падение (-7%), по сравнению с тем же периодом 2012 года. Комментирует Йорг Шрайбер, Председатель Комитета автопроизводителей АЕБ: «Основной тренд – слабые продажи остается неизменным. Не видно как следов улучшения, так и следов дальнейшего ухудшения. По мере приближения конца года становится очевидным, что долгожданная стабилизация рынка вряд ли произойдет в 2013 году». Контакты: Ольга Зуева, координатор Комитета автопроизводителей АЕБ olga.zueva@aebrus.ru , тел. (+7 495) 234 27 64 Юлия Щеглова, менеджер проектов по исследованию рынка и статистики АЕБ yuliya.sheglova@aebrus.ru , тел. (+7 495) 234 27 64 -------------------------------------------------------------- Приложения: 1. Продажи новых легковых и легких коммерческих автомобилей в России за периоды январь-октябрь 2013/2012 г. и октябрь 2013/2012 г. 2. Продажи новых легковых и легких коммерческих автомобилей по группам за периоды январь-октябрь 2013/2012 г. и октябрь 2013/2012 г. 3. 25 наиболее продаваемых моделей легковых автомобилей в России за периоды октябрь 2013 г. и октябрь 2012 г. ASSOCIATION OF EUROPEAN BUSINESSES RUSSIAN FEDERATION Ulitsa Krasnoproletarskaya 16, bld. 3, Moscow, 127473 Tel +7 495 234 2764 Fax +7 495 234 2807 info@aebrus.ru http://www.aebrus.ru АССОЦИАЦИЯ ЕВРОПЕЙСКОГО БИЗНЕСА РОССИЙСКАЯ ФЕДЕРАЦИЯ, 127473 Москва ул. Краснопролетарская, д. 16 стр. 3 Тел. +7 495 234 2764 Факс +7 495 234 2807 info@aebrus.ru http://www.aebrus.ru",2013-11-11,,,
Sales in September_Rus_final.pdf,https://aebrus.ru/upload/iblock/096/096ea5204e0be3ccb3b8e1c891f1f2fe.pdf,https://aebrus.ru/ru/media/press-releases/sales-of-cars-and-light-commercial-vehicles.php?PAGEN_1=8#search,aeb_rus_sales_data\pdf\096ea5204e0be3ccb3b8e1c891f1f2fe.pdf,aeb_rus_sales_data\text\096ea5204e0be3ccb3b8e1c891f1f2fe.txt,5,"AEB SPONSORS 2013  Allianz IC OJSC  Alstom  Aon Hewitt  Atos  Awara Group  Bank Credit Suisse (Moscow)  BNP Paribas  BP  BSH Group  Cargill Enterprises Inc.  Clifford Chance  CMS, Russia  Continental Tires RUS LLC  Deloitte  DHL  DuPont Science & Technologies  E.ON Global Commodities SE  Enel OGK 5  Eni S.p.A  Ernst & Young  GDF SUEZ  Gestamp Russia  HeidelbergCement  ING Commercial Banking  INVESTMENT COMPANY IC RUSS-INVEST  John Deere Agricultural Holdings, Inc.  KPMG  LEROY MERLIN Russia  MAN Truck & Bus AG  Mercedes-Benz Russia  Messe Frankfurt Rus, O.O.O  METRO Group  Michelin  MOL Plc  Novartis Group  OBI Russia  Oranta  Pepeliaev Group, LLC  Pirelli Tyre Russia  PwC  Procter & Gamble  Raiffeisenbank ZAO  ROCA  SERVIER  Shell Exploration & Production Services (RF) B.V.  Statoil ASA  Stanton Chase International  Telenor Russia AS  TMF Russia  Total E&P Russie  Volkswagen Group Rus OOO  Volvo Cars LLC  VSK  YIT Rakennus Representative Office  YOKOHAMA RUSSIA LLC  Zurich Insurance Company Москва, 8 октября 2013 г. Пресс-релиз Несмотря на недостаточную стабильность в сентябре 2013, рынок демонстрирует первые признаки улучшения  Продажи новых легковых и легких коммерческих автомобилей в России в сентябре 2013 года снизились на 5%.  В десятке лидеров по моделям среди новых марок легковых автомобилей десять моделей местного производства. В сентябре 2013 г. объем продаж на российском автомобильном рынке снизился на 5% (т.е. 246.895 штук), что на 13.067 штук проданных новых легковых и легких коммерческих автомобилей меньше по сравнению с тем же периодом 2012 года (данные Комитета автопроизводителей АЕБ). За период январь-сентябрь 2013 г. российский автомобильный рынок также показал падение (-7%), по сравнению с тем же периодом 2012 года. Комментирует Йорг Шрайбер, Председатель Комитета автопроизводителей АЕБ: «Средняя температура по больнице улучшается, но на здоровье конкретного пациента это не отражается. Ситуацию на рынке в сентябре можно продиагностировать пока что только так. По сравнению с предыдущими месяцами, кривая продаж поползла вверх. Однако по сравнению с прошлым годом, рынок не показывает достаточной стабильности, которая должна быть основой для умеренного роста в ближайшем будущем. Актуальный прогноз AEБ по продажам пассажирских и коммерческих автомобилей в 2013 году: • 4 квартал: 740 000 единиц, близко к уровню 2012 года с 748 000 автомобилей • Полный год: 2.79 млн единиц, или на 5.1% ниже уровня 2012 года (2.94 млн)». Контакты: Ольга Зуева, координатор Комитета автопроизводителей АЕБ olga.zueva@aebrus.ru , тел. (+7 495) 234 27 64 Юлия Щеглова, менеджер проектов по исследованию рынка и статистики АЕБ yuliya.sheglova@aebrus.ru , тел. (+7 495) 234 27 64 -------------------------------------------------------------- Приложения: 1. Продажи новых легковых и легких коммерческих автомобилей в России за периоды январь-сентябрь 2013/2012 г. и сентябрь 2013/2012 г. 2. Продажи новых легковых и легких коммерческих автомобилей по группам за периоды январь-сентябрь 2013/2012 г. и сентябрь 2013/2012 г. 3. 25 наиболее продаваемых моделей легковых автомобилей в России за периоды сентябрь 2013 г. и сентябрь 2012 г. ASSOCIATION OF EUROPEAN BUSINESSES RUSSIAN FEDERATION Ulitsa Krasnoproletarskaya 16, bld. 3, Moscow, 127473 Tel +7 495 234 2764 Fax +7 495 234 2807 info@aebrus.ru http://www.aebrus.ru АССОЦИАЦИЯ ЕВРОПЕЙСКОГО БИЗНЕСА РОССИЙСКАЯ ФЕДЕРАЦИЯ, 127473 Москва ул. Краснопролетарская, д. 16 стр. 3 Тел. +7 495 234 2764 Факс +7 495 234 2807 info@aebrus.ru http://www.aebrus.ru",2013-10-08,,,
Sales in August_Rus_final.pdf,https://aebrus.ru/upload/iblock/391/391ab308fb2cb4cd2113b42ccf4dc1c1.pdf,https://aebrus.ru/ru/media/press-releases/sales-of-cars-and-light-commercial-vehicles.php?PAGEN_1=8#search,aeb_rus_sales_data\pdf\391ab308fb2cb4cd2113b42ccf4dc1c1.pdf,aeb_rus_sales_data\text\391ab308fb2cb4cd2113b42ccf4dc1c1.txt,5,"AEB SPONSORS 2013  Allianz IC OJSC  Alstom  Aon Hewitt  Atos  Awara Group  Bank Credit Suisse (Moscow)  BNP Paribas  BP  BSH Group  Cargill Enterprises Inc.  Clifford Chance  CMS, Russia  Continental Tires RUS LLC  Deloitte  DHL  DuPont Science & Technologies  E.ON Global Commodities SE  Enel OGK 5  Eni S.p.A  Ernst & Young  GDF SUEZ  Gestamp Russia  HeidelbergCement  ING Commercial Banking  INVESTMENT COMPANY IC RUSS-INVEST  John Deere Agricultural Holdings, Inc.  KPMG  LEROY MERLIN Russia  MAN Truck & Bus AG  Mercedes-Benz Russia  Messe Frankfurt Rus, O.O.O  METRO Group  Michelin  MOL Plc  Novartis Group  OBI Russia  Oranta  Pepeliaev Group, LLC  Pirelli Tyre Russia  PwC  Procter & Gamble  Raiffeisenbank ZAO  ROCA  SERVIER  Shell Exploration & Production Services (RF) B.V.  Statoil ASA  Stanton Chase International  Telenor Russia AS  TMF Russia  Total E&P Russie  Volkswagen Group Rus OOO  Volvo Cars LLC  VSK  YIT Rakennus Representative Office  YOKOHAMA RUSSIA LLC  Zurich Insurance Company Москва, 9 сентября 2013 г. Пресс-релиз Негативная тенденция развития рынка сохраняется в августе 2013  Продажи новых легковых и легких коммерческих автомобилей в России в августе 2013 года снизились на 10%.  В десятке лидеров по моделям среди новых марок легковых автомобилей десять моделей местного производства. В августе 2013 г. объем продаж на российском автомобильном рынке снизился на 10% (т.е. 231.915 штук), что на 27.136 штук проданных новых легковых и легких коммерческих автомобилей меньше по сравнению с тем же периодом 2012 года (данные Комитета автопроизводителей АЕБ). За период январь-август 2013 г. российский автомобильный рынок также показал падение (-7%), по сравнению с тем же периодом 2012 года. Комментирует Йорг Шрайбер, Председатель Комитета автопроизводителей АЕБ: «Изначально ожидания в отношении августа были весьма умеренными. В этом смысле результат, который был достигнут, не выглядит разочаровывающим. Август с 232 тыс. проданных автомобилей оказался немного (на 1%) слабее июля, что является довольно типичным сезонным распределением спроса. Несомненно, разница с августом прошлого года, когда были проданы рекордные 259 тыс. автомобилей, более очевидна. Однако, при таком сравнении необходимо учитывать однократный эффект введения утилизационного сбора год назад. Заглядывая вперед, мы не теряем надежды на то, что рынок имеет хорошие шансы стабилизироваться к концу этого года». Контакты: Ольга Зуева, координатор Комитета автопроизводителей АЕБ olga.zueva@aebrus.ru , тел. (+7 495) 234 27 64 Юлия Щеглова, менеджер проектов по исследованию рынка и статистики АЕБ yuliya.sheglova@aebrus.ru , тел. (+7 495) 234 27 64 -------------------------------------------------------------- Приложения: 1. Продажи новых легковых и легких коммерческих автомобилей в России за периоды январь-август 2013/2012 г. и август 2013/2012 г. 2. Продажи новых легковых и легких коммерческих автомобилей по группам за периоды январь-август 2013/2012 г. и август 2013/2012 г. 3. 25 наиболее продаваемых моделей легковых автомобилей в России за периоды август 2013 г. и август 2012 г. ASSOCIATION OF EUROPEAN BUSINESSES RUSSIAN FEDERATION Ulitsa Krasnoproletarskaya 16, bld. 3, Moscow, 127473 Tel +7 495 234 2764 Fax +7 495 234 2807 info@aebrus.ru http://www.aebrus.ru АССОЦИАЦИЯ ЕВРОПЕЙСКОГО БИЗНЕСА РОССИЙСКАЯ ФЕДЕРАЦИЯ, 127473 Москва ул. Краснопролетарская, д. 16 стр. 3 Тел. +7 495 234 2764 Факс +7 495 234 2807 info@aebrus.ru http://www.aebrus.ru",2013-09-09,,,
Sales in July_Rus_08.08.pdf,https://aebrus.ru/upload/iblock/2d9/2d96565641fd3523759627ef9d36c132.pdf,https://aebrus.ru/ru/media/press-releases/sales-of-cars-and-light-commercial-vehicles.php?PAGEN_1=8#search,aeb_rus_sales_data\pdf\2d96565641fd3523759627ef9d36c132.pdf,aeb_rus_sales_data\text\2d96565641fd3523759627ef9d36c132.txt,5,"AEB SPONSORS 2013  Allianz IC OJSC  Alstom  Aon Hewitt  Atos  Awara Group  Bank Credit Suisse (Moscow)  BNP Paribas  BP  BSH Group  Cargill Enterprises Inc.  Clifford Chance  CMS, Russia  Continental Tires RUS LLC  Deloitte  DHL  DuPont Science & Technologies  E.ON Global Commodities SE  Enel OGK 5  Eni S.p.A  Ernst & Young  GDF SUEZ  Gestamp Russia  HeidelbergCement  ING Commercial Banking  INVESTMENT COMPANY IC RUSS-INVEST  John Deere Agricultural Holdings, Inc.  KPMG  LEROY MERLIN Russia  MAN Truck & Bus AG  Mercedes-Benz Russia  Messe Frankfurt Rus, O.O.O  METRO Group  Michelin  MOL Plc  Novartis Group  OBI Russia  Oranta  Pirelli Tyre Russia  PwC  Procter & Gamble  Raiffeisenbank ZAO  ROCA  SERVIER  Shell Exploration & Production Services (RF) B.V.  Statoil ASA  Telenor Russia AS  TMF Russia  Total E&P Russie  Volkswagen Group Rus OOO  Volvo Cars LLC  VSK  YIT Rakennus Representative Office  YOKOHAMA RUSSIA LLC  Zurich Insurance Company Москва, 8 августа 2013 г. Пресс-релиз Негативная тенденция развития рынка сохраняется в июле 2013  Продажи новых легковых и легких коммерческих автомобилей в России в июле 2013 года снизились на 8%.  В десятке лидеров по моделям среди новых марок легковых автомобилей десять моделей местного производства В июле 2013 г. объем продаж на российском автомобильном рынке снизился на 8% (т.е. 234.569 штук), что на 21.357 штуки проданных новых легковых и легких коммерческих автомобилей меньше по сравнению с тем же периодом 2012 года (данные Комитета автопроизводителей АЕБ). За период январь-июль 2013 г. российский автомобильный рынок также показал падение (-6%), по сравнению с тем же периодом 2012 года. Комментирует Йорг Шрайбер, Председатель Комитета автопроизводителей АЕБ: «На протяжении ряда последних месяцев рынок был не в лучшей форме, и прошедший июль изменений к лучшему не принес. Несмотря на то, что темпы замедления рынка достигли максимума во 2-ом квартале, есть причины, по которым мы можем ожидать постепенного улучшения ситуации в ближайшие месяцы вплоть до точки стабилизации рынка. Недавно анонсированная государственная программа субсидирования автокредитов будет полезной для скорейшего достижения этой точки, и остается только приветствовать данную инициативу правительства». Контакты: Ольга Зуева, координатор Комитета автопроизводителей АЕБ olga.zueva@aebrus.ru , тел. (+7 495) 234 27 64 Юлия Щеглова, менеджер проектов по исследованию рынка и статистики АЕБ yuliya.sheglova@aebrus.ru , тел. (+7 495) 234 27 64 -------------------------------------------------------------- Приложения: 1. Продажи новых легковых и легких коммерческих автомобилей в России за периоды январь-июль 2013/2012 г. и июль 2013/2012 г. 2. Продажи новых легковых и легких коммерческих автомобилей по группам за периоды январь-июль 2013/2012 г. и июль 2013/2012 г. 3. 25 наиболее продаваемых моделей легковых автомобилей в России за периоды июль 2013 г. и июль 2012 г. ASSOCIATION OF EUROPEAN BUSINESSES RUSSIAN FEDERATION Ulitsa Krasnoproletarskaya 16, bld. 3, Moscow, 127473 Tel +7 495 234 2764 Fax +7 495 234 2807 info@aebrus.ru http://www.aebrus.ru АССОЦИАЦИЯ ЕВРОПЕЙСКОГО БИЗНЕСА РОССИЙСКАЯ ФЕДЕРАЦИЯ, 127473 Москва ул. Краснопролетарская, д. 16 стр. 3 Тел. +7 495 234 2764 Факс +7 495 234 2807 info@aebrus.ru http://www.aebrus.ru",2013-08-08,,,
Sales in June_Rus_Final.pdf,https://aebrus.ru/upload/iblock/d6e/d6ef4782373575fe794d1c784f9d3f49.pdf,https://aebrus.ru/ru/media/press-releases/sales-of-cars-and-light-commercial-vehicles.php?PAGEN_1=8#search,aeb_rus_sales_data\pdf\d6ef4782373575fe794d1c784f9d3f49.pdf,aeb_rus_sales_data\text\d6ef4782373575fe794d1c784f9d3f49.txt,5,"AEB SPONSORS 2013  Allianz IC OJSC  Alstom  Aon Hewitt  Atos  Awara Group  Bank Credit Suisse (Moscow)  BNP Paribas  BP  BSH Group  Cargill Enterprises Inc.  Clifford Chance  CMS, Russia  Continental Tires RUS LLC  Deloitte  DHL  DuPont Science & Technologies  E.ON Global Commodities SE  Enel OGK 5  Eni S.p.A  Ernst & Young  GDF SUEZ  Gestamp Russia  HeidelbergCement  ING Commercial Banking  INVESTMENT COMPANY IC RUSS-INVEST  John Deere Agricultural Holdings, Inc.  KPMG  LEROY MERLIN Russia  MAN Truck & Bus AG  Mercedes-Benz Russia  Messe Frankfurt Rus, O.O.O  METRO Group  Michelin  MOL Plc  Novartis Group  OBI Russia  Oranta  Pirelli Tyre Russia  PwC  Procter & Gamble  Raiffeisenbank ZAO  ROCA  SERVIER  Shell Exploration & Production Services (RF) B.V.  Statoil ASA  Telenor Russia AS  TMF Russia  Total E&P Russie  Volkswagen Group Rus OOO  Volvo Cars LLC  VSK  YIT Rakennus Representative Office  YOKOHAMA RUSSIA LLC  Zurich Insurance Company Москва, 8 июля 2013 г. Пресс-релиз Негативная тенденция развития рынка сохраняется в июне 2013  Продажи новых легковых и легких коммерческих автомобилей в России в июне 2013 года снизились на 11%.  В десятке лидеров по моделям среди новых марок легковых автомобилей десять моделей местного производства В июне 2013 г. объем продаж на российском автомобильном рынке снизился на 11% (т.е. 241.346 штук), что на 31.254 штуки проданных новых легковых и легких коммерческих автомобилей меньше по сравнению с тем же периодом 2012 года (данные Комитета автопроизводителей АЕБ). За период январь-июнь 2013 г. российский автомобильный рынок также показал падение (-6%), по сравнению с тем же периодом 2012 года. Комментирует Йорг Шрайбер, Председатель Комитета автопроизводителей АЕБ: «Я думаю, стало очевидно, что в целом российский автомобильный рынок в настоящее время находится не в лучшей форме. 2-ой квартал завершился с результатом на 10% ниже прошлогоднего, и уже ясно, что это не то, на что надеялись участники рынка после сбалансированного 1-ого квартала. Сейчас вопрос заключается в том, сможет ли улучшиться ситуация на рынке во 2-ой половине года. Я лично верю в то, что такое возможно, и шансы на это возросли после объявления планов правительства о субсидировании ставки розничного кредитования при покупке автомобиля. Мы надеемся, что эти планы быстро воплотятся в жизнь, и положительный эффект от их внедрения скажется в ближайшие месяцы». Контакты: Ольга Зуева, координатор Комитета автопроизводителей АЕБ olga.zueva@aebrus.ru , тел. (+7 495) 234 27 64 Юлия Щеглова, менеджер проектов по исследованию рынка и статистики АЕБ yuliya.sheglova@aebrus.ru , тел. (+7 495) 234 27 64 -------------------------------------------------------------- Приложения: 1. Продажи новых легковых и легких коммерческих автомобилей в России за периоды январь-июнь 2013/2012 г. и июнь 2013/2012 г. 2. Продажи новых легковых и легких коммерческих автомобилей по группам за периоды январь-июнь 2013/2012 г. и июнь 2013/2012 г. 3. 25 наиболее продаваемых моделей легковых автомобилей в России за периоды июнь 2013 г. и июнь 2012 г. ASSOCIATION OF EUROPEAN BUSINESSES RUSSIAN FEDERATION Ulitsa Krasnoproletarskaya 16, bld. 3, Moscow, 127473 Tel +7 495 234 2764 Fax +7 495 234 2807 info@aebrus.ru http://www.aebrus.ru АССОЦИАЦИЯ ЕВРОПЕЙСКОГО БИЗНЕСА РОССИЙСКАЯ ФЕДЕРАЦИЯ, 127473 Москва ул. Краснопролетарская, д. 16 стр. 3 Тел. +7 495 234 2764 Факс +7 495 234 2807 info@aebrus.ru http://www.aebrus.ru",2013-07-08,,,
Sales in May_Rus_final.pdf,https://aebrus.ru/upload/iblock/704/70449a1de403427f047cd69fb2913707.pdf,https://aebrus.ru/ru/media/press-releases/sales-of-cars-and-light-commercial-vehicles.php?PAGEN_1=8#search,aeb_rus_sales_data\pdf\70449a1de403427f047cd69fb2913707.pdf,aeb_rus_sales_data\text\70449a1de403427f047cd69fb2913707.txt,5,"AEB SPONSORS 2013 Allianz IC OJSC Alstom Aon Hewitt Atos Bank Credit Suisse (Moscow) BP BSH Group Cargill Enterprises Inc. Clifford Chance CMS, Russia Continental Tires RUS LLC Deloitte DHL DuPont Science & Technologies E.ON Ruhrgas AG Enel OGK 5 Eni S.p.A Ernst & Young GDF SUEZ Gestamp Russia HeidelbergCement ING Commercial Banking INVESTMENT COMPANY IC RUSS-INVEST John Deere Agricultural Holdings, Inc. KPMG LEROY MERLIN Russia MAN Truck & Bus AG Mercedes-Benz Russia Messe Frankfurt Rus, O.O.O METRO Group Michelin MOL Plc Novartis Group OBI Russia Oranta Pirelli Tyre Russia PwC Procter & Gamble Raiffeisenbank ZAO ROCA SERVIER Shell Exploration & Production Services (RF) B.V. Statoil ASA Strana Detey Telenor Russia AS TMF Russia Total E&P Russie Volkswagen Group Rus OOO Volvo Cars LLC VSK YIT Rakennus Representative Office YOKOHAMA RUSSIA LLC Zurich Insurance Company Москва, 10 июня 2013 г. Пресс-релиз Негативная тенденция развития рынка сохраняется в мае 2013  Продажи новых легковых и легких коммерческих автомобилей в России в мае 2013 года снизились на 12%.  По итогам года в десятке лидеров по моделям среди новых марок легковых автомобилей десять моделей местного производства В мае 2013 г. объем продаж на российском автомобильном рынке снизился на 12% (т.е. 229.670 штук), что на 31.791 штуки проданных новых легковых и легких коммерческих автомобилей меньше по сравнению с тем же периодом 2012 года (данные Комитета автопроизводителей АЕБ). За период январь-май 2013 г. российский автомобильный рынок также показал падение (-4%), по сравнению с тем же периодом 2012 года. Комментирует Йорг Шрайбер, Председатель Комитета автопроизводителей АЕБ: «К сожалению, тренд падения автомобильных продаж, отмечавшийся в России в течение последних трех месяцев, сохраняется и даже усиливается. Участники рынка обеспокоены данной ситуацией и предполагают низкий спрос до ожидаемого во второй половине года постепенного увеличения. Дальнейшее развитие ситуации будет зависеть в том числе и от того, какие шаги правительство готово предпринять для стимулирования экономического роста в целом и личного потребления, в частности. В свете последних тенденций, Комитет автопроизводителей корректирует свой годовой прогноз по продажам легковых и легких коммерческих автомобилей в 2013 году до 2 800 000 штук, что на 150 000 единиц, или на 5% меньше по сравнению с показателями продаж в 2012 году». Контакты: Ольга Зуева, координатор Комитета автопроизводителей АЕБ olga.zueva@aebrus.ru , тел. (+7 495) 234 27 64 Юлия Щеглова, Руководитель проекта по исследованию рынка и статистики АЕБ yuliya.sheglova@aebrus.ru , тел. (+7 495) 234 27 64 -------------------------------------------------------------- Приложения: 1. Продажи новых легковых и легких коммерческих автомобилей в России за периоды январь-май 2013/2012 г. и май 2013/2012 г. 2. Продажи новых легковых и легких коммерческих автомобилей по группам за периоды январь-май 2013/2012 г. и май 2013/2012 г. 3. 25 наиболее продаваемых моделей легковых автомобилей в России за периоды май 2013 г. и май 2012 г. ASSOCIATION OF EUROPEAN BUSINESSES RUSSIAN FEDERATION Ulitsa Krasnoproletarskaya 16, bld. 3, Moscow, 127473 Tel +7 495 234 2764 Fax +7 495 234 2807 info@aebrus.ru http://www.aebrus.ru АССОЦИАЦИЯ ЕВРОПЕЙСКОГО БИЗНЕСА РОССИЙСКАЯ ФЕДЕРАЦИЯ, 127473 Москва ул. Краснопролетарская, д. 16 стр. 3 Тел. +7 495 234 2764 Факс +7 495 234 2807 info@aebrus.ru http://www.aebrus.ru",2013-06-10,,,
Sales in April_Rus_final.pdf,https://aebrus.ru/upload/iblock/8da/8dab6e1c8990eef10baba9cae24bb8b8.pdf,https://aebrus.ru/ru/media/press-releases/sales-of-cars-and-light-commercial-vehicles.php?PAGEN_1=8#search,aeb_rus_sales_data\pdf\8dab6e1c8990eef10baba9cae24bb8b8.pdf,aeb_rus_sales_data\text\8dab6e1c8990eef10baba9cae24bb8b8.txt,5,"AEB SPONSORS 2013 Allianz IC OJSC Alstom Aon Hewitt Atos Bank Credit Suisse (Moscow) BP BSH Group Cargill Enterprises Inc. Clifford Chance CMS, Russia Continental Tires RUS LLC Deloitte DHL DuPont Science & Technologies E.ON Ruhrgas AG Enel OGK 5 Eni S.p.A Ernst & Young GDF SUEZ Gestamp Russia HeidelbergCement ING Commercial Banking INVESTMENT COMPANY IC RUSS-INVEST John Deere Agricultural Holdings, Inc. KPMG LEROY MERLIN Russia MAN Truck & Bus AG Mercedes-Benz Russia Messe Frankfurt Rus, O.O.O METRO Group Michelin MOL Plc Novartis Group OBI Russia Oranta Pirelli Tyre Russia PwC Procter & Gamble Raiffeisenbank ZAO ROCA SERVIER Shell Exploration & Production Services (RF) B.V. Statoil ASA Strana Detey Telenor Russia AS TMF Russia Total E&P Russie Volkswagen Group Rus OOO Volvo Cars LLC VSK YIT Rakennus Representative Office YOKOHAMA RUSSIA LLC Zurich Insurance Company Москва, 15 мая 2013 г. Пресс-релиз Темпы продаж в апреле 2013 года продолжают замедляться  Продажи новых легковых и легких коммерческих автомобилей в России в апреле 2013 года снизились на 8%.  По итогам года в десятке лидеров по моделям среди новых марок легковых автомобилей десять моделей местного производства В апреле 2013 г. объем продаж на российском автомобильном рынке снизился на 8% (т.е. 245.334 штук), что на 21.263 штуки проданных новых легковых и легких коммерческих автомобилей меньше по сравнению с тем же периодом 2012 года (данные Комитета автопроизводителей АЕБ). За период январь-апрель 2013 г. российский автомобильный рынок также показал небольшое падение (-2%), по сравнению с тем же периодом 2012 года. Комментирует Йорг Шрайбер, Председатель Комитета автопроизводителей АЕБ: «На протяжении двух последних лет апрельские продажи обычно превосходили мартовские на 6%. В этом году традиционный апрельский подъем не наблюдался, что явилось следствием слабого розничного контрактования в первом квартале. Апрель не принес положительных новостей и по этому показателю. Таким образом, становится очевидным, что рынок вряд ли достигнет рекордных показателей первой половины 2012 года. AEB будет продолжать следить за дальнейшим развитием событий - в июне месяце планируется выпустить обновленный прогноз на 2013 год». Контакты: Ольга Зуева, координатор Комитета автопроизводителей АЕБ olga.zueva@aebrus.ru , тел. (+7 495) 234 27 64 Юлия Щеглова, Руководитель проекта по исследованию рынка и статистики АЕБ yuliya.sheglova@aebrus.ru , тел. (+7 495) 234 27 64 -------------------------------------------------------------- Приложения: 1. Продажи новых легковых и легких коммерческих автомобилей в России за периоды январь-апрель 2013/2012 г. и апрель 2013/2012 г. 2. Продажи новых легковых и легких коммерческих автомобилей по группам за периоды январь-апрель 2013/2012 г. и апрель 2013/2012 г. 3. 25 наиболее продаваемых моделей легковых автомобилей в России за периоды апрель 2013 г. и апрель 2012 г. ASSOCIATION OF EUROPEAN BUSINESSES RUSSIAN FEDERATION Ulitsa Krasnoproletarskaya 16, bld. 3, Moscow, 127473 Tel +7 495 234 2764 Fax +7 495 234 2807 info@aebrus.ru http://www.aebrus.ru АССОЦИАЦИЯ ЕВРОПЕЙСКОГО БИЗНЕСА РОССИЙСКАЯ ФЕДЕРАЦИЯ, 127473 Москва ул. Краснопролетарская, д. 16 стр. 3 Тел. +7 495 234 2764 Факс +7 495 234 2807 info@aebrus.ru http://www.aebrus.ru",2013-05-15,,,
Sales in March_Rus_final.pdf,https://aebrus.ru/upload/iblock/768/768cf784c4da373665b2c30fc9dbad2b.pdf,https://aebrus.ru/ru/media/press-releases/sales-of-cars-and-light-commercial-vehicles.php?PAGEN_1=8#search,aeb_rus_sales_data\pdf\768cf784c4da373665b2c30fc9dbad2b.pdf,aeb_rus_sales_data\text\768cf784c4da373665b2c30fc9dbad2b.txt,5,"AEB SPONSORS 2013 Allianz IC OJSC Alstom Aon Hewitt Atos Bank Credit Suisse (Moscow) BP BSH Group Cargill Enterprises Inc. Clifford Chance CMS, Russia Continental Tires RUS LLC Deloitte DHL DuPont Science & Technologies E.ON Ruhrgas AG Enel OGK 5 Eni S.p.A Ernst & Young GDF SUEZ Gestamp Russia HeidelbergCement ING Commercial Banking INVESTMENT COMPANY IC RUSS-INVEST John Deere Agricultural Holdings, Inc. KPMG LEROY MERLIN Russia MAN Truck & Bus AG Mercedes-Benz Russia Messe Frankfurt Rus, O.O.O METRO Group Michelin MOL Plc Novartis Group OBI Russia Oranta Pirelli Tyre Russia PwC Procter & Gamble Raiffeisenbank ZAO ROCA SERVIER Shell Exploration & Production Services (RF) B.V. Statoil ASA Strana Detey Telenor Russia AS TMF Russia Total E&P Russie Volkswagen Group Rus OOO Volvo Cars LLC VSK YIT Rakennus Representative Office YOKOHAMA RUSSIA LLC Zurich Insurance Company Москва, 08 апреля 2013 г. Пресс-релиз Замедление продаж в первом квартале 2013  Продажи новых легковых и легких коммерческих автомобилей в России в марте 2013 года снизились на 4%.  В десятке лидеров по моделям среди новых легковых автомобильных марок по итогам года, десять моделей местного производства В марте 2013 г. российский автомобильный рынок снизился на 4% (т.е. 244.030 штук) или на 9.070 штук проданных новых легковых и легких коммерческих автомобилей меньше по сравнению с тем же периодом 2012 года (данные Комитета автопроизводителей АЕБ). За период январь-март 2013 г. российский автомобильный рынок остался на том же уровне, что и в тот же период 2012 года. Комментирует Йорг Шрайбер, Председатель Комитета автопроизводителей АЕБ: «Снижение продаж в марте на 4% по сравнению с аналогичным периодом прошлого года уравновесило небольшой подъем рынка в январе-феврале. В результате, в первом квартале 2013 года рынок зафиксировался на прошлогоднем уровне в соответствии с прогнозом на 2013 г., сделанным АЕБ в начале года. Прогноз все еще актуален, но мы должны следить за развитием событий. Заказы на новые автомобили в первые 3 месяца 2013 года не достигли того значительного уровня, который был отмечен год назад. Одной из возможных причин этого может быть затянувшийся зимний сезон. Мы все же надеемся, что с окончательным наступлением весны активность покупателей возрастет и будет способствовать устойчивым продажам во втором квартале». Контакты: Ольга Зуева, координатор Комитета автопроизводителей АЕБ olga.zueva@aebrus.ru , тел. (+7 495) 234 27 64 Юлия Щеглова, Руководитель проекта по исследованию рынка и статистики АЕБ yuliya.sheglova@aebrus.ru , тел. (+7 495) 234 27 64 -------------------------------------------------------------- Приложения: 1. Продажи новых легковых и легких коммерческих автомобилей в России за периоды январь-март 2013/2012 г. и март 2013/2012 г. 2. Продажи новых легковых и легких коммерческих автомобилей по группам за периоды январь-март 2013/2012 г. и март 2013/2012 г. 3. 25 наиболее продаваемых моделей легковых автомобилей в России за периоды март 2013 г. и март 2012 г. ASSOCIATION OF EUROPEAN BUSINESSES RUSSIAN FEDERATION Ulitsa Krasnoproletarskaya 16, bld. 3, Moscow, 127473 Tel +7 495 234 2764 Fax +7 495 234 2807 info@aebrus.ru http://www.aebrus.ru АССОЦИАЦИЯ ЕВРОПЕЙСКОГО БИЗНЕСА РОССИЙСКАЯ ФЕДЕРАЦИЯ, 127473 Москва ул. Краснопролетарская, д. 16 стр. 3 Тел. +7 495 234 2764 Факс +7 495 234 2807 info@aebrus.ru http://www.aebrus.ru",2013-04-08,,,
Sales_in_February_2013_Rus_final_file_releases_2013_03_13_09_46_43.pdf,https://aebrus.ru/upload/iblock/447/4477f09844e92087ea0ecaeb79553326.pdf,https://aebrus.ru/ru/media/press-releases/sales-of-cars-and-light-commercial-vehicles.php?PAGEN_1=8#search,aeb_rus_sales_data\pdf\4477f09844e92087ea0ecaeb79553326.pdf,aeb_rus_sales_data\text\4477f09844e92087ea0ecaeb79553326.txt,5,"AEB SPONSORS 2012-2013 1C:BIT Allianz IC OJSC Alstom Aon Hewitt Atos Bank Credit Suisse (Moscow) Bank WestLB Vostok ZAO BP BSH Group Cargill Enterprises Inc. Clifford Chance CMS, Russia Continental Tires RUS LLC Deloitte DHL DuPont Science & Technologies E.ON Ruhrgas AG Enel OGK 5 Eni S.p.A Ernst & Young GDF SUEZ Gestamp Russia HeidelbergCement In2Matrix, LLC ING Commercial Banking INVESTMENT COMPANY IC RUSS-INVEST John Deere Agricultural Holdings, Inc. KPMG LEROY MERLIN Russia MAN Truck & Bus AG MasterCard Mazars Mercedes-Benz Russia Messe Frankfurt Rus, O.O.O METRO Group Michelin MOL Plc Novartis Group OBI Russia Oranta Peugeot Citroen Rus Pirelli Tyre Russia PwC Procter & Gamble Raiffeisenbank ZAO ROCA SERVIER Shell Exploration & Production Services (RF) B.V. Statoil ASA Strana Detey Telenor Russia AS TMF Russia Total E&P Russie Volkswagen Group Rus OOO Volvo Cars LLC VSK YIT Rakennus Representative Office YOKOHAMA RUSSIA LLC Zurich Insurance Company Москва, 11 марта 2013 г. Пресс-релиз Стабильные показатели в феврале 2013  Продажи новых легковых и легких коммерческих автомобилей в России в феврале 2013 года выросли на 2%.  В десятке лидеров по моделям среди новых легковых автомобильных марок по итогам года, девять моделей местного производства В феврале 2013 г. российский автомобильный рынок вырос на 2% (т.е. 210.666 штук) или на 3.362 штук проданных новых легковых и легких коммерческих автомобилей по сравнению с тем же периодом 2012 года (данные Комитета автопроизводителей АЕБ). За период январь-февраль 2013 г. российский автомобильный рынок вырос на 3% или на 10.826 штук проданных новых легковых и легких коммерческих автомобилей по сравнению с тем же периодом 2012 года. Комментирует Йорг Шрайбер, Председатель Комитета автопроизводителей АЕБ: «В феврале обошлось без сюрпризов – розничные продажи стабильны и примерно соответствуют продажам за тот же период прошлого года. Данная ситуация характерна для нескольких последних месяцев. Такая относительная стабильность – новое явление для всегда динамичного российского автомобильного рынка. Большинство его игроков ожидают, что с высокой вероятностью консолидация рынка будет иметь место и в последующие месяцы.» Контакты: Ольга Зуева, координатор Комитета автопроизводителей АЕБ olga.zueva@aebrus.ru , тел. (+7 495) 234 27 64 Юлия Щеглова, Руководитель проекта по исследованию рынка и статистики АЕБ yuliya.sheglova@aebrus.ru , тел. (+7 495) 234 27 64 -------------------------------------------------------------- Приложения: 1. Продажи новых легковых и легких коммерческих автомобилей в России за периоды январь-февраль 2013/2012 г. и февраль 2013/2012 г. 2. Продажи новых легковых и легких коммерческих автомобилей по группам за периоды январь-февраль 2013/2012 г. и февраль 2013/2012 г. 3. 25 наиболее продаваемых моделей легковых автомобилей в России за периоды февраль 2013 г. и февраль 2012 г. ASSOCIATION OF EUROPEAN BUSINESSES RUSSIAN FEDERATION Ulitsa Krasnoproletarskaya 16, bld. 3, Moscow, 127473 Tel +7 495 234 2764 Fax +7 495 234 2807 info@aebrus.ru http://www.aebrus.ru АССОЦИАЦИЯ ЕВРОПЕЙСКОГО БИЗНЕСА РОССИЙСКАЯ ФЕДЕРАЦИЯ, 127473 Москва ул. Краснопролетарская, д. 16 стр. 3 Тел. +7 495 234 2764 Факс +7 495 234 2807 info@aebrus.ru http://www.aebrus.ru",2013-03-11,,,
Sales_in_January_2013_Rus_file_releases_2013_02_08_18_00_51.pdf,https://aebrus.ru/upload/iblock/2c8/2c8762a4542d4157dee9a0a100237a57.pdf,https://aebrus.ru/ru/media/press-releases/sales-of-cars-and-light-commercial-vehicles.php?PAGEN_1=8#search,aeb_rus_sales_data\pdf\2c8762a4542d4157dee9a0a100237a57.pdf,aeb_rus_sales_data\text\2c8762a4542d4157dee9a0a100237a57.txt,5,"AEB SPONSORS 2012-2013 •1C:BIT • Allianz IC OJSC • Alstom • Aon Hewitt • Atos • Bank Credit Suisse (Moscow) • Bank WestLB Vostok ZAO • BP • BSH Group • Cargill Enterprises Inc. • Clifford Chance • CMS, Russia • Continental Tires RUS LLC • Deloitte • DHL • DuPont Science & Technologies • E.ON Ruhrgas AG • Enel OGK 5 • Eni S.p.A • Ernst & Young • GDF SUEZ • Gestamp Russia • HeidelbergCement • In2Matrix, LLC • ING Commercial Banking • INVESTMENT COMPANY IC RUSS-INVEST• John Deere Agricultural Holdings, Inc. • KPMG • LEROY MERLIN Russia • MAN Truck & Bus AG • MasterCard • Mazars • Mercedes-Benz Russia • Messe Frankfurt Rus, O.O.O • METRO Group • Michelin • MOL Plc • Novartis Group • OBI Russia • Oranta • Peugeot Citroen Rus • Pirelli Tyre Russia • PwC • Procter & Gamble • Raiffeisenbank ZAO • ROCA • SERVIER • Shell Exploration & Production Services (RF) B.V. • Statoil ASA • Strana Detey • Telenor Russia AS • TMF Russia • Total E&P Russie • • Volkswagen Group Rus OOO • Volvo Cars LLC • VSK • YIT Rakennus Representative Office • YOKOHAMA RUSSIA LLC • Zurich Insurance Company Москва, 08 февраля 2013 г. Пресс-релиз Рост продаж 5% – обнадеживающее начало года. • Продажи новых легковых и легких коммерческих автомобилей в России в январе 2013 года выросли на 5%. • В десятке лидеров по моделям среди новых легковых автомобильных марок по итогам года, девять моделей местного производства. В январе 2013 г. российский автомобильный рынок вырос на 5% или на 7.464 штук проданных новых легковых и легких коммерческих автомобилей по сравнению с январем 2012 года (данные Комитета автопроизводителей АЕБ). Комментирует Йорг Шрайбер, Председатель Комитета автопроизводителей АЕБ: «В прошлом году российский автомобильный рынок поставил рекорд продаж, что было достигнуто при сильном росте рынка в первом полугодии и последующем замедлении роста, вплоть до стагнации, во втором полугодии. Поэтому 5%-ый рост рынка, зафиксированный в январе 2013 года по отношению к соответствующему периоду прошлого года, – очень хороший сигнал. Мы замечаем, что в целом по индустрии активность покупателей увеличивается в связи с текущими привлекательными условиями покупки и уменьшением времени ожидания широкого круга моделей. Весенний высокий сезон продаж только начинается, и в феврале и марте у нас будет возможность увидеть, в каком направлении движется рынок в 2013 году. Пока же все выглядит очень неплохо.» Контакты: Наталья Заболтина, пресс-секретарь АЕБ, natalia.zaboltina@aebrus.ru, тел. (+7 495) 234 27 64 Ольга Зуева, координатор Комитета автопроизводителей АЕБ, olga.zueva@aebrus.ru , тел. (+7 495) 234 27 64 Юлия Щеглова, Руководитель проекта по исследованию рынка и статистики АЕБ, yuliya.sheglova@aebrus.ru , тел. (+7 495) 234 27 64 -------------------------------------------------------------- Приложения: 1. Продажи новых легковых и легких коммерческих автомобилей в России за периоды январь 2013 г. и январь 2012 г. 2. Продажи новых легковых и легких коммерческих автомобилей по группам за периоды январь 2013 г. и январь 2012 г. 3. 25 наиболее продаваемых моделей легковых автомобилей в России за периоды январь 2013 г. и январь 2012 г. ASSOCIATION OF EUROPEAN BUSINESSES RUSSIAN FEDERATION Ulitsa Krasnoproletarskaya 16, bld. 3, Moscow, 127473 Tel +7 495 234 2764 Fax +7 495 234 2807 info@aebrus.ru http://www.aebrus.ru АССОЦИАЦИЯ ЕВРОПЕЙСКОГО БИЗНЕСА РОССИЙСКАЯ ФЕДЕРАЦИЯ, 127473 Москва ул. Краснопролетарская, д. 16 стр. 3 Тел. +7 495 234 2764 Факс +7 495 234 2807 info@aebrus.ru http://www.aebrus.ru",2013-02-08,,,
